ISO-10303-21;
HEADER;
FILE_DESCRIPTION(('FreeCAD Model'),'2;1');
FILE_NAME('/var/www/3D/0T/6648.3.3.stp','2018-11-28T17:38:14',('Author')
  ,(''),'Open CASCADE STEP processor 6.8','FreeCAD','Unknown');
FILE_SCHEMA(('AUTOMOTIVE_DESIGN_CC2 { 1 2 10303 214 -1 1 5 4 }'));
ENDSEC;
DATA;
#1 = APPLICATION_PROTOCOL_DEFINITION('committee draft',
  'automotive_design',1997,#2);
#2 = APPLICATION_CONTEXT(
  'core data for automotive mechanical design processes');
#3 = SHAPE_DEFINITION_REPRESENTATION(#4,#10);
#4 = PRODUCT_DEFINITION_SHAPE('','',#5);
#5 = PRODUCT_DEFINITION('design','',#6,#9);
#6 = PRODUCT_DEFINITION_FORMATION('','',#7);
#7 = PRODUCT('ASSEMBLY','ASSEMBLY','',(#8));
#8 = MECHANICAL_CONTEXT('',#2,'mechanical');
#9 = PRODUCT_DEFINITION_CONTEXT('part definition',#2,'design');
#10 = SHAPE_REPRESENTATION('',(#11,#15,#19),#23);
#11 = AXIS2_PLACEMENT_3D('',#12,#13,#14);
#12 = CARTESIAN_POINT('',(0.,0.,0.));
#13 = DIRECTION('',(0.,0.,1.));
#14 = DIRECTION('',(1.,0.,-0.));
#15 = AXIS2_PLACEMENT_3D('',#16,#17,#18);
#16 = CARTESIAN_POINT('',(0.,0.,0.));
#17 = DIRECTION('',(0.,0.,1.));
#18 = DIRECTION('',(1.,0.,0.));
#19 = AXIS2_PLACEMENT_3D('',#20,#21,#22);
#20 = CARTESIAN_POINT('',(0.,0.,0.));
#21 = DIRECTION('',(0.,0.,1.));
#22 = DIRECTION('',(1.,0.,0.));
#23 = ( GEOMETRIC_REPRESENTATION_CONTEXT(3) 
GLOBAL_UNCERTAINTY_ASSIGNED_CONTEXT((#27)) GLOBAL_UNIT_ASSIGNED_CONTEXT(
(#24,#25,#26)) REPRESENTATION_CONTEXT('Context #1',
  '3D Context with UNIT and UNCERTAINTY') );
#24 = ( LENGTH_UNIT() NAMED_UNIT(*) SI_UNIT(.MILLI.,.METRE.) );
#25 = ( NAMED_UNIT(*) PLANE_ANGLE_UNIT() SI_UNIT($,.RADIAN.) );
#26 = ( NAMED_UNIT(*) SI_UNIT($,.STERADIAN.) SOLID_ANGLE_UNIT() );
#27 = UNCERTAINTY_MEASURE_WITH_UNIT(LENGTH_MEASURE(2.E-06),#24,
  'distance_accuracy_value','confusion accuracy');
#28 = PRODUCT_TYPE('part',$,(#7));
#29 = ADVANCED_BREP_SHAPE_REPRESENTATION('',(#11,#30),#1416);
#30 = MANIFOLD_SOLID_BREP('',#31);
#31 = CLOSED_SHELL('',(#32,#152,#238,#345,#426,#497,#564,#623,#670,#719,
    #759,#840,#889,#896,#928,#982,#1089,#1138,#1170,#1232,#1312,#1352,
    #1359,#1412));
#32 = ADVANCED_FACE('',(#33),#47,.T.);
#33 = FACE_BOUND('',#34,.T.);
#34 = EDGE_LOOP('',(#35,#70,#98,#126));
#35 = ORIENTED_EDGE('',*,*,#36,.F.);
#36 = EDGE_CURVE('',#37,#39,#41,.T.);
#37 = VERTEX_POINT('',#38);
#38 = CARTESIAN_POINT('',(-1.95,-2.45,0.792246420274));
#39 = VERTEX_POINT('',#40);
#40 = CARTESIAN_POINT('',(-1.859165697143,-2.359165697143,0.217198745641
    ));
#41 = SURFACE_CURVE('',#42,(#46,#58),.PCURVE_S1.);
#42 = LINE('',#43,#44);
#43 = CARTESIAN_POINT('',(-1.902408557873,-2.402408557873,0.490957730138
    ));
#44 = VECTOR('',#45,1.);
#45 = DIRECTION('',(0.154159948466,0.154159948466,-0.975945398359));
#46 = PCURVE('',#47,#52);
#47 = PLANE('',#48);
#48 = AXIS2_PLACEMENT_3D('',#49,#50,#51);
#49 = CARTESIAN_POINT('',(-1.90125,-2.45,0.483623210137));
#50 = DIRECTION('',(-0.987753092715,0.,-0.156025087188));
#51 = DIRECTION('',(0.,1.,0.));
#52 = DEFINITIONAL_REPRESENTATION('',(#53),#57);
#53 = LINE('',#54,#55);
#54 = CARTESIAN_POINT('',(4.759144212659E-02,-7.4254589072E-03));
#55 = VECTOR('',#56,1.);
#56 = DIRECTION('',(0.154159948466,0.98804590495));
#57 = ( GEOMETRIC_REPRESENTATION_CONTEXT(2) 
PARAMETRIC_REPRESENTATION_CONTEXT() REPRESENTATION_CONTEXT('2D SPACE',''
  ) );
#58 = PCURVE('',#59,#64);
#59 = PLANE('',#60);
#60 = AXIS2_PLACEMENT_3D('',#61,#62,#63);
#61 = CARTESIAN_POINT('',(-1.95,-2.40125,0.483623210137));
#62 = DIRECTION('',(-1.738107218147E-18,-0.987753092715,-0.156025087188)
  );
#63 = DIRECTION('',(-1.,1.716820780195E-18,2.711883302534E-19));
#64 = DEFINITIONAL_REPRESENTATION('',(#65),#69);
#65 = LINE('',#66,#67);
#66 = CARTESIAN_POINT('',(-4.759144212659E-02,-7.4254589072E-03));
#67 = VECTOR('',#68,1.);
#68 = DIRECTION('',(-0.154159948466,0.98804590495));
#69 = ( GEOMETRIC_REPRESENTATION_CONTEXT(2) 
PARAMETRIC_REPRESENTATION_CONTEXT() REPRESENTATION_CONTEXT('2D SPACE',''
  ) );
#70 = ORIENTED_EDGE('',*,*,#71,.T.);
#71 = EDGE_CURVE('',#37,#72,#74,.T.);
#72 = VERTEX_POINT('',#73);
#73 = CARTESIAN_POINT('',(-1.95,2.45,0.792246420274));
#74 = SURFACE_CURVE('',#75,(#79,#86),.PCURVE_S1.);
#75 = LINE('',#76,#77);
#76 = CARTESIAN_POINT('',(-1.95,-2.45,0.792246420274));
#77 = VECTOR('',#78,1.);
#78 = DIRECTION('',(0.,1.,0.));
#79 = PCURVE('',#47,#80);
#80 = DEFINITIONAL_REPRESENTATION('',(#81),#85);
#81 = LINE('',#82,#83);
#82 = CARTESIAN_POINT('',(0.,-0.312449753297));
#83 = VECTOR('',#84,1.);
#84 = DIRECTION('',(1.,0.));
#85 = ( GEOMETRIC_REPRESENTATION_CONTEXT(2) 
PARAMETRIC_REPRESENTATION_CONTEXT() REPRESENTATION_CONTEXT('2D SPACE',''
  ) );
#86 = PCURVE('',#87,#92);
#87 = PLANE('',#88);
#88 = AXIS2_PLACEMENT_3D('',#89,#90,#91);
#89 = CARTESIAN_POINT('',(-1.95,-2.45,0.175));
#90 = DIRECTION('',(1.,0.,0.));
#91 = DIRECTION('',(0.,0.,1.));
#92 = DEFINITIONAL_REPRESENTATION('',(#93),#97);
#93 = LINE('',#94,#95);
#94 = CARTESIAN_POINT('',(0.617246420274,0.));
#95 = VECTOR('',#96,1.);
#96 = DIRECTION('',(0.,-1.));
#97 = ( GEOMETRIC_REPRESENTATION_CONTEXT(2) 
PARAMETRIC_REPRESENTATION_CONTEXT() REPRESENTATION_CONTEXT('2D SPACE',''
  ) );
#98 = ORIENTED_EDGE('',*,*,#99,.T.);
#99 = EDGE_CURVE('',#72,#100,#102,.T.);
#100 = VERTEX_POINT('',#101);
#101 = CARTESIAN_POINT('',(-1.859165697143,2.359165697143,0.217198745641
    ));
#102 = SURFACE_CURVE('',#103,(#107,#114),.PCURVE_S1.);
#103 = LINE('',#104,#105);
#104 = CARTESIAN_POINT('',(-1.844183598082,2.344183598082,0.122351083963
    ));
#105 = VECTOR('',#106,1.);
#106 = DIRECTION('',(0.154159948466,-0.154159948466,-0.975945398359));
#107 = PCURVE('',#47,#108);
#108 = DEFINITIONAL_REPRESENTATION('',(#109),#113);
#109 = LINE('',#110,#111);
#110 = CARTESIAN_POINT('',(4.794183598082,0.365751450275));
#111 = VECTOR('',#112,1.);
#112 = DIRECTION('',(-0.154159948466,0.98804590495));
#113 = ( GEOMETRIC_REPRESENTATION_CONTEXT(2) 
PARAMETRIC_REPRESENTATION_CONTEXT() REPRESENTATION_CONTEXT('2D SPACE',''
  ) );
#114 = PCURVE('',#115,#120);
#115 = PLANE('',#116);
#116 = AXIS2_PLACEMENT_3D('',#117,#118,#119);
#117 = CARTESIAN_POINT('',(-1.95,2.40125,0.483623210137));
#118 = DIRECTION('',(1.738107218147E-18,-0.987753092715,0.156025087188)
  );
#119 = DIRECTION('',(-1.,-1.716820780195E-18,2.711883302534E-19));
#120 = DEFINITIONAL_REPRESENTATION('',(#121),#125);
#121 = LINE('',#122,#123);
#122 = CARTESIAN_POINT('',(-0.105816401918,0.365751450275));
#123 = VECTOR('',#124,1.);
#124 = DIRECTION('',(-0.154159948466,0.98804590495));
#125 = ( GEOMETRIC_REPRESENTATION_CONTEXT(2) 
PARAMETRIC_REPRESENTATION_CONTEXT() REPRESENTATION_CONTEXT('2D SPACE',''
  ) );
#126 = ORIENTED_EDGE('',*,*,#127,.F.);
#127 = EDGE_CURVE('',#39,#100,#128,.T.);
#128 = SURFACE_CURVE('',#129,(#133,#140),.PCURVE_S1.);
#129 = LINE('',#130,#131);
#130 = CARTESIAN_POINT('',(-1.859165697143,-2.3525,0.217198745641));
#131 = VECTOR('',#132,1.);
#132 = DIRECTION('',(0.,1.,0.));
#133 = PCURVE('',#47,#134);
#134 = DEFINITIONAL_REPRESENTATION('',(#135),#139);
#135 = LINE('',#136,#137);
#136 = CARTESIAN_POINT('',(9.75E-02,0.269727795804));
#137 = VECTOR('',#138,1.);
#138 = DIRECTION('',(1.,0.));
#139 = ( GEOMETRIC_REPRESENTATION_CONTEXT(2) 
PARAMETRIC_REPRESENTATION_CONTEXT() REPRESENTATION_CONTEXT('2D SPACE',''
  ) );
#140 = PCURVE('',#141,#146);
#141 = CYLINDRICAL_SURFACE('',#142,5.E-02);
#142 = AXIS2_PLACEMENT_3D('',#143,#144,#145);
#143 = CARTESIAN_POINT('',(-1.809778042507,-2.3525,0.225));
#144 = DIRECTION('',(0.,1.,0.));
#145 = DIRECTION('',(-0.987753092715,0.,-0.156025087188));
#146 = DEFINITIONAL_REPRESENTATION('',(#147),#151);
#147 = LINE('',#148,#149);
#148 = CARTESIAN_POINT('',(-0.,0.));
#149 = VECTOR('',#150,1.);
#150 = DIRECTION('',(-0.,1.));
#151 = ( GEOMETRIC_REPRESENTATION_CONTEXT(2) 
PARAMETRIC_REPRESENTATION_CONTEXT() REPRESENTATION_CONTEXT('2D SPACE',''
  ) );
#152 = ADVANCED_FACE('',(#153),#59,.T.);
#153 = FACE_BOUND('',#154,.F.);
#154 = EDGE_LOOP('',(#155,#156,#184,#212));
#155 = ORIENTED_EDGE('',*,*,#36,.F.);
#156 = ORIENTED_EDGE('',*,*,#157,.T.);
#157 = EDGE_CURVE('',#37,#158,#160,.T.);
#158 = VERTEX_POINT('',#159);
#159 = CARTESIAN_POINT('',(1.95,-2.45,0.792246420274));
#160 = SURFACE_CURVE('',#161,(#165,#172),.PCURVE_S1.);
#161 = LINE('',#162,#163);
#162 = CARTESIAN_POINT('',(-1.95,-2.45,0.792246420274));
#163 = VECTOR('',#164,1.);
#164 = DIRECTION('',(1.,0.,0.));
#165 = PCURVE('',#59,#166);
#166 = DEFINITIONAL_REPRESENTATION('',(#167),#171);
#167 = LINE('',#168,#169);
#168 = CARTESIAN_POINT('',(-0.,-0.312449753297));
#169 = VECTOR('',#170,1.);
#170 = DIRECTION('',(-1.,0.));
#171 = ( GEOMETRIC_REPRESENTATION_CONTEXT(2) 
PARAMETRIC_REPRESENTATION_CONTEXT() REPRESENTATION_CONTEXT('2D SPACE',''
  ) );
#172 = PCURVE('',#173,#178);
#173 = PLANE('',#174);
#174 = AXIS2_PLACEMENT_3D('',#175,#176,#177);
#175 = CARTESIAN_POINT('',(-1.95,-2.45,0.175));
#176 = DIRECTION('',(0.,1.,0.));
#177 = DIRECTION('',(0.,0.,1.));
#178 = DEFINITIONAL_REPRESENTATION('',(#179),#183);
#179 = LINE('',#180,#181);
#180 = CARTESIAN_POINT('',(0.617246420274,0.));
#181 = VECTOR('',#182,1.);
#182 = DIRECTION('',(0.,1.));
#183 = ( GEOMETRIC_REPRESENTATION_CONTEXT(2) 
PARAMETRIC_REPRESENTATION_CONTEXT() REPRESENTATION_CONTEXT('2D SPACE',''
  ) );
#184 = ORIENTED_EDGE('',*,*,#185,.T.);
#185 = EDGE_CURVE('',#158,#186,#188,.T.);
#186 = VERTEX_POINT('',#187);
#187 = CARTESIAN_POINT('',(1.859165697143,-2.359165697143,0.217198745641
    ));
#188 = SURFACE_CURVE('',#189,(#193,#200),.PCURVE_S1.);
#189 = LINE('',#190,#191);
#190 = CARTESIAN_POINT('',(1.856066242937,-2.356066242937,0.197576930121
    ));
#191 = VECTOR('',#192,1.);
#192 = DIRECTION('',(-0.154159948466,0.154159948466,-0.975945398359));
#193 = PCURVE('',#59,#194);
#194 = DEFINITIONAL_REPRESENTATION('',(#195),#199);
#195 = LINE('',#196,#197);
#196 = CARTESIAN_POINT('',(-3.806066242937,0.289592897381));
#197 = VECTOR('',#198,1.);
#198 = DIRECTION('',(0.154159948466,0.98804590495));
#199 = ( GEOMETRIC_REPRESENTATION_CONTEXT(2) 
PARAMETRIC_REPRESENTATION_CONTEXT() REPRESENTATION_CONTEXT('2D SPACE',''
  ) );
#200 = PCURVE('',#201,#206);
#201 = PLANE('',#202);
#202 = AXIS2_PLACEMENT_3D('',#203,#204,#205);
#203 = CARTESIAN_POINT('',(1.90125,-2.45,0.483623210137));
#204 = DIRECTION('',(-0.987753092715,0.,0.156025087188));
#205 = DIRECTION('',(0.,1.,0.));
#206 = DEFINITIONAL_REPRESENTATION('',(#207),#211);
#207 = LINE('',#208,#209);
#208 = CARTESIAN_POINT('',(9.393375706284E-02,0.289592897381));
#209 = VECTOR('',#210,1.);
#210 = DIRECTION('',(0.154159948466,0.98804590495));
#211 = ( GEOMETRIC_REPRESENTATION_CONTEXT(2) 
PARAMETRIC_REPRESENTATION_CONTEXT() REPRESENTATION_CONTEXT('2D SPACE',''
  ) );
#212 = ORIENTED_EDGE('',*,*,#213,.F.);
#213 = EDGE_CURVE('',#39,#186,#214,.T.);
#214 = SURFACE_CURVE('',#215,(#219,#226),.PCURVE_S1.);
#215 = LINE('',#216,#217);
#216 = CARTESIAN_POINT('',(-1.8525,-2.359165697143,0.217198745641));
#217 = VECTOR('',#218,1.);
#218 = DIRECTION('',(1.,0.,0.));
#219 = PCURVE('',#59,#220);
#220 = DEFINITIONAL_REPRESENTATION('',(#221),#225);
#221 = LINE('',#222,#223);
#222 = CARTESIAN_POINT('',(-9.75E-02,0.269727795804));
#223 = VECTOR('',#224,1.);
#224 = DIRECTION('',(-1.,0.));
#225 = ( GEOMETRIC_REPRESENTATION_CONTEXT(2) 
PARAMETRIC_REPRESENTATION_CONTEXT() REPRESENTATION_CONTEXT('2D SPACE',''
  ) );
#226 = PCURVE('',#227,#232);
#227 = CYLINDRICAL_SURFACE('',#228,5.E-02);
#228 = AXIS2_PLACEMENT_3D('',#229,#230,#231);
#229 = CARTESIAN_POINT('',(-1.8525,-2.309778042507,0.225));
#230 = DIRECTION('',(1.,0.,0.));
#231 = DIRECTION('',(0.,-0.987753092715,-0.156025087188));
#232 = DEFINITIONAL_REPRESENTATION('',(#233),#237);
#233 = LINE('',#234,#235);
#234 = CARTESIAN_POINT('',(0.,0.));
#235 = VECTOR('',#236,1.);
#236 = DIRECTION('',(0.,1.));
#237 = ( GEOMETRIC_REPRESENTATION_CONTEXT(2) 
PARAMETRIC_REPRESENTATION_CONTEXT() REPRESENTATION_CONTEXT('2D SPACE',''
  ) );
#238 = ADVANCED_FACE('',(#239),#141,.T.);
#239 = FACE_BOUND('',#240,.F.);
#240 = EDGE_LOOP('',(#241,#277,#305,#344));
#241 = ORIENTED_EDGE('',*,*,#242,.T.);
#242 = EDGE_CURVE('',#39,#243,#245,.T.);
#243 = VERTEX_POINT('',#244);
#244 = CARTESIAN_POINT('',(-1.809778042507,-2.309778042507,0.175));
#245 = SURFACE_CURVE('',#246,(#251,#264),.PCURVE_S1.);
#246 = ELLIPSE('',#247,7.071067811865E-02,5.E-02);
#247 = AXIS2_PLACEMENT_3D('',#248,#249,#250);
#248 = CARTESIAN_POINT('',(-1.809778042507,-2.309778042507,0.225));
#249 = DIRECTION('',(0.707106781187,-0.707106781187,0.));
#250 = DIRECTION('',(0.707106781187,0.707106781187,0.));
#251 = PCURVE('',#141,#252);
#252 = DEFINITIONAL_REPRESENTATION('',(#253),#263);
#253 = B_SPLINE_CURVE_WITH_KNOTS('',8,(#254,#255,#256,#257,#258,#259,
    #260,#261,#262),.UNSPECIFIED.,.F.,.F.,(9,9),(3.298257819063,
    4.712388980385),.PIECEWISE_BEZIER_KNOTS.);
#254 = CARTESIAN_POINT('',(-1.414295704508E-18,-6.665697142692E-03));
#255 = CARTESIAN_POINT('',(-0.176766395915,-5.286697517234E-03));
#256 = CARTESIAN_POINT('',(-0.35353279083,-2.144057743376E-03));
#257 = CARTESIAN_POINT('',(-0.530299185746,2.696555211426E-03));
#258 = CARTESIAN_POINT('',(-0.707065580661,9.051953740688E-03));
#259 = CARTESIAN_POINT('',(-0.883831975576,1.662782748134E-02));
#260 = CARTESIAN_POINT('',(-1.060598370491,2.504531698705E-02));
#261 = CARTESIAN_POINT('',(-1.237364765407,3.388363769729E-02));
#262 = CARTESIAN_POINT('',(-1.414131161322,4.272195749306E-02));
#263 = ( GEOMETRIC_REPRESENTATION_CONTEXT(2) 
PARAMETRIC_REPRESENTATION_CONTEXT() REPRESENTATION_CONTEXT('2D SPACE',''
  ) );
#264 = PCURVE('',#227,#265);
#265 = DEFINITIONAL_REPRESENTATION('',(#266),#276);
#266 = B_SPLINE_CURVE_WITH_KNOTS('',8,(#267,#268,#269,#270,#271,#272,
    #273,#274,#275),.UNSPECIFIED.,.F.,.F.,(9,9),(3.298257819063,
    4.712388980385),.PIECEWISE_BEZIER_KNOTS.);
#267 = CARTESIAN_POINT('',(1.414291232563E-18,-6.665697142693E-03));
#268 = CARTESIAN_POINT('',(0.176766395915,-5.286697517234E-03));
#269 = CARTESIAN_POINT('',(0.35353279083,-2.144057743378E-03));
#270 = CARTESIAN_POINT('',(0.530299185747,2.696555211422E-03));
#271 = CARTESIAN_POINT('',(0.707065580659,9.051953740673E-03));
#272 = CARTESIAN_POINT('',(0.883831975578,1.662782748135E-02));
#273 = CARTESIAN_POINT('',(1.060598370491,2.504531698705E-02));
#274 = CARTESIAN_POINT('',(1.237364765407,3.388363769729E-02));
#275 = CARTESIAN_POINT('',(1.414131161322,4.272195749306E-02));
#276 = ( GEOMETRIC_REPRESENTATION_CONTEXT(2) 
PARAMETRIC_REPRESENTATION_CONTEXT() REPRESENTATION_CONTEXT('2D SPACE',''
  ) );
#277 = ORIENTED_EDGE('',*,*,#278,.T.);
#278 = EDGE_CURVE('',#243,#279,#281,.T.);
#279 = VERTEX_POINT('',#280);
#280 = CARTESIAN_POINT('',(-1.809778042507,2.309778042507,0.175));
#281 = SURFACE_CURVE('',#282,(#286,#293),.PCURVE_S1.);
#282 = LINE('',#283,#284);
#283 = CARTESIAN_POINT('',(-1.809778042507,-2.3525,0.175));
#284 = VECTOR('',#285,1.);
#285 = DIRECTION('',(0.,1.,0.));
#286 = PCURVE('',#141,#287);
#287 = DEFINITIONAL_REPRESENTATION('',(#288),#292);
#288 = LINE('',#289,#290);
#289 = CARTESIAN_POINT('',(-1.414131161322,0.));
#290 = VECTOR('',#291,1.);
#291 = DIRECTION('',(-0.,1.));
#292 = ( GEOMETRIC_REPRESENTATION_CONTEXT(2) 
PARAMETRIC_REPRESENTATION_CONTEXT() REPRESENTATION_CONTEXT('2D SPACE',''
  ) );
#293 = PCURVE('',#294,#299);
#294 = PLANE('',#295);
#295 = AXIS2_PLACEMENT_3D('',#296,#297,#298);
#296 = CARTESIAN_POINT('',(-1.95,-2.45,0.175));
#297 = DIRECTION('',(0.,0.,1.));
#298 = DIRECTION('',(1.,0.,0.));
#299 = DEFINITIONAL_REPRESENTATION('',(#300),#304);
#300 = LINE('',#301,#302);
#301 = CARTESIAN_POINT('',(0.140221957493,9.75E-02));
#302 = VECTOR('',#303,1.);
#303 = DIRECTION('',(0.,1.));
#304 = ( GEOMETRIC_REPRESENTATION_CONTEXT(2) 
PARAMETRIC_REPRESENTATION_CONTEXT() REPRESENTATION_CONTEXT('2D SPACE',''
  ) );
#305 = ORIENTED_EDGE('',*,*,#306,.F.);
#306 = EDGE_CURVE('',#100,#279,#307,.T.);
#307 = SURFACE_CURVE('',#308,(#313,#326),.PCURVE_S1.);
#308 = ELLIPSE('',#309,7.071067811865E-02,5.E-02);
#309 = AXIS2_PLACEMENT_3D('',#310,#311,#312);
#310 = CARTESIAN_POINT('',(-1.809778042507,2.309778042507,0.225));
#311 = DIRECTION('',(-0.707106781187,-0.707106781187,-0.));
#312 = DIRECTION('',(-0.707106781187,0.707106781187,0.));
#313 = PCURVE('',#141,#314);
#314 = DEFINITIONAL_REPRESENTATION('',(#315),#325);
#315 = B_SPLINE_CURVE_WITH_KNOTS('',8,(#316,#317,#318,#319,#320,#321,
    #322,#323,#324),.UNSPECIFIED.,.F.,.F.,(9,9),(0.156665165473,
    1.570796326795),.PIECEWISE_BEZIER_KNOTS.);
#316 = CARTESIAN_POINT('',(-1.414295704508E-18,4.711665697143));
#317 = CARTESIAN_POINT('',(-0.176766395915,4.710286697517));
#318 = CARTESIAN_POINT('',(-0.353532790831,4.707144057746));
#319 = CARTESIAN_POINT('',(-0.530299185741,4.702303444776));
#320 = CARTESIAN_POINT('',(-0.707065580662,4.695948046246));
#321 = CARTESIAN_POINT('',(-0.883831975573,4.688372172515));
#322 = CARTESIAN_POINT('',(-1.060598370492,4.679954683014));
#323 = CARTESIAN_POINT('',(-1.237364765407,4.671116362303));
#324 = CARTESIAN_POINT('',(-1.414131161322,4.662278042507));
#325 = ( GEOMETRIC_REPRESENTATION_CONTEXT(2) 
PARAMETRIC_REPRESENTATION_CONTEXT() REPRESENTATION_CONTEXT('2D SPACE',''
  ) );
#326 = PCURVE('',#327,#332);
#327 = CYLINDRICAL_SURFACE('',#328,5.E-02);
#328 = AXIS2_PLACEMENT_3D('',#329,#330,#331);
#329 = CARTESIAN_POINT('',(-1.8525,2.309778042507,0.225));
#330 = DIRECTION('',(1.,0.,0.));
#331 = DIRECTION('',(0.,0.,-1.));
#332 = DEFINITIONAL_REPRESENTATION('',(#333),#343);
#333 = B_SPLINE_CURVE_WITH_KNOTS('',8,(#334,#335,#336,#337,#338,#339,
    #340,#341,#342),.UNSPECIFIED.,.F.,.F.,(9,9),(0.156665165473,
    1.570796326795),.PIECEWISE_BEZIER_KNOTS.);
#334 = CARTESIAN_POINT('',(1.414131161322,-6.665697142693E-03));
#335 = CARTESIAN_POINT('',(1.237364765407,-5.286697517234E-03));
#336 = CARTESIAN_POINT('',(1.060598370492,-2.144057743365E-03));
#337 = CARTESIAN_POINT('',(0.883831975574,2.696555211404E-03));
#338 = CARTESIAN_POINT('',(0.707065580661,9.051953740688E-03));
#339 = CARTESIAN_POINT('',(0.530299185741,1.662782748133E-02));
#340 = CARTESIAN_POINT('',(0.353532790831,2.504531698706E-02));
#341 = CARTESIAN_POINT('',(0.176766395915,3.388363769729E-02));
#342 = CARTESIAN_POINT('',(-1.049531805717E-16,4.272195749306E-02));
#343 = ( GEOMETRIC_REPRESENTATION_CONTEXT(2) 
PARAMETRIC_REPRESENTATION_CONTEXT() REPRESENTATION_CONTEXT('2D SPACE',''
  ) );
#344 = ORIENTED_EDGE('',*,*,#127,.F.);
#345 = ADVANCED_FACE('',(#346),#87,.F.);
#346 = FACE_BOUND('',#347,.F.);
#347 = EDGE_LOOP('',(#348,#371,#372,#400));
#348 = ORIENTED_EDGE('',*,*,#349,.F.);
#349 = EDGE_CURVE('',#37,#350,#352,.T.);
#350 = VERTEX_POINT('',#351);
#351 = CARTESIAN_POINT('',(-1.95,-2.45,0.997246420274));
#352 = SURFACE_CURVE('',#353,(#357,#364),.PCURVE_S1.);
#353 = LINE('',#354,#355);
#354 = CARTESIAN_POINT('',(-1.95,-2.45,0.175));
#355 = VECTOR('',#356,1.);
#356 = DIRECTION('',(0.,0.,1.));
#357 = PCURVE('',#87,#358);
#358 = DEFINITIONAL_REPRESENTATION('',(#359),#363);
#359 = LINE('',#360,#361);
#360 = CARTESIAN_POINT('',(0.,0.));
#361 = VECTOR('',#362,1.);
#362 = DIRECTION('',(1.,0.));
#363 = ( GEOMETRIC_REPRESENTATION_CONTEXT(2) 
PARAMETRIC_REPRESENTATION_CONTEXT() REPRESENTATION_CONTEXT('2D SPACE',''
  ) );
#364 = PCURVE('',#173,#365);
#365 = DEFINITIONAL_REPRESENTATION('',(#366),#370);
#366 = LINE('',#367,#368);
#367 = CARTESIAN_POINT('',(0.,0.));
#368 = VECTOR('',#369,1.);
#369 = DIRECTION('',(1.,0.));
#370 = ( GEOMETRIC_REPRESENTATION_CONTEXT(2) 
PARAMETRIC_REPRESENTATION_CONTEXT() REPRESENTATION_CONTEXT('2D SPACE',''
  ) );
#371 = ORIENTED_EDGE('',*,*,#71,.T.);
#372 = ORIENTED_EDGE('',*,*,#373,.T.);
#373 = EDGE_CURVE('',#72,#374,#376,.T.);
#374 = VERTEX_POINT('',#375);
#375 = CARTESIAN_POINT('',(-1.95,2.45,0.997246420274));
#376 = SURFACE_CURVE('',#377,(#381,#388),.PCURVE_S1.);
#377 = LINE('',#378,#379);
#378 = CARTESIAN_POINT('',(-1.95,2.45,0.175));
#379 = VECTOR('',#380,1.);
#380 = DIRECTION('',(0.,0.,1.));
#381 = PCURVE('',#87,#382);
#382 = DEFINITIONAL_REPRESENTATION('',(#383),#387);
#383 = LINE('',#384,#385);
#384 = CARTESIAN_POINT('',(0.,-4.9));
#385 = VECTOR('',#386,1.);
#386 = DIRECTION('',(1.,0.));
#387 = ( GEOMETRIC_REPRESENTATION_CONTEXT(2) 
PARAMETRIC_REPRESENTATION_CONTEXT() REPRESENTATION_CONTEXT('2D SPACE',''
  ) );
#388 = PCURVE('',#389,#394);
#389 = PLANE('',#390);
#390 = AXIS2_PLACEMENT_3D('',#391,#392,#393);
#391 = CARTESIAN_POINT('',(-1.95,2.45,0.175));
#392 = DIRECTION('',(0.,1.,0.));
#393 = DIRECTION('',(0.,0.,1.));
#394 = DEFINITIONAL_REPRESENTATION('',(#395),#399);
#395 = LINE('',#396,#397);
#396 = CARTESIAN_POINT('',(0.,0.));
#397 = VECTOR('',#398,1.);
#398 = DIRECTION('',(1.,0.));
#399 = ( GEOMETRIC_REPRESENTATION_CONTEXT(2) 
PARAMETRIC_REPRESENTATION_CONTEXT() REPRESENTATION_CONTEXT('2D SPACE',''
  ) );
#400 = ORIENTED_EDGE('',*,*,#401,.F.);
#401 = EDGE_CURVE('',#350,#374,#402,.T.);
#402 = SURFACE_CURVE('',#403,(#407,#414),.PCURVE_S1.);
#403 = LINE('',#404,#405);
#404 = CARTESIAN_POINT('',(-1.95,-2.45,0.997246420274));
#405 = VECTOR('',#406,1.);
#406 = DIRECTION('',(0.,1.,0.));
#407 = PCURVE('',#87,#408);
#408 = DEFINITIONAL_REPRESENTATION('',(#409),#413);
#409 = LINE('',#410,#411);
#410 = CARTESIAN_POINT('',(0.822246420274,0.));
#411 = VECTOR('',#412,1.);
#412 = DIRECTION('',(0.,-1.));
#413 = ( GEOMETRIC_REPRESENTATION_CONTEXT(2) 
PARAMETRIC_REPRESENTATION_CONTEXT() REPRESENTATION_CONTEXT('2D SPACE',''
  ) );
#414 = PCURVE('',#415,#420);
#415 = PLANE('',#416);
#416 = AXIS2_PLACEMENT_3D('',#417,#418,#419);
#417 = CARTESIAN_POINT('',(-1.90125,-2.45,1.373623210137));
#418 = DIRECTION('',(0.991715798238,-1.739713553152E-18,-0.128451452019)
  );
#419 = DIRECTION('',(1.725301415069E-18,1.,-2.234687319992E-19));
#420 = DEFINITIONAL_REPRESENTATION('',(#421),#425);
#421 = LINE('',#422,#423);
#422 = CARTESIAN_POINT('',(0.,-0.379520816883));
#423 = VECTOR('',#424,1.);
#424 = DIRECTION('',(1.,0.));
#425 = ( GEOMETRIC_REPRESENTATION_CONTEXT(2) 
PARAMETRIC_REPRESENTATION_CONTEXT() REPRESENTATION_CONTEXT('2D SPACE',''
  ) );
#426 = ADVANCED_FACE('',(#427),#115,.F.);
#427 = FACE_BOUND('',#428,.T.);
#428 = EDGE_LOOP('',(#429,#430,#453,#476));
#429 = ORIENTED_EDGE('',*,*,#99,.F.);
#430 = ORIENTED_EDGE('',*,*,#431,.T.);
#431 = EDGE_CURVE('',#72,#432,#434,.T.);
#432 = VERTEX_POINT('',#433);
#433 = CARTESIAN_POINT('',(1.95,2.45,0.792246420274));
#434 = SURFACE_CURVE('',#435,(#439,#446),.PCURVE_S1.);
#435 = LINE('',#436,#437);
#436 = CARTESIAN_POINT('',(-1.95,2.45,0.792246420274));
#437 = VECTOR('',#438,1.);
#438 = DIRECTION('',(1.,0.,0.));
#439 = PCURVE('',#115,#440);
#440 = DEFINITIONAL_REPRESENTATION('',(#441),#445);
#441 = LINE('',#442,#443);
#442 = CARTESIAN_POINT('',(-0.,-0.312449753297));
#443 = VECTOR('',#444,1.);
#444 = DIRECTION('',(-1.,0.));
#445 = ( GEOMETRIC_REPRESENTATION_CONTEXT(2) 
PARAMETRIC_REPRESENTATION_CONTEXT() REPRESENTATION_CONTEXT('2D SPACE',''
  ) );
#446 = PCURVE('',#389,#447);
#447 = DEFINITIONAL_REPRESENTATION('',(#448),#452);
#448 = LINE('',#449,#450);
#449 = CARTESIAN_POINT('',(0.617246420274,0.));
#450 = VECTOR('',#451,1.);
#451 = DIRECTION('',(0.,1.));
#452 = ( GEOMETRIC_REPRESENTATION_CONTEXT(2) 
PARAMETRIC_REPRESENTATION_CONTEXT() REPRESENTATION_CONTEXT('2D SPACE',''
  ) );
#453 = ORIENTED_EDGE('',*,*,#454,.T.);
#454 = EDGE_CURVE('',#432,#455,#457,.T.);
#455 = VERTEX_POINT('',#456);
#456 = CARTESIAN_POINT('',(1.859165697143,2.359165697143,0.217198745641)
  );
#457 = SURFACE_CURVE('',#458,(#462,#469),.PCURVE_S1.);
#458 = LINE('',#459,#460);
#459 = CARTESIAN_POINT('',(1.797841283145,2.297841283145,-0.171029716054
    ));
#460 = VECTOR('',#461,1.);
#461 = DIRECTION('',(-0.154159948466,-0.154159948466,-0.975945398359));
#462 = PCURVE('',#115,#463);
#463 = DEFINITIONAL_REPRESENTATION('',(#464),#468);
#464 = LINE('',#465,#466);
#465 = CARTESIAN_POINT('',(-3.747841283145,0.662769806563));
#466 = VECTOR('',#467,1.);
#467 = DIRECTION('',(0.154159948466,0.98804590495));
#468 = ( GEOMETRIC_REPRESENTATION_CONTEXT(2) 
PARAMETRIC_REPRESENTATION_CONTEXT() REPRESENTATION_CONTEXT('2D SPACE',''
  ) );
#469 = PCURVE('',#201,#470);
#470 = DEFINITIONAL_REPRESENTATION('',(#471),#475);
#471 = LINE('',#472,#473);
#472 = CARTESIAN_POINT('',(4.747841283145,0.662769806563));
#473 = VECTOR('',#474,1.);
#474 = DIRECTION('',(-0.154159948466,0.98804590495));
#475 = ( GEOMETRIC_REPRESENTATION_CONTEXT(2) 
PARAMETRIC_REPRESENTATION_CONTEXT() REPRESENTATION_CONTEXT('2D SPACE',''
  ) );
#476 = ORIENTED_EDGE('',*,*,#477,.F.);
#477 = EDGE_CURVE('',#100,#455,#478,.T.);
#478 = SURFACE_CURVE('',#479,(#483,#490),.PCURVE_S1.);
#479 = LINE('',#480,#481);
#480 = CARTESIAN_POINT('',(-1.8525,2.359165697143,0.217198745641));
#481 = VECTOR('',#482,1.);
#482 = DIRECTION('',(1.,0.,0.));
#483 = PCURVE('',#115,#484);
#484 = DEFINITIONAL_REPRESENTATION('',(#485),#489);
#485 = LINE('',#486,#487);
#486 = CARTESIAN_POINT('',(-9.75E-02,0.269727795804));
#487 = VECTOR('',#488,1.);
#488 = DIRECTION('',(-1.,-0.));
#489 = ( GEOMETRIC_REPRESENTATION_CONTEXT(2) 
PARAMETRIC_REPRESENTATION_CONTEXT() REPRESENTATION_CONTEXT('2D SPACE',''
  ) );
#490 = PCURVE('',#327,#491);
#491 = DEFINITIONAL_REPRESENTATION('',(#492),#496);
#492 = LINE('',#493,#494);
#493 = CARTESIAN_POINT('',(1.414131161322,0.));
#494 = VECTOR('',#495,1.);
#495 = DIRECTION('',(0.,1.));
#496 = ( GEOMETRIC_REPRESENTATION_CONTEXT(2) 
PARAMETRIC_REPRESENTATION_CONTEXT() REPRESENTATION_CONTEXT('2D SPACE',''
  ) );
#497 = ADVANCED_FACE('',(#498),#227,.T.);
#498 = FACE_BOUND('',#499,.T.);
#499 = EDGE_LOOP('',(#500,#501,#524,#563));
#500 = ORIENTED_EDGE('',*,*,#242,.T.);
#501 = ORIENTED_EDGE('',*,*,#502,.T.);
#502 = EDGE_CURVE('',#243,#503,#505,.T.);
#503 = VERTEX_POINT('',#504);
#504 = CARTESIAN_POINT('',(1.809778042507,-2.309778042507,0.175));
#505 = SURFACE_CURVE('',#506,(#510,#517),.PCURVE_S1.);
#506 = LINE('',#507,#508);
#507 = CARTESIAN_POINT('',(-1.8525,-2.309778042507,0.175));
#508 = VECTOR('',#509,1.);
#509 = DIRECTION('',(1.,0.,0.));
#510 = PCURVE('',#227,#511);
#511 = DEFINITIONAL_REPRESENTATION('',(#512),#516);
#512 = LINE('',#513,#514);
#513 = CARTESIAN_POINT('',(1.414131161322,0.));
#514 = VECTOR('',#515,1.);
#515 = DIRECTION('',(0.,1.));
#516 = ( GEOMETRIC_REPRESENTATION_CONTEXT(2) 
PARAMETRIC_REPRESENTATION_CONTEXT() REPRESENTATION_CONTEXT('2D SPACE',''
  ) );
#517 = PCURVE('',#294,#518);
#518 = DEFINITIONAL_REPRESENTATION('',(#519),#523);
#519 = LINE('',#520,#521);
#520 = CARTESIAN_POINT('',(9.75E-02,0.140221957493));
#521 = VECTOR('',#522,1.);
#522 = DIRECTION('',(1.,0.));
#523 = ( GEOMETRIC_REPRESENTATION_CONTEXT(2) 
PARAMETRIC_REPRESENTATION_CONTEXT() REPRESENTATION_CONTEXT('2D SPACE',''
  ) );
#524 = ORIENTED_EDGE('',*,*,#525,.F.);
#525 = EDGE_CURVE('',#186,#503,#526,.T.);
#526 = SURFACE_CURVE('',#527,(#532,#545),.PCURVE_S1.);
#527 = ELLIPSE('',#528,7.071067811865E-02,5.E-02);
#528 = AXIS2_PLACEMENT_3D('',#529,#530,#531);
#529 = CARTESIAN_POINT('',(1.809778042507,-2.309778042507,0.225));
#530 = DIRECTION('',(0.707106781187,0.707106781187,0.));
#531 = DIRECTION('',(0.707106781187,-0.707106781187,0.));
#532 = PCURVE('',#227,#533);
#533 = DEFINITIONAL_REPRESENTATION('',(#534),#544);
#534 = B_SPLINE_CURVE_WITH_KNOTS('',8,(#535,#536,#537,#538,#539,#540,
    #541,#542,#543),.UNSPECIFIED.,.F.,.F.,(9,9),(0.156665165473,
    1.570796326795),.PIECEWISE_BEZIER_KNOTS.);
#535 = CARTESIAN_POINT('',(-1.049531863361E-16,3.711665697143));
#536 = CARTESIAN_POINT('',(0.176766395915,3.710286697517));
#537 = CARTESIAN_POINT('',(0.35353279083,3.707144057736));
#538 = CARTESIAN_POINT('',(0.530299185745,3.70230344481));
#539 = CARTESIAN_POINT('',(0.707065580658,3.695948046225));
#540 = CARTESIAN_POINT('',(0.883831975575,3.688372172539));
#541 = CARTESIAN_POINT('',(1.060598370491,3.679954683008));
#542 = CARTESIAN_POINT('',(1.237364765407,3.671116362303));
#543 = CARTESIAN_POINT('',(1.414131161322,3.662278042507));
#544 = ( GEOMETRIC_REPRESENTATION_CONTEXT(2) 
PARAMETRIC_REPRESENTATION_CONTEXT() REPRESENTATION_CONTEXT('2D SPACE',''
  ) );
#545 = PCURVE('',#546,#551);
#546 = CYLINDRICAL_SURFACE('',#547,5.E-02);
#547 = AXIS2_PLACEMENT_3D('',#548,#549,#550);
#548 = CARTESIAN_POINT('',(1.809778042507,-2.3525,0.225));
#549 = DIRECTION('',(0.,1.,0.));
#550 = DIRECTION('',(0.,0.,-1.));
#551 = DEFINITIONAL_REPRESENTATION('',(#552),#562);
#552 = B_SPLINE_CURVE_WITH_KNOTS('',8,(#553,#554,#555,#556,#557,#558,
    #559,#560,#561),.UNSPECIFIED.,.F.,.F.,(9,9),(0.156665165473,
    1.570796326795),.PIECEWISE_BEZIER_KNOTS.);
#553 = CARTESIAN_POINT('',(-1.414131161322,-6.665697142692E-03));
#554 = CARTESIAN_POINT('',(-1.237364765407,-5.286697517234E-03));
#555 = CARTESIAN_POINT('',(-1.060598370491,-2.144057743381E-03));
#556 = CARTESIAN_POINT('',(-0.883831975575,2.696555211465E-03));
#557 = CARTESIAN_POINT('',(-0.707065580661,9.051953740624E-03));
#558 = CARTESIAN_POINT('',(-0.530299185742,1.662782748136E-02));
#559 = CARTESIAN_POINT('',(-0.35353279083,2.504531698705E-02));
#560 = CARTESIAN_POINT('',(-0.176766395915,3.388363769729E-02));
#561 = CARTESIAN_POINT('',(4.439477802021E-15,4.272195749306E-02));
#562 = ( GEOMETRIC_REPRESENTATION_CONTEXT(2) 
PARAMETRIC_REPRESENTATION_CONTEXT() REPRESENTATION_CONTEXT('2D SPACE',''
  ) );
#563 = ORIENTED_EDGE('',*,*,#213,.F.);
#564 = ADVANCED_FACE('',(#565),#173,.F.);
#565 = FACE_BOUND('',#566,.F.);
#566 = EDGE_LOOP('',(#567,#595,#596,#597));
#567 = ORIENTED_EDGE('',*,*,#568,.F.);
#568 = EDGE_CURVE('',#158,#569,#571,.T.);
#569 = VERTEX_POINT('',#570);
#570 = CARTESIAN_POINT('',(1.95,-2.45,0.997246420274));
#571 = SURFACE_CURVE('',#572,(#576,#583),.PCURVE_S1.);
#572 = LINE('',#573,#574);
#573 = CARTESIAN_POINT('',(1.95,-2.45,0.175));
#574 = VECTOR('',#575,1.);
#575 = DIRECTION('',(0.,0.,1.));
#576 = PCURVE('',#173,#577);
#577 = DEFINITIONAL_REPRESENTATION('',(#578),#582);
#578 = LINE('',#579,#580);
#579 = CARTESIAN_POINT('',(0.,3.9));
#580 = VECTOR('',#581,1.);
#581 = DIRECTION('',(1.,0.));
#582 = ( GEOMETRIC_REPRESENTATION_CONTEXT(2) 
PARAMETRIC_REPRESENTATION_CONTEXT() REPRESENTATION_CONTEXT('2D SPACE',''
  ) );
#583 = PCURVE('',#584,#589);
#584 = PLANE('',#585);
#585 = AXIS2_PLACEMENT_3D('',#586,#587,#588);
#586 = CARTESIAN_POINT('',(1.95,-2.45,0.175));
#587 = DIRECTION('',(1.,0.,0.));
#588 = DIRECTION('',(0.,0.,1.));
#589 = DEFINITIONAL_REPRESENTATION('',(#590),#594);
#590 = LINE('',#591,#592);
#591 = CARTESIAN_POINT('',(0.,0.));
#592 = VECTOR('',#593,1.);
#593 = DIRECTION('',(1.,0.));
#594 = ( GEOMETRIC_REPRESENTATION_CONTEXT(2) 
PARAMETRIC_REPRESENTATION_CONTEXT() REPRESENTATION_CONTEXT('2D SPACE',''
  ) );
#595 = ORIENTED_EDGE('',*,*,#157,.F.);
#596 = ORIENTED_EDGE('',*,*,#349,.T.);
#597 = ORIENTED_EDGE('',*,*,#598,.T.);
#598 = EDGE_CURVE('',#350,#569,#599,.T.);
#599 = SURFACE_CURVE('',#600,(#604,#611),.PCURVE_S1.);
#600 = LINE('',#601,#602);
#601 = CARTESIAN_POINT('',(-1.95,-2.45,0.997246420274));
#602 = VECTOR('',#603,1.);
#603 = DIRECTION('',(1.,0.,0.));
#604 = PCURVE('',#173,#605);
#605 = DEFINITIONAL_REPRESENTATION('',(#606),#610);
#606 = LINE('',#607,#608);
#607 = CARTESIAN_POINT('',(0.822246420274,0.));
#608 = VECTOR('',#609,1.);
#609 = DIRECTION('',(0.,1.));
#610 = ( GEOMETRIC_REPRESENTATION_CONTEXT(2) 
PARAMETRIC_REPRESENTATION_CONTEXT() REPRESENTATION_CONTEXT('2D SPACE',''
  ) );
#611 = PCURVE('',#612,#617);
#612 = PLANE('',#613);
#613 = AXIS2_PLACEMENT_3D('',#614,#615,#616);
#614 = CARTESIAN_POINT('',(-1.95,-2.40125,1.373623210137));
#615 = DIRECTION('',(0.,0.991715798238,-0.128451452019));
#616 = DIRECTION('',(-1.,-0.,-0.));
#617 = DEFINITIONAL_REPRESENTATION('',(#618),#622);
#618 = LINE('',#619,#620);
#619 = CARTESIAN_POINT('',(-0.,-0.379520816883));
#620 = VECTOR('',#621,1.);
#621 = DIRECTION('',(-1.,0.));
#622 = ( GEOMETRIC_REPRESENTATION_CONTEXT(2) 
PARAMETRIC_REPRESENTATION_CONTEXT() REPRESENTATION_CONTEXT('2D SPACE',''
  ) );
#623 = ADVANCED_FACE('',(#624),#201,.F.);
#624 = FACE_BOUND('',#625,.F.);
#625 = EDGE_LOOP('',(#626,#627,#648,#649));
#626 = ORIENTED_EDGE('',*,*,#185,.F.);
#627 = ORIENTED_EDGE('',*,*,#628,.T.);
#628 = EDGE_CURVE('',#158,#432,#629,.T.);
#629 = SURFACE_CURVE('',#630,(#634,#641),.PCURVE_S1.);
#630 = LINE('',#631,#632);
#631 = CARTESIAN_POINT('',(1.95,-2.45,0.792246420274));
#632 = VECTOR('',#633,1.);
#633 = DIRECTION('',(0.,1.,0.));
#634 = PCURVE('',#201,#635);
#635 = DEFINITIONAL_REPRESENTATION('',(#636),#640);
#636 = LINE('',#637,#638);
#637 = CARTESIAN_POINT('',(0.,-0.312449753297));
#638 = VECTOR('',#639,1.);
#639 = DIRECTION('',(1.,0.));
#640 = ( GEOMETRIC_REPRESENTATION_CONTEXT(2) 
PARAMETRIC_REPRESENTATION_CONTEXT() REPRESENTATION_CONTEXT('2D SPACE',''
  ) );
#641 = PCURVE('',#584,#642);
#642 = DEFINITIONAL_REPRESENTATION('',(#643),#647);
#643 = LINE('',#644,#645);
#644 = CARTESIAN_POINT('',(0.617246420274,0.));
#645 = VECTOR('',#646,1.);
#646 = DIRECTION('',(0.,-1.));
#647 = ( GEOMETRIC_REPRESENTATION_CONTEXT(2) 
PARAMETRIC_REPRESENTATION_CONTEXT() REPRESENTATION_CONTEXT('2D SPACE',''
  ) );
#648 = ORIENTED_EDGE('',*,*,#454,.T.);
#649 = ORIENTED_EDGE('',*,*,#650,.F.);
#650 = EDGE_CURVE('',#186,#455,#651,.T.);
#651 = SURFACE_CURVE('',#652,(#656,#663),.PCURVE_S1.);
#652 = LINE('',#653,#654);
#653 = CARTESIAN_POINT('',(1.859165697143,-2.3525,0.217198745641));
#654 = VECTOR('',#655,1.);
#655 = DIRECTION('',(0.,1.,0.));
#656 = PCURVE('',#201,#657);
#657 = DEFINITIONAL_REPRESENTATION('',(#658),#662);
#658 = LINE('',#659,#660);
#659 = CARTESIAN_POINT('',(9.75E-02,0.269727795804));
#660 = VECTOR('',#661,1.);
#661 = DIRECTION('',(1.,0.));
#662 = ( GEOMETRIC_REPRESENTATION_CONTEXT(2) 
PARAMETRIC_REPRESENTATION_CONTEXT() REPRESENTATION_CONTEXT('2D SPACE',''
  ) );
#663 = PCURVE('',#546,#664);
#664 = DEFINITIONAL_REPRESENTATION('',(#665),#669);
#665 = LINE('',#666,#667);
#666 = CARTESIAN_POINT('',(-1.414131161322,0.));
#667 = VECTOR('',#668,1.);
#668 = DIRECTION('',(-0.,1.));
#669 = ( GEOMETRIC_REPRESENTATION_CONTEXT(2) 
PARAMETRIC_REPRESENTATION_CONTEXT() REPRESENTATION_CONTEXT('2D SPACE',''
  ) );
#670 = ADVANCED_FACE('',(#671),#294,.F.);
#671 = FACE_BOUND('',#672,.F.);
#672 = EDGE_LOOP('',(#673,#674,#675,#698));
#673 = ORIENTED_EDGE('',*,*,#278,.F.);
#674 = ORIENTED_EDGE('',*,*,#502,.T.);
#675 = ORIENTED_EDGE('',*,*,#676,.T.);
#676 = EDGE_CURVE('',#503,#677,#679,.T.);
#677 = VERTEX_POINT('',#678);
#678 = CARTESIAN_POINT('',(1.809778042507,2.309778042507,0.175));
#679 = SURFACE_CURVE('',#680,(#684,#691),.PCURVE_S1.);
#680 = LINE('',#681,#682);
#681 = CARTESIAN_POINT('',(1.809778042507,-2.3525,0.175));
#682 = VECTOR('',#683,1.);
#683 = DIRECTION('',(0.,1.,0.));
#684 = PCURVE('',#294,#685);
#685 = DEFINITIONAL_REPRESENTATION('',(#686),#690);
#686 = LINE('',#687,#688);
#687 = CARTESIAN_POINT('',(3.759778042507,9.75E-02));
#688 = VECTOR('',#689,1.);
#689 = DIRECTION('',(0.,1.));
#690 = ( GEOMETRIC_REPRESENTATION_CONTEXT(2) 
PARAMETRIC_REPRESENTATION_CONTEXT() REPRESENTATION_CONTEXT('2D SPACE',''
  ) );
#691 = PCURVE('',#546,#692);
#692 = DEFINITIONAL_REPRESENTATION('',(#693),#697);
#693 = LINE('',#694,#695);
#694 = CARTESIAN_POINT('',(-0.,0.));
#695 = VECTOR('',#696,1.);
#696 = DIRECTION('',(-0.,1.));
#697 = ( GEOMETRIC_REPRESENTATION_CONTEXT(2) 
PARAMETRIC_REPRESENTATION_CONTEXT() REPRESENTATION_CONTEXT('2D SPACE',''
  ) );
#698 = ORIENTED_EDGE('',*,*,#699,.F.);
#699 = EDGE_CURVE('',#279,#677,#700,.T.);
#700 = SURFACE_CURVE('',#701,(#705,#712),.PCURVE_S1.);
#701 = LINE('',#702,#703);
#702 = CARTESIAN_POINT('',(-1.8525,2.309778042507,0.175));
#703 = VECTOR('',#704,1.);
#704 = DIRECTION('',(1.,0.,0.));
#705 = PCURVE('',#294,#706);
#706 = DEFINITIONAL_REPRESENTATION('',(#707),#711);
#707 = LINE('',#708,#709);
#708 = CARTESIAN_POINT('',(9.75E-02,4.759778042507));
#709 = VECTOR('',#710,1.);
#710 = DIRECTION('',(1.,0.));
#711 = ( GEOMETRIC_REPRESENTATION_CONTEXT(2) 
PARAMETRIC_REPRESENTATION_CONTEXT() REPRESENTATION_CONTEXT('2D SPACE',''
  ) );
#712 = PCURVE('',#327,#713);
#713 = DEFINITIONAL_REPRESENTATION('',(#714),#718);
#714 = LINE('',#715,#716);
#715 = CARTESIAN_POINT('',(0.,0.));
#716 = VECTOR('',#717,1.);
#717 = DIRECTION('',(0.,1.));
#718 = ( GEOMETRIC_REPRESENTATION_CONTEXT(2) 
PARAMETRIC_REPRESENTATION_CONTEXT() REPRESENTATION_CONTEXT('2D SPACE',''
  ) );
#719 = ADVANCED_FACE('',(#720),#327,.T.);
#720 = FACE_BOUND('',#721,.T.);
#721 = EDGE_LOOP('',(#722,#723,#724,#758));
#722 = ORIENTED_EDGE('',*,*,#306,.F.);
#723 = ORIENTED_EDGE('',*,*,#477,.T.);
#724 = ORIENTED_EDGE('',*,*,#725,.F.);
#725 = EDGE_CURVE('',#677,#455,#726,.T.);
#726 = SURFACE_CURVE('',#727,(#732,#745),.PCURVE_S1.);
#727 = ELLIPSE('',#728,7.071067811865E-02,5.E-02);
#728 = AXIS2_PLACEMENT_3D('',#729,#730,#731);
#729 = CARTESIAN_POINT('',(1.809778042507,2.309778042507,0.225));
#730 = DIRECTION('',(0.707106781187,-0.707106781187,0.));
#731 = DIRECTION('',(0.707106781187,0.707106781187,0.));
#732 = PCURVE('',#327,#733);
#733 = DEFINITIONAL_REPRESENTATION('',(#734),#744);
#734 = B_SPLINE_CURVE_WITH_KNOTS('',8,(#735,#736,#737,#738,#739,#740,
    #741,#742,#743),.UNSPECIFIED.,.F.,.F.,(9,9),(4.712388980385,
    6.126520141707),.PIECEWISE_BEZIER_KNOTS.);
#735 = CARTESIAN_POINT('',(-1.049531805717E-16,3.662278042507));
#736 = CARTESIAN_POINT('',(0.176766395915,3.671116362303));
#737 = CARTESIAN_POINT('',(0.353532790831,3.679954683011));
#738 = CARTESIAN_POINT('',(0.530299185741,3.688372172492));
#739 = CARTESIAN_POINT('',(0.707065580661,3.695948046279));
#740 = CARTESIAN_POINT('',(0.883831975574,3.702303444768));
#741 = CARTESIAN_POINT('',(1.060598370492,3.707144057743));
#742 = CARTESIAN_POINT('',(1.237364765407,3.710286697517));
#743 = CARTESIAN_POINT('',(1.414131161322,3.711665697143));
#744 = ( GEOMETRIC_REPRESENTATION_CONTEXT(2) 
PARAMETRIC_REPRESENTATION_CONTEXT() REPRESENTATION_CONTEXT('2D SPACE',''
  ) );
#745 = PCURVE('',#546,#746);
#746 = DEFINITIONAL_REPRESENTATION('',(#747),#757);
#747 = B_SPLINE_CURVE_WITH_KNOTS('',8,(#748,#749,#750,#751,#752,#753,
    #754,#755,#756),.UNSPECIFIED.,.F.,.F.,(9,9),(4.712388980385,
    6.126520141707),.PIECEWISE_BEZIER_KNOTS.);
#748 = CARTESIAN_POINT('',(4.545845279072E-15,4.662278042507));
#749 = CARTESIAN_POINT('',(-0.176766395915,4.671116362303));
#750 = CARTESIAN_POINT('',(-0.353532790829,4.679954683014));
#751 = CARTESIAN_POINT('',(-0.53029918575,4.688372172515));
#752 = CARTESIAN_POINT('',(-0.707065580657,4.695948046246));
#753 = CARTESIAN_POINT('',(-0.88383197558,4.702303444776));
#754 = CARTESIAN_POINT('',(-1.060598370491,4.707144057746));
#755 = CARTESIAN_POINT('',(-1.237364765407,4.710286697517));
#756 = CARTESIAN_POINT('',(-1.414131161322,4.711665697143));
#757 = ( GEOMETRIC_REPRESENTATION_CONTEXT(2) 
PARAMETRIC_REPRESENTATION_CONTEXT() REPRESENTATION_CONTEXT('2D SPACE',''
  ) );
#758 = ORIENTED_EDGE('',*,*,#699,.F.);
#759 = ADVANCED_FACE('',(#760),#415,.F.);
#760 = FACE_BOUND('',#761,.F.);
#761 = EDGE_LOOP('',(#762,#785,#786,#814));
#762 = ORIENTED_EDGE('',*,*,#763,.F.);
#763 = EDGE_CURVE('',#350,#764,#766,.T.);
#764 = VERTEX_POINT('',#765);
#765 = CARTESIAN_POINT('',(-1.858144342698,-2.358144342698,
    1.706422572601));
#766 = SURFACE_CURVE('',#767,(#771,#778),.PCURVE_S1.);
#767 = LINE('',#768,#769);
#768 = CARTESIAN_POINT('',(-1.902041307658,-2.402041307658,
    1.367513880164));
#769 = VECTOR('',#770,1.);
#770 = DIRECTION('',(0.127404677944,0.127404677944,0.983634127141));
#771 = PCURVE('',#415,#772);
#772 = DEFINITIONAL_REPRESENTATION('',(#773),#777);
#773 = LINE('',#774,#775);
#774 = CARTESIAN_POINT('',(4.795869234185E-02,-6.160363668237E-03));
#775 = VECTOR('',#776,1.);
#776 = DIRECTION('',(0.127404677944,0.991850819447));
#777 = ( GEOMETRIC_REPRESENTATION_CONTEXT(2) 
PARAMETRIC_REPRESENTATION_CONTEXT() REPRESENTATION_CONTEXT('2D SPACE',''
  ) );
#778 = PCURVE('',#612,#779);
#779 = DEFINITIONAL_REPRESENTATION('',(#780),#784);
#780 = LINE('',#781,#782);
#781 = CARTESIAN_POINT('',(-4.795869234185E-02,-6.160363668237E-03));
#782 = VECTOR('',#783,1.);
#783 = DIRECTION('',(-0.127404677944,0.991850819447));
#784 = ( GEOMETRIC_REPRESENTATION_CONTEXT(2) 
PARAMETRIC_REPRESENTATION_CONTEXT() REPRESENTATION_CONTEXT('2D SPACE',''
  ) );
#785 = ORIENTED_EDGE('',*,*,#401,.T.);
#786 = ORIENTED_EDGE('',*,*,#787,.T.);
#787 = EDGE_CURVE('',#374,#788,#790,.T.);
#788 = VERTEX_POINT('',#789);
#789 = CARTESIAN_POINT('',(-1.858144342698,2.358144342698,1.706422572601
    ));
#790 = SURFACE_CURVE('',#791,(#795,#802),.PCURVE_S1.);
#791 = LINE('',#792,#793);
#792 = CARTESIAN_POINT('',(-1.862273025351,2.362273025351,1.674546873663
    ));
#793 = VECTOR('',#794,1.);
#794 = DIRECTION('',(0.127404677944,-0.127404677944,0.983634127141));
#795 = PCURVE('',#415,#796);
#796 = DEFINITIONAL_REPRESENTATION('',(#797),#801);
#797 = LINE('',#798,#799);
#798 = CARTESIAN_POINT('',(4.812273025351,0.303437400171));
#799 = VECTOR('',#800,1.);
#800 = DIRECTION('',(-0.127404677944,0.991850819447));
#801 = ( GEOMETRIC_REPRESENTATION_CONTEXT(2) 
PARAMETRIC_REPRESENTATION_CONTEXT() REPRESENTATION_CONTEXT('2D SPACE',''
  ) );
#802 = PCURVE('',#803,#808);
#803 = PLANE('',#804);
#804 = AXIS2_PLACEMENT_3D('',#805,#806,#807);
#805 = CARTESIAN_POINT('',(-1.95,2.40125,1.373623210137));
#806 = DIRECTION('',(0.,0.991715798238,0.128451452019));
#807 = DIRECTION('',(-1.,0.,0.));
#808 = DEFINITIONAL_REPRESENTATION('',(#809),#813);
#809 = LINE('',#810,#811);
#810 = CARTESIAN_POINT('',(-8.772697464884E-02,0.303437400171));
#811 = VECTOR('',#812,1.);
#812 = DIRECTION('',(-0.127404677944,0.991850819447));
#813 = ( GEOMETRIC_REPRESENTATION_CONTEXT(2) 
PARAMETRIC_REPRESENTATION_CONTEXT() REPRESENTATION_CONTEXT('2D SPACE',''
  ) );
#814 = ORIENTED_EDGE('',*,*,#815,.F.);
#815 = EDGE_CURVE('',#764,#788,#816,.T.);
#816 = SURFACE_CURVE('',#817,(#821,#828),.PCURVE_S1.);
#817 = LINE('',#818,#819);
#818 = CARTESIAN_POINT('',(-1.858144342698,-2.3525,1.706422572601));
#819 = VECTOR('',#820,1.);
#820 = DIRECTION('',(0.,1.,0.));
#821 = PCURVE('',#415,#822);
#822 = DEFINITIONAL_REPRESENTATION('',(#823),#827);
#823 = LINE('',#824,#825);
#824 = CARTESIAN_POINT('',(9.75E-02,0.335579369669));
#825 = VECTOR('',#826,1.);
#826 = DIRECTION('',(1.,0.));
#827 = ( GEOMETRIC_REPRESENTATION_CONTEXT(2) 
PARAMETRIC_REPRESENTATION_CONTEXT() REPRESENTATION_CONTEXT('2D SPACE',''
  ) );
#828 = PCURVE('',#829,#834);
#829 = CYLINDRICAL_SURFACE('',#830,5.E-02);
#830 = AXIS2_PLACEMENT_3D('',#831,#832,#833);
#831 = CARTESIAN_POINT('',(-1.808558552786,-2.3525,1.7));
#832 = DIRECTION('',(0.,1.,0.));
#833 = DIRECTION('',(-0.991715798238,0.,0.128451452019));
#834 = DEFINITIONAL_REPRESENTATION('',(#835),#839);
#835 = LINE('',#836,#837);
#836 = CARTESIAN_POINT('',(0.,0.));
#837 = VECTOR('',#838,1.);
#838 = DIRECTION('',(0.,1.));
#839 = ( GEOMETRIC_REPRESENTATION_CONTEXT(2) 
PARAMETRIC_REPRESENTATION_CONTEXT() REPRESENTATION_CONTEXT('2D SPACE',''
  ) );
#840 = ADVANCED_FACE('',(#841),#389,.T.);
#841 = FACE_BOUND('',#842,.T.);
#842 = EDGE_LOOP('',(#843,#866,#867,#868));
#843 = ORIENTED_EDGE('',*,*,#844,.F.);
#844 = EDGE_CURVE('',#432,#845,#847,.T.);
#845 = VERTEX_POINT('',#846);
#846 = CARTESIAN_POINT('',(1.95,2.45,0.997246420274));
#847 = SURFACE_CURVE('',#848,(#852,#859),.PCURVE_S1.);
#848 = LINE('',#849,#850);
#849 = CARTESIAN_POINT('',(1.95,2.45,0.175));
#850 = VECTOR('',#851,1.);
#851 = DIRECTION('',(0.,0.,1.));
#852 = PCURVE('',#389,#853);
#853 = DEFINITIONAL_REPRESENTATION('',(#854),#858);
#854 = LINE('',#855,#856);
#855 = CARTESIAN_POINT('',(0.,3.9));
#856 = VECTOR('',#857,1.);
#857 = DIRECTION('',(1.,0.));
#858 = ( GEOMETRIC_REPRESENTATION_CONTEXT(2) 
PARAMETRIC_REPRESENTATION_CONTEXT() REPRESENTATION_CONTEXT('2D SPACE',''
  ) );
#859 = PCURVE('',#584,#860);
#860 = DEFINITIONAL_REPRESENTATION('',(#861),#865);
#861 = LINE('',#862,#863);
#862 = CARTESIAN_POINT('',(0.,-4.9));
#863 = VECTOR('',#864,1.);
#864 = DIRECTION('',(1.,0.));
#865 = ( GEOMETRIC_REPRESENTATION_CONTEXT(2) 
PARAMETRIC_REPRESENTATION_CONTEXT() REPRESENTATION_CONTEXT('2D SPACE',''
  ) );
#866 = ORIENTED_EDGE('',*,*,#431,.F.);
#867 = ORIENTED_EDGE('',*,*,#373,.T.);
#868 = ORIENTED_EDGE('',*,*,#869,.T.);
#869 = EDGE_CURVE('',#374,#845,#870,.T.);
#870 = SURFACE_CURVE('',#871,(#875,#882),.PCURVE_S1.);
#871 = LINE('',#872,#873);
#872 = CARTESIAN_POINT('',(-1.95,2.45,0.997246420274));
#873 = VECTOR('',#874,1.);
#874 = DIRECTION('',(1.,0.,0.));
#875 = PCURVE('',#389,#876);
#876 = DEFINITIONAL_REPRESENTATION('',(#877),#881);
#877 = LINE('',#878,#879);
#878 = CARTESIAN_POINT('',(0.822246420274,0.));
#879 = VECTOR('',#880,1.);
#880 = DIRECTION('',(0.,1.));
#881 = ( GEOMETRIC_REPRESENTATION_CONTEXT(2) 
PARAMETRIC_REPRESENTATION_CONTEXT() REPRESENTATION_CONTEXT('2D SPACE',''
  ) );
#882 = PCURVE('',#803,#883);
#883 = DEFINITIONAL_REPRESENTATION('',(#884),#888);
#884 = LINE('',#885,#886);
#885 = CARTESIAN_POINT('',(-0.,-0.379520816883));
#886 = VECTOR('',#887,1.);
#887 = DIRECTION('',(-1.,0.));
#888 = ( GEOMETRIC_REPRESENTATION_CONTEXT(2) 
PARAMETRIC_REPRESENTATION_CONTEXT() REPRESENTATION_CONTEXT('2D SPACE',''
  ) );
#889 = ADVANCED_FACE('',(#890),#546,.T.);
#890 = FACE_BOUND('',#891,.F.);
#891 = EDGE_LOOP('',(#892,#893,#894,#895));
#892 = ORIENTED_EDGE('',*,*,#525,.F.);
#893 = ORIENTED_EDGE('',*,*,#650,.T.);
#894 = ORIENTED_EDGE('',*,*,#725,.F.);
#895 = ORIENTED_EDGE('',*,*,#676,.F.);
#896 = ADVANCED_FACE('',(#897),#584,.T.);
#897 = FACE_BOUND('',#898,.T.);
#898 = EDGE_LOOP('',(#899,#900,#901,#902));
#899 = ORIENTED_EDGE('',*,*,#568,.F.);
#900 = ORIENTED_EDGE('',*,*,#628,.T.);
#901 = ORIENTED_EDGE('',*,*,#844,.T.);
#902 = ORIENTED_EDGE('',*,*,#903,.F.);
#903 = EDGE_CURVE('',#569,#845,#904,.T.);
#904 = SURFACE_CURVE('',#905,(#909,#916),.PCURVE_S1.);
#905 = LINE('',#906,#907);
#906 = CARTESIAN_POINT('',(1.95,-2.45,0.997246420274));
#907 = VECTOR('',#908,1.);
#908 = DIRECTION('',(0.,1.,0.));
#909 = PCURVE('',#584,#910);
#910 = DEFINITIONAL_REPRESENTATION('',(#911),#915);
#911 = LINE('',#912,#913);
#912 = CARTESIAN_POINT('',(0.822246420274,0.));
#913 = VECTOR('',#914,1.);
#914 = DIRECTION('',(0.,-1.));
#915 = ( GEOMETRIC_REPRESENTATION_CONTEXT(2) 
PARAMETRIC_REPRESENTATION_CONTEXT() REPRESENTATION_CONTEXT('2D SPACE',''
  ) );
#916 = PCURVE('',#917,#922);
#917 = PLANE('',#918);
#918 = AXIS2_PLACEMENT_3D('',#919,#920,#921);
#919 = CARTESIAN_POINT('',(1.90125,-2.45,1.373623210137));
#920 = DIRECTION('',(0.991715798238,1.739713553152E-18,0.128451452019));
#921 = DIRECTION('',(-1.725301415069E-18,1.,-2.234687319992E-19));
#922 = DEFINITIONAL_REPRESENTATION('',(#923),#927);
#923 = LINE('',#924,#925);
#924 = CARTESIAN_POINT('',(0.,-0.379520816883));
#925 = VECTOR('',#926,1.);
#926 = DIRECTION('',(1.,0.));
#927 = ( GEOMETRIC_REPRESENTATION_CONTEXT(2) 
PARAMETRIC_REPRESENTATION_CONTEXT() REPRESENTATION_CONTEXT('2D SPACE',''
  ) );
#928 = ADVANCED_FACE('',(#929),#612,.F.);
#929 = FACE_BOUND('',#930,.T.);
#930 = EDGE_LOOP('',(#931,#932,#933,#956));
#931 = ORIENTED_EDGE('',*,*,#763,.F.);
#932 = ORIENTED_EDGE('',*,*,#598,.T.);
#933 = ORIENTED_EDGE('',*,*,#934,.T.);
#934 = EDGE_CURVE('',#569,#935,#937,.T.);
#935 = VERTEX_POINT('',#936);
#936 = CARTESIAN_POINT('',(1.858144342698,-2.358144342698,1.706422572601
    ));
#937 = SURFACE_CURVE('',#938,(#942,#949),.PCURVE_S1.);
#938 = LINE('',#939,#940);
#939 = CARTESIAN_POINT('',(1.870389001332,-2.370389001332,1.611887079072
    ));
#940 = VECTOR('',#941,1.);
#941 = DIRECTION('',(-0.127404677944,0.127404677944,0.983634127141));
#942 = PCURVE('',#612,#943);
#943 = DEFINITIONAL_REPRESENTATION('',(#944),#948);
#944 = LINE('',#945,#946);
#945 = CARTESIAN_POINT('',(-3.820389001332,0.240254183061));
#946 = VECTOR('',#947,1.);
#947 = DIRECTION('',(0.127404677944,0.991850819447));
#948 = ( GEOMETRIC_REPRESENTATION_CONTEXT(2) 
PARAMETRIC_REPRESENTATION_CONTEXT() REPRESENTATION_CONTEXT('2D SPACE',''
  ) );
#949 = PCURVE('',#917,#950);
#950 = DEFINITIONAL_REPRESENTATION('',(#951),#955);
#951 = LINE('',#952,#953);
#952 = CARTESIAN_POINT('',(7.961099866782E-02,0.240254183061));
#953 = VECTOR('',#954,1.);
#954 = DIRECTION('',(0.127404677944,0.991850819447));
#955 = ( GEOMETRIC_REPRESENTATION_CONTEXT(2) 
PARAMETRIC_REPRESENTATION_CONTEXT() REPRESENTATION_CONTEXT('2D SPACE',''
  ) );
#956 = ORIENTED_EDGE('',*,*,#957,.F.);
#957 = EDGE_CURVE('',#764,#935,#958,.T.);
#958 = SURFACE_CURVE('',#959,(#963,#970),.PCURVE_S1.);
#959 = LINE('',#960,#961);
#960 = CARTESIAN_POINT('',(-1.8525,-2.358144342698,1.706422572601));
#961 = VECTOR('',#962,1.);
#962 = DIRECTION('',(1.,0.,0.));
#963 = PCURVE('',#612,#964);
#964 = DEFINITIONAL_REPRESENTATION('',(#965),#969);
#965 = LINE('',#966,#967);
#966 = CARTESIAN_POINT('',(-9.75E-02,0.335579369669));
#967 = VECTOR('',#968,1.);
#968 = DIRECTION('',(-1.,0.));
#969 = ( GEOMETRIC_REPRESENTATION_CONTEXT(2) 
PARAMETRIC_REPRESENTATION_CONTEXT() REPRESENTATION_CONTEXT('2D SPACE',''
  ) );
#970 = PCURVE('',#971,#976);
#971 = CYLINDRICAL_SURFACE('',#972,5.E-02);
#972 = AXIS2_PLACEMENT_3D('',#973,#974,#975);
#973 = CARTESIAN_POINT('',(-1.8525,-2.308558552786,1.7));
#974 = DIRECTION('',(1.,0.,0.));
#975 = DIRECTION('',(0.,-0.991715798238,0.128451452019));
#976 = DEFINITIONAL_REPRESENTATION('',(#977),#981);
#977 = LINE('',#978,#979);
#978 = CARTESIAN_POINT('',(-0.,0.));
#979 = VECTOR('',#980,1.);
#980 = DIRECTION('',(-0.,1.));
#981 = ( GEOMETRIC_REPRESENTATION_CONTEXT(2) 
PARAMETRIC_REPRESENTATION_CONTEXT() REPRESENTATION_CONTEXT('2D SPACE',''
  ) );
#982 = ADVANCED_FACE('',(#983),#829,.T.);
#983 = FACE_BOUND('',#984,.T.);
#984 = EDGE_LOOP('',(#985,#1021,#1049,#1088));
#985 = ORIENTED_EDGE('',*,*,#986,.T.);
#986 = EDGE_CURVE('',#764,#987,#989,.T.);
#987 = VERTEX_POINT('',#988);
#988 = CARTESIAN_POINT('',(-1.808558552786,-2.308558552786,1.75));
#989 = SURFACE_CURVE('',#990,(#995,#1008),.PCURVE_S1.);
#990 = ELLIPSE('',#991,7.071067811865E-02,5.E-02);
#991 = AXIS2_PLACEMENT_3D('',#992,#993,#994);
#992 = CARTESIAN_POINT('',(-1.808558552786,-2.308558552786,1.7));
#993 = DIRECTION('',(-0.707106781187,0.707106781187,0.));
#994 = DIRECTION('',(0.707106781187,0.707106781187,0.));
#995 = PCURVE('',#829,#996);
#996 = DEFINITIONAL_REPRESENTATION('',(#997),#1007);
#997 = B_SPLINE_CURVE_WITH_KNOTS('',8,(#998,#999,#1000,#1001,#1002,#1003
    ,#1004,#1005,#1006),.UNSPECIFIED.,.F.,.F.,(9,9),(3.270399991094,
    4.712388980385),.PIECEWISE_BEZIER_KNOTS.);
#998 = CARTESIAN_POINT('',(8.922360760445E-15,-5.644342698385E-03));
#999 = CARTESIAN_POINT('',(0.180248624411,-4.486682812945E-03));
#1000 = CARTESIAN_POINT('',(0.360497247823,-1.48785525036E-03));
#1001 = CARTESIAN_POINT('',(0.54074587123,3.294817309282E-03));
#1002 = CARTESIAN_POINT('',(0.720994494648,9.676447741398E-03));
#1003 = CARTESIAN_POINT('',(0.901243118054,1.735034730904E-02));
#1004 = CARTESIAN_POINT('',(1.081491741469,2.591658368498E-02));
#1005 = CARTESIAN_POINT('',(1.261740364879,3.492901599294E-02));
#1006 = CARTESIAN_POINT('',(1.44198898929,4.39414472135E-02));
#1007 = ( GEOMETRIC_REPRESENTATION_CONTEXT(2) 
PARAMETRIC_REPRESENTATION_CONTEXT() REPRESENTATION_CONTEXT('2D SPACE',''
  ) );
#1008 = PCURVE('',#971,#1009);
#1009 = DEFINITIONAL_REPRESENTATION('',(#1010),#1020);
#1010 = B_SPLINE_CURVE_WITH_KNOTS('',8,(#1011,#1012,#1013,#1014,#1015,
    #1016,#1017,#1018,#1019),.UNSPECIFIED.,.F.,.F.,(9,9),(3.270399991094
    ,4.712388980385),.PIECEWISE_BEZIER_KNOTS.);
#1011 = CARTESIAN_POINT('',(-4.057655517225E-17,-5.644342698384E-03));
#1012 = CARTESIAN_POINT('',(-0.180248624411,-4.486682812945E-03));
#1013 = CARTESIAN_POINT('',(-0.360497247822,-1.487855250355E-03));
#1014 = CARTESIAN_POINT('',(-0.540745871233,3.294817309282E-03));
#1015 = CARTESIAN_POINT('',(-0.720994494647,9.676447741398E-03));
#1016 = CARTESIAN_POINT('',(-0.901243118054,1.735034730905E-02));
#1017 = CARTESIAN_POINT('',(-1.081491741468,2.591658368498E-02));
#1018 = CARTESIAN_POINT('',(-1.261740364879,3.492901599294E-02));
#1019 = CARTESIAN_POINT('',(-1.44198898929,4.39414472135E-02));
#1020 = ( GEOMETRIC_REPRESENTATION_CONTEXT(2) 
PARAMETRIC_REPRESENTATION_CONTEXT() REPRESENTATION_CONTEXT('2D SPACE',''
  ) );
#1021 = ORIENTED_EDGE('',*,*,#1022,.T.);
#1022 = EDGE_CURVE('',#987,#1023,#1025,.T.);
#1023 = VERTEX_POINT('',#1024);
#1024 = CARTESIAN_POINT('',(-1.808558552786,2.308558552786,1.75));
#1025 = SURFACE_CURVE('',#1026,(#1030,#1037),.PCURVE_S1.);
#1026 = LINE('',#1027,#1028);
#1027 = CARTESIAN_POINT('',(-1.808558552786,-2.3525,1.75));
#1028 = VECTOR('',#1029,1.);
#1029 = DIRECTION('',(0.,1.,0.));
#1030 = PCURVE('',#829,#1031);
#1031 = DEFINITIONAL_REPRESENTATION('',(#1032),#1036);
#1032 = LINE('',#1033,#1034);
#1033 = CARTESIAN_POINT('',(1.44198898929,0.));
#1034 = VECTOR('',#1035,1.);
#1035 = DIRECTION('',(0.,1.));
#1036 = ( GEOMETRIC_REPRESENTATION_CONTEXT(2) 
PARAMETRIC_REPRESENTATION_CONTEXT() REPRESENTATION_CONTEXT('2D SPACE',''
  ) );
#1037 = PCURVE('',#1038,#1043);
#1038 = PLANE('',#1039);
#1039 = AXIS2_PLACEMENT_3D('',#1040,#1041,#1042);
#1040 = CARTESIAN_POINT('',(-1.95,-2.45,1.75));
#1041 = DIRECTION('',(0.,0.,1.));
#1042 = DIRECTION('',(1.,0.,0.));
#1043 = DEFINITIONAL_REPRESENTATION('',(#1044),#1048);
#1044 = LINE('',#1045,#1046);
#1045 = CARTESIAN_POINT('',(0.141441447214,9.75E-02));
#1046 = VECTOR('',#1047,1.);
#1047 = DIRECTION('',(0.,1.));
#1048 = ( GEOMETRIC_REPRESENTATION_CONTEXT(2) 
PARAMETRIC_REPRESENTATION_CONTEXT() REPRESENTATION_CONTEXT('2D SPACE',''
  ) );
#1049 = ORIENTED_EDGE('',*,*,#1050,.F.);
#1050 = EDGE_CURVE('',#788,#1023,#1051,.T.);
#1051 = SURFACE_CURVE('',#1052,(#1057,#1070),.PCURVE_S1.);
#1052 = ELLIPSE('',#1053,7.071067811865E-02,5.E-02);
#1053 = AXIS2_PLACEMENT_3D('',#1054,#1055,#1056);
#1054 = CARTESIAN_POINT('',(-1.808558552786,2.308558552786,1.7));
#1055 = DIRECTION('',(0.707106781187,0.707106781187,-0.));
#1056 = DIRECTION('',(-0.707106781187,0.707106781187,0.));
#1057 = PCURVE('',#829,#1058);
#1058 = DEFINITIONAL_REPRESENTATION('',(#1059),#1069);
#1059 = B_SPLINE_CURVE_WITH_KNOTS('',8,(#1060,#1061,#1062,#1063,#1064,
    #1065,#1066,#1067,#1068),.UNSPECIFIED.,.F.,.F.,(9,9),(0.128807337505
    ,1.570796326795),.PIECEWISE_BEZIER_KNOTS.);
#1060 = CARTESIAN_POINT('',(8.922360760807E-15,4.710644342698));
#1061 = CARTESIAN_POINT('',(0.180248624411,4.709486682813));
#1062 = CARTESIAN_POINT('',(0.360497247823,4.706487855246));
#1063 = CARTESIAN_POINT('',(0.540745871231,4.701705182702));
#1064 = CARTESIAN_POINT('',(0.720994494651,4.695323552231));
#1065 = CARTESIAN_POINT('',(0.901243118054,4.687649652698));
#1066 = CARTESIAN_POINT('',(1.081491741469,4.679083416308));
#1067 = CARTESIAN_POINT('',(1.261740364879,4.670070984007));
#1068 = CARTESIAN_POINT('',(1.44198898929,4.661058552786));
#1069 = ( GEOMETRIC_REPRESENTATION_CONTEXT(2) 
PARAMETRIC_REPRESENTATION_CONTEXT() REPRESENTATION_CONTEXT('2D SPACE',''
  ) );
#1070 = PCURVE('',#1071,#1076);
#1071 = CYLINDRICAL_SURFACE('',#1072,5.E-02);
#1072 = AXIS2_PLACEMENT_3D('',#1073,#1074,#1075);
#1073 = CARTESIAN_POINT('',(-1.8525,2.308558552786,1.7));
#1074 = DIRECTION('',(1.,0.,0.));
#1075 = DIRECTION('',(0.,0.,1.));
#1076 = DEFINITIONAL_REPRESENTATION('',(#1077),#1087);
#1077 = B_SPLINE_CURVE_WITH_KNOTS('',8,(#1078,#1079,#1080,#1081,#1082,
    #1083,#1084,#1085,#1086),.UNSPECIFIED.,.F.,.F.,(9,9),(0.128807337505
    ,1.570796326795),.PIECEWISE_BEZIER_KNOTS.);
#1078 = CARTESIAN_POINT('',(-1.44198898929,-5.644342698384E-03));
#1079 = CARTESIAN_POINT('',(-1.261740364879,-4.486682812945E-03));
#1080 = CARTESIAN_POINT('',(-1.081491741468,-1.487855250378E-03));
#1081 = CARTESIAN_POINT('',(-0.901243118053,3.294817309346E-03));
#1082 = CARTESIAN_POINT('',(-0.720994494647,9.676447741342E-03));
#1083 = CARTESIAN_POINT('',(-0.540745871231,1.73503473091E-02));
#1084 = CARTESIAN_POINT('',(-0.360497247823,2.591658368496E-02));
#1085 = CARTESIAN_POINT('',(-0.180248624411,3.492901599294E-02));
#1086 = CARTESIAN_POINT('',(-1.386972507159E-18,4.39414472135E-02));
#1087 = ( GEOMETRIC_REPRESENTATION_CONTEXT(2) 
PARAMETRIC_REPRESENTATION_CONTEXT() REPRESENTATION_CONTEXT('2D SPACE',''
  ) );
#1088 = ORIENTED_EDGE('',*,*,#815,.F.);
#1089 = ADVANCED_FACE('',(#1090),#803,.T.);
#1090 = FACE_BOUND('',#1091,.F.);
#1091 = EDGE_LOOP('',(#1092,#1093,#1094,#1117));
#1092 = ORIENTED_EDGE('',*,*,#787,.F.);
#1093 = ORIENTED_EDGE('',*,*,#869,.T.);
#1094 = ORIENTED_EDGE('',*,*,#1095,.T.);
#1095 = EDGE_CURVE('',#845,#1096,#1098,.T.);
#1096 = VERTEX_POINT('',#1097);
#1097 = CARTESIAN_POINT('',(1.858144342698,2.358144342698,1.706422572601
    ));
#1098 = SURFACE_CURVE('',#1099,(#1103,#1110),.PCURVE_S1.);
#1099 = LINE('',#1100,#1101);
#1100 = CARTESIAN_POINT('',(1.830620719025,2.330620719025,1.91892007257)
  );
#1101 = VECTOR('',#1102,1.);
#1102 = DIRECTION('',(-0.127404677944,-0.127404677944,0.983634127141));
#1103 = PCURVE('',#803,#1104);
#1104 = DEFINITIONAL_REPRESENTATION('',(#1105),#1109);
#1105 = LINE('',#1106,#1107);
#1106 = CARTESIAN_POINT('',(-3.780620719025,0.549851946901));
#1107 = VECTOR('',#1108,1.);
#1108 = DIRECTION('',(0.127404677944,0.991850819447));
#1109 = ( GEOMETRIC_REPRESENTATION_CONTEXT(2) 
PARAMETRIC_REPRESENTATION_CONTEXT() REPRESENTATION_CONTEXT('2D SPACE',''
  ) );
#1110 = PCURVE('',#917,#1111);
#1111 = DEFINITIONAL_REPRESENTATION('',(#1112),#1116);
#1112 = LINE('',#1113,#1114);
#1113 = CARTESIAN_POINT('',(4.780620719025,0.549851946901));
#1114 = VECTOR('',#1115,1.);
#1115 = DIRECTION('',(-0.127404677944,0.991850819447));
#1116 = ( GEOMETRIC_REPRESENTATION_CONTEXT(2) 
PARAMETRIC_REPRESENTATION_CONTEXT() REPRESENTATION_CONTEXT('2D SPACE',''
  ) );
#1117 = ORIENTED_EDGE('',*,*,#1118,.F.);
#1118 = EDGE_CURVE('',#788,#1096,#1119,.T.);
#1119 = SURFACE_CURVE('',#1120,(#1124,#1131),.PCURVE_S1.);
#1120 = LINE('',#1121,#1122);
#1121 = CARTESIAN_POINT('',(-1.8525,2.358144342698,1.706422572601));
#1122 = VECTOR('',#1123,1.);
#1123 = DIRECTION('',(1.,0.,0.));
#1124 = PCURVE('',#803,#1125);
#1125 = DEFINITIONAL_REPRESENTATION('',(#1126),#1130);
#1126 = LINE('',#1127,#1128);
#1127 = CARTESIAN_POINT('',(-9.75E-02,0.335579369669));
#1128 = VECTOR('',#1129,1.);
#1129 = DIRECTION('',(-1.,0.));
#1130 = ( GEOMETRIC_REPRESENTATION_CONTEXT(2) 
PARAMETRIC_REPRESENTATION_CONTEXT() REPRESENTATION_CONTEXT('2D SPACE',''
  ) );
#1131 = PCURVE('',#1071,#1132);
#1132 = DEFINITIONAL_REPRESENTATION('',(#1133),#1137);
#1133 = LINE('',#1134,#1135);
#1134 = CARTESIAN_POINT('',(-1.44198898929,0.));
#1135 = VECTOR('',#1136,1.);
#1136 = DIRECTION('',(-0.,1.));
#1137 = ( GEOMETRIC_REPRESENTATION_CONTEXT(2) 
PARAMETRIC_REPRESENTATION_CONTEXT() REPRESENTATION_CONTEXT('2D SPACE',''
  ) );
#1138 = ADVANCED_FACE('',(#1139),#917,.T.);
#1139 = FACE_BOUND('',#1140,.T.);
#1140 = EDGE_LOOP('',(#1141,#1142,#1143,#1144));
#1141 = ORIENTED_EDGE('',*,*,#934,.F.);
#1142 = ORIENTED_EDGE('',*,*,#903,.T.);
#1143 = ORIENTED_EDGE('',*,*,#1095,.T.);
#1144 = ORIENTED_EDGE('',*,*,#1145,.F.);
#1145 = EDGE_CURVE('',#935,#1096,#1146,.T.);
#1146 = SURFACE_CURVE('',#1147,(#1151,#1158),.PCURVE_S1.);
#1147 = LINE('',#1148,#1149);
#1148 = CARTESIAN_POINT('',(1.858144342698,-2.3525,1.706422572601));
#1149 = VECTOR('',#1150,1.);
#1150 = DIRECTION('',(0.,1.,0.));
#1151 = PCURVE('',#917,#1152);
#1152 = DEFINITIONAL_REPRESENTATION('',(#1153),#1157);
#1153 = LINE('',#1154,#1155);
#1154 = CARTESIAN_POINT('',(9.75E-02,0.335579369669));
#1155 = VECTOR('',#1156,1.);
#1156 = DIRECTION('',(1.,0.));
#1157 = ( GEOMETRIC_REPRESENTATION_CONTEXT(2) 
PARAMETRIC_REPRESENTATION_CONTEXT() REPRESENTATION_CONTEXT('2D SPACE',''
  ) );
#1158 = PCURVE('',#1159,#1164);
#1159 = CYLINDRICAL_SURFACE('',#1160,5.E-02);
#1160 = AXIS2_PLACEMENT_3D('',#1161,#1162,#1163);
#1161 = CARTESIAN_POINT('',(1.808558552786,-2.3525,1.7));
#1162 = DIRECTION('',(0.,1.,0.));
#1163 = DIRECTION('',(0.,0.,1.));
#1164 = DEFINITIONAL_REPRESENTATION('',(#1165),#1169);
#1165 = LINE('',#1166,#1167);
#1166 = CARTESIAN_POINT('',(1.44198898929,0.));
#1167 = VECTOR('',#1168,1.);
#1168 = DIRECTION('',(0.,1.));
#1169 = ( GEOMETRIC_REPRESENTATION_CONTEXT(2) 
PARAMETRIC_REPRESENTATION_CONTEXT() REPRESENTATION_CONTEXT('2D SPACE',''
  ) );
#1170 = ADVANCED_FACE('',(#1171),#971,.T.);
#1171 = FACE_BOUND('',#1172,.F.);
#1172 = EDGE_LOOP('',(#1173,#1174,#1197,#1231));
#1173 = ORIENTED_EDGE('',*,*,#986,.T.);
#1174 = ORIENTED_EDGE('',*,*,#1175,.T.);
#1175 = EDGE_CURVE('',#987,#1176,#1178,.T.);
#1176 = VERTEX_POINT('',#1177);
#1177 = CARTESIAN_POINT('',(1.808558552786,-2.308558552786,1.75));
#1178 = SURFACE_CURVE('',#1179,(#1183,#1190),.PCURVE_S1.);
#1179 = LINE('',#1180,#1181);
#1180 = CARTESIAN_POINT('',(-1.8525,-2.308558552786,1.75));
#1181 = VECTOR('',#1182,1.);
#1182 = DIRECTION('',(1.,0.,0.));
#1183 = PCURVE('',#971,#1184);
#1184 = DEFINITIONAL_REPRESENTATION('',(#1185),#1189);
#1185 = LINE('',#1186,#1187);
#1186 = CARTESIAN_POINT('',(-1.44198898929,0.));
#1187 = VECTOR('',#1188,1.);
#1188 = DIRECTION('',(-0.,1.));
#1189 = ( GEOMETRIC_REPRESENTATION_CONTEXT(2) 
PARAMETRIC_REPRESENTATION_CONTEXT() REPRESENTATION_CONTEXT('2D SPACE',''
  ) );
#1190 = PCURVE('',#1038,#1191);
#1191 = DEFINITIONAL_REPRESENTATION('',(#1192),#1196);
#1192 = LINE('',#1193,#1194);
#1193 = CARTESIAN_POINT('',(9.75E-02,0.141441447214));
#1194 = VECTOR('',#1195,1.);
#1195 = DIRECTION('',(1.,0.));
#1196 = ( GEOMETRIC_REPRESENTATION_CONTEXT(2) 
PARAMETRIC_REPRESENTATION_CONTEXT() REPRESENTATION_CONTEXT('2D SPACE',''
  ) );
#1197 = ORIENTED_EDGE('',*,*,#1198,.F.);
#1198 = EDGE_CURVE('',#935,#1176,#1199,.T.);
#1199 = SURFACE_CURVE('',#1200,(#1205,#1218),.PCURVE_S1.);
#1200 = ELLIPSE('',#1201,7.071067811865E-02,5.E-02);
#1201 = AXIS2_PLACEMENT_3D('',#1202,#1203,#1204);
#1202 = CARTESIAN_POINT('',(1.808558552786,-2.308558552786,1.7));
#1203 = DIRECTION('',(-0.707106781187,-0.707106781187,0.));
#1204 = DIRECTION('',(0.707106781187,-0.707106781187,0.));
#1205 = PCURVE('',#971,#1206);
#1206 = DEFINITIONAL_REPRESENTATION('',(#1207),#1217);
#1207 = B_SPLINE_CURVE_WITH_KNOTS('',8,(#1208,#1209,#1210,#1211,#1212,
    #1213,#1214,#1215,#1216),.UNSPECIFIED.,.F.,.F.,(9,9),(0.128807337505
    ,1.570796326795),.PIECEWISE_BEZIER_KNOTS.);
#1208 = CARTESIAN_POINT('',(-1.386967957666E-18,3.710644342698));
#1209 = CARTESIAN_POINT('',(-0.180248624411,3.709486682813));
#1210 = CARTESIAN_POINT('',(-0.360497247823,3.706487855252));
#1211 = CARTESIAN_POINT('',(-0.540745871231,3.701705182692));
#1212 = CARTESIAN_POINT('',(-0.720994494648,3.69532355226));
#1213 = CARTESIAN_POINT('',(-0.901243118052,3.687649652687));
#1214 = CARTESIAN_POINT('',(-1.081491741468,3.679083416316));
#1215 = CARTESIAN_POINT('',(-1.261740364879,3.670070984007));
#1216 = CARTESIAN_POINT('',(-1.44198898929,3.661058552786));
#1217 = ( GEOMETRIC_REPRESENTATION_CONTEXT(2) 
PARAMETRIC_REPRESENTATION_CONTEXT() REPRESENTATION_CONTEXT('2D SPACE',''
  ) );
#1218 = PCURVE('',#1159,#1219);
#1219 = DEFINITIONAL_REPRESENTATION('',(#1220),#1230);
#1220 = B_SPLINE_CURVE_WITH_KNOTS('',8,(#1221,#1222,#1223,#1224,#1225,
    #1226,#1227,#1228,#1229),.UNSPECIFIED.,.F.,.F.,(9,9),(0.128807337505
    ,1.570796326795),.PIECEWISE_BEZIER_KNOTS.);
#1221 = CARTESIAN_POINT('',(1.44198898929,-5.644342698385E-03));
#1222 = CARTESIAN_POINT('',(1.261740364879,-4.486682812945E-03));
#1223 = CARTESIAN_POINT('',(1.081491741467,-1.487855250365E-03));
#1224 = CARTESIAN_POINT('',(0.901243118057,3.294817309303E-03));
#1225 = CARTESIAN_POINT('',(0.720994494641,9.67644774142E-03));
#1226 = CARTESIAN_POINT('',(0.540745871235,1.735034730904E-02));
#1227 = CARTESIAN_POINT('',(0.360497247822,2.591658368498E-02));
#1228 = CARTESIAN_POINT('',(0.180248624411,3.492901599294E-02));
#1229 = CARTESIAN_POINT('',(4.057655972174E-17,4.39414472135E-02));
#1230 = ( GEOMETRIC_REPRESENTATION_CONTEXT(2) 
PARAMETRIC_REPRESENTATION_CONTEXT() REPRESENTATION_CONTEXT('2D SPACE',''
  ) );
#1231 = ORIENTED_EDGE('',*,*,#957,.F.);
#1232 = ADVANCED_FACE('',(#1233,#1281),#1038,.T.);
#1233 = FACE_BOUND('',#1234,.T.);
#1234 = EDGE_LOOP('',(#1235,#1236,#1237,#1260));
#1235 = ORIENTED_EDGE('',*,*,#1022,.F.);
#1236 = ORIENTED_EDGE('',*,*,#1175,.T.);
#1237 = ORIENTED_EDGE('',*,*,#1238,.T.);
#1238 = EDGE_CURVE('',#1176,#1239,#1241,.T.);
#1239 = VERTEX_POINT('',#1240);
#1240 = CARTESIAN_POINT('',(1.808558552786,2.308558552786,1.75));
#1241 = SURFACE_CURVE('',#1242,(#1246,#1253),.PCURVE_S1.);
#1242 = LINE('',#1243,#1244);
#1243 = CARTESIAN_POINT('',(1.808558552786,-2.3525,1.75));
#1244 = VECTOR('',#1245,1.);
#1245 = DIRECTION('',(0.,1.,0.));
#1246 = PCURVE('',#1038,#1247);
#1247 = DEFINITIONAL_REPRESENTATION('',(#1248),#1252);
#1248 = LINE('',#1249,#1250);
#1249 = CARTESIAN_POINT('',(3.758558552786,9.75E-02));
#1250 = VECTOR('',#1251,1.);
#1251 = DIRECTION('',(0.,1.));
#1252 = ( GEOMETRIC_REPRESENTATION_CONTEXT(2) 
PARAMETRIC_REPRESENTATION_CONTEXT() REPRESENTATION_CONTEXT('2D SPACE',''
  ) );
#1253 = PCURVE('',#1159,#1254);
#1254 = DEFINITIONAL_REPRESENTATION('',(#1255),#1259);
#1255 = LINE('',#1256,#1257);
#1256 = CARTESIAN_POINT('',(0.,0.));
#1257 = VECTOR('',#1258,1.);
#1258 = DIRECTION('',(0.,1.));
#1259 = ( GEOMETRIC_REPRESENTATION_CONTEXT(2) 
PARAMETRIC_REPRESENTATION_CONTEXT() REPRESENTATION_CONTEXT('2D SPACE',''
  ) );
#1260 = ORIENTED_EDGE('',*,*,#1261,.F.);
#1261 = EDGE_CURVE('',#1023,#1239,#1262,.T.);
#1262 = SURFACE_CURVE('',#1263,(#1267,#1274),.PCURVE_S1.);
#1263 = LINE('',#1264,#1265);
#1264 = CARTESIAN_POINT('',(-1.8525,2.308558552786,1.75));
#1265 = VECTOR('',#1266,1.);
#1266 = DIRECTION('',(1.,0.,0.));
#1267 = PCURVE('',#1038,#1268);
#1268 = DEFINITIONAL_REPRESENTATION('',(#1269),#1273);
#1269 = LINE('',#1270,#1271);
#1270 = CARTESIAN_POINT('',(9.75E-02,4.758558552786));
#1271 = VECTOR('',#1272,1.);
#1272 = DIRECTION('',(1.,0.));
#1273 = ( GEOMETRIC_REPRESENTATION_CONTEXT(2) 
PARAMETRIC_REPRESENTATION_CONTEXT() REPRESENTATION_CONTEXT('2D SPACE',''
  ) );
#1274 = PCURVE('',#1071,#1275);
#1275 = DEFINITIONAL_REPRESENTATION('',(#1276),#1280);
#1276 = LINE('',#1277,#1278);
#1277 = CARTESIAN_POINT('',(-0.,0.));
#1278 = VECTOR('',#1279,1.);
#1279 = DIRECTION('',(-0.,1.));
#1280 = ( GEOMETRIC_REPRESENTATION_CONTEXT(2) 
PARAMETRIC_REPRESENTATION_CONTEXT() REPRESENTATION_CONTEXT('2D SPACE',''
  ) );
#1281 = FACE_BOUND('',#1282,.T.);
#1282 = EDGE_LOOP('',(#1283));
#1283 = ORIENTED_EDGE('',*,*,#1284,.F.);
#1284 = EDGE_CURVE('',#1285,#1285,#1287,.T.);
#1285 = VERTEX_POINT('',#1286);
#1286 = CARTESIAN_POINT('',(-1.07125,1.815,1.75));
#1287 = SURFACE_CURVE('',#1288,(#1293,#1300),.PCURVE_S1.);
#1288 = CIRCLE('',#1289,0.24375);
#1289 = AXIS2_PLACEMENT_3D('',#1290,#1291,#1292);
#1290 = CARTESIAN_POINT('',(-1.315,1.815,1.75));
#1291 = DIRECTION('',(0.,0.,1.));
#1292 = DIRECTION('',(1.,0.,0.));
#1293 = PCURVE('',#1038,#1294);
#1294 = DEFINITIONAL_REPRESENTATION('',(#1295),#1299);
#1295 = CIRCLE('',#1296,0.24375);
#1296 = AXIS2_PLACEMENT_2D('',#1297,#1298);
#1297 = CARTESIAN_POINT('',(0.635,4.265));
#1298 = DIRECTION('',(1.,0.));
#1299 = ( GEOMETRIC_REPRESENTATION_CONTEXT(2) 
PARAMETRIC_REPRESENTATION_CONTEXT() REPRESENTATION_CONTEXT('2D SPACE',''
  ) );
#1300 = PCURVE('',#1301,#1306);
#1301 = CYLINDRICAL_SURFACE('',#1302,0.24375);
#1302 = AXIS2_PLACEMENT_3D('',#1303,#1304,#1305);
#1303 = CARTESIAN_POINT('',(-1.315,1.815,1.575));
#1304 = DIRECTION('',(0.,0.,1.));
#1305 = DIRECTION('',(1.,0.,0.));
#1306 = DEFINITIONAL_REPRESENTATION('',(#1307),#1311);
#1307 = LINE('',#1308,#1309);
#1308 = CARTESIAN_POINT('',(0.,0.175));
#1309 = VECTOR('',#1310,1.);
#1310 = DIRECTION('',(1.,0.));
#1311 = ( GEOMETRIC_REPRESENTATION_CONTEXT(2) 
PARAMETRIC_REPRESENTATION_CONTEXT() REPRESENTATION_CONTEXT('2D SPACE',''
  ) );
#1312 = ADVANCED_FACE('',(#1313),#1071,.T.);
#1313 = FACE_BOUND('',#1314,.F.);
#1314 = EDGE_LOOP('',(#1315,#1316,#1317,#1351));
#1315 = ORIENTED_EDGE('',*,*,#1050,.F.);
#1316 = ORIENTED_EDGE('',*,*,#1118,.T.);
#1317 = ORIENTED_EDGE('',*,*,#1318,.F.);
#1318 = EDGE_CURVE('',#1239,#1096,#1319,.T.);
#1319 = SURFACE_CURVE('',#1320,(#1325,#1338),.PCURVE_S1.);
#1320 = ELLIPSE('',#1321,7.071067811865E-02,5.E-02);
#1321 = AXIS2_PLACEMENT_3D('',#1322,#1323,#1324);
#1322 = CARTESIAN_POINT('',(1.808558552786,2.308558552786,1.7));
#1323 = DIRECTION('',(-0.707106781187,0.707106781187,0.));
#1324 = DIRECTION('',(0.707106781187,0.707106781187,0.));
#1325 = PCURVE('',#1071,#1326);
#1326 = DEFINITIONAL_REPRESENTATION('',(#1327),#1337);
#1327 = B_SPLINE_CURVE_WITH_KNOTS('',8,(#1328,#1329,#1330,#1331,#1332,
    #1333,#1334,#1335,#1336),.UNSPECIFIED.,.F.,.F.,(9,9),(4.712388980385
    ,6.154377969675),.PIECEWISE_BEZIER_KNOTS.);
#1328 = CARTESIAN_POINT('',(-1.386972507159E-18,3.661058552786));
#1329 = CARTESIAN_POINT('',(-0.180248624411,3.670070984007));
#1330 = CARTESIAN_POINT('',(-0.360497247823,3.679083416316));
#1331 = CARTESIAN_POINT('',(-0.540745871233,3.687649652695));
#1332 = CARTESIAN_POINT('',(-0.720994494648,3.695323552256));
#1333 = CARTESIAN_POINT('',(-0.901243118053,3.701705182692));
#1334 = CARTESIAN_POINT('',(-1.081491741468,3.706487855251));
#1335 = CARTESIAN_POINT('',(-1.261740364879,3.709486682813));
#1336 = CARTESIAN_POINT('',(-1.44198898929,3.710644342698));
#1337 = ( GEOMETRIC_REPRESENTATION_CONTEXT(2) 
PARAMETRIC_REPRESENTATION_CONTEXT() REPRESENTATION_CONTEXT('2D SPACE',''
  ) );
#1338 = PCURVE('',#1159,#1339);
#1339 = DEFINITIONAL_REPRESENTATION('',(#1340),#1350);
#1340 = B_SPLINE_CURVE_WITH_KNOTS('',8,(#1341,#1342,#1343,#1344,#1345,
    #1346,#1347,#1348,#1349),.UNSPECIFIED.,.F.,.F.,(9,9),(4.712388980385
    ,6.154377969675),.PIECEWISE_BEZIER_KNOTS.);
#1341 = CARTESIAN_POINT('',(1.386972507159E-18,4.661058552786));
#1342 = CARTESIAN_POINT('',(0.180248624411,4.670070984007));
#1343 = CARTESIAN_POINT('',(0.360497247821,4.679083416308));
#1344 = CARTESIAN_POINT('',(0.540745871237,4.687649652698));
#1345 = CARTESIAN_POINT('',(0.720994494638,4.695323552231));
#1346 = CARTESIAN_POINT('',(0.90124311806,4.701705182702));
#1347 = CARTESIAN_POINT('',(1.081491741466,4.706487855246));
#1348 = CARTESIAN_POINT('',(1.261740364879,4.709486682813));
#1349 = CARTESIAN_POINT('',(1.44198898929,4.710644342698));
#1350 = ( GEOMETRIC_REPRESENTATION_CONTEXT(2) 
PARAMETRIC_REPRESENTATION_CONTEXT() REPRESENTATION_CONTEXT('2D SPACE',''
  ) );
#1351 = ORIENTED_EDGE('',*,*,#1261,.F.);
#1352 = ADVANCED_FACE('',(#1353),#1159,.T.);
#1353 = FACE_BOUND('',#1354,.T.);
#1354 = EDGE_LOOP('',(#1355,#1356,#1357,#1358));
#1355 = ORIENTED_EDGE('',*,*,#1198,.F.);
#1356 = ORIENTED_EDGE('',*,*,#1145,.T.);
#1357 = ORIENTED_EDGE('',*,*,#1318,.F.);
#1358 = ORIENTED_EDGE('',*,*,#1238,.F.);
#1359 = ADVANCED_FACE('',(#1360),#1301,.F.);
#1360 = FACE_BOUND('',#1361,.F.);
#1361 = EDGE_LOOP('',(#1362,#1391,#1410,#1411));
#1362 = ORIENTED_EDGE('',*,*,#1363,.T.);
#1363 = EDGE_CURVE('',#1364,#1364,#1366,.T.);
#1364 = VERTEX_POINT('',#1365);
#1365 = CARTESIAN_POINT('',(-1.07125,1.815,1.575));
#1366 = SURFACE_CURVE('',#1367,(#1372,#1379),.PCURVE_S1.);
#1367 = CIRCLE('',#1368,0.24375);
#1368 = AXIS2_PLACEMENT_3D('',#1369,#1370,#1371);
#1369 = CARTESIAN_POINT('',(-1.315,1.815,1.575));
#1370 = DIRECTION('',(0.,0.,1.));
#1371 = DIRECTION('',(1.,0.,0.));
#1372 = PCURVE('',#1301,#1373);
#1373 = DEFINITIONAL_REPRESENTATION('',(#1374),#1378);
#1374 = LINE('',#1375,#1376);
#1375 = CARTESIAN_POINT('',(0.,0.));
#1376 = VECTOR('',#1377,1.);
#1377 = DIRECTION('',(1.,0.));
#1378 = ( GEOMETRIC_REPRESENTATION_CONTEXT(2) 
PARAMETRIC_REPRESENTATION_CONTEXT() REPRESENTATION_CONTEXT('2D SPACE',''
  ) );
#1379 = PCURVE('',#1380,#1385);
#1380 = PLANE('',#1381);
#1381 = AXIS2_PLACEMENT_3D('',#1382,#1383,#1384);
#1382 = CARTESIAN_POINT('',(-1.315,1.815,1.575));
#1383 = DIRECTION('',(0.,0.,1.));
#1384 = DIRECTION('',(1.,0.,0.));
#1385 = DEFINITIONAL_REPRESENTATION('',(#1386),#1390);
#1386 = CIRCLE('',#1387,0.24375);
#1387 = AXIS2_PLACEMENT_2D('',#1388,#1389);
#1388 = CARTESIAN_POINT('',(0.,0.));
#1389 = DIRECTION('',(1.,0.));
#1390 = ( GEOMETRIC_REPRESENTATION_CONTEXT(2) 
PARAMETRIC_REPRESENTATION_CONTEXT() REPRESENTATION_CONTEXT('2D SPACE',''
  ) );
#1391 = ORIENTED_EDGE('',*,*,#1392,.T.);
#1392 = EDGE_CURVE('',#1364,#1285,#1393,.T.);
#1393 = SEAM_CURVE('',#1394,(#1398,#1404),.PCURVE_S1.);
#1394 = LINE('',#1395,#1396);
#1395 = CARTESIAN_POINT('',(-1.07125,1.815,1.575));
#1396 = VECTOR('',#1397,1.);
#1397 = DIRECTION('',(0.,0.,1.));
#1398 = PCURVE('',#1301,#1399);
#1399 = DEFINITIONAL_REPRESENTATION('',(#1400),#1403);
#1400 = B_SPLINE_CURVE_WITH_KNOTS('',1,(#1401,#1402),.UNSPECIFIED.,.F.,
  .F.,(2,2),(0.,0.175),.PIECEWISE_BEZIER_KNOTS.);
#1401 = CARTESIAN_POINT('',(0.,0.));
#1402 = CARTESIAN_POINT('',(0.,0.175));
#1403 = ( GEOMETRIC_REPRESENTATION_CONTEXT(2) 
PARAMETRIC_REPRESENTATION_CONTEXT() REPRESENTATION_CONTEXT('2D SPACE',''
  ) );
#1404 = PCURVE('',#1301,#1405);
#1405 = DEFINITIONAL_REPRESENTATION('',(#1406),#1409);
#1406 = B_SPLINE_CURVE_WITH_KNOTS('',1,(#1407,#1408),.UNSPECIFIED.,.F.,
  .F.,(2,2),(0.,0.175),.PIECEWISE_BEZIER_KNOTS.);
#1407 = CARTESIAN_POINT('',(6.28318530718,0.));
#1408 = CARTESIAN_POINT('',(6.28318530718,0.175));
#1409 = ( GEOMETRIC_REPRESENTATION_CONTEXT(2) 
PARAMETRIC_REPRESENTATION_CONTEXT() REPRESENTATION_CONTEXT('2D SPACE',''
  ) );
#1410 = ORIENTED_EDGE('',*,*,#1284,.F.);
#1411 = ORIENTED_EDGE('',*,*,#1392,.F.);
#1412 = ADVANCED_FACE('',(#1413),#1380,.T.);
#1413 = FACE_BOUND('',#1414,.T.);
#1414 = EDGE_LOOP('',(#1415));
#1415 = ORIENTED_EDGE('',*,*,#1363,.T.);
#1416 = ( GEOMETRIC_REPRESENTATION_CONTEXT(3) 
GLOBAL_UNCERTAINTY_ASSIGNED_CONTEXT((#1420)) 
GLOBAL_UNIT_ASSIGNED_CONTEXT((#1417,#1418,#1419)) REPRESENTATION_CONTEXT
('Context #1','3D Context with UNIT and UNCERTAINTY') );
#1417 = ( LENGTH_UNIT() NAMED_UNIT(*) SI_UNIT(.MILLI.,.METRE.) );
#1418 = ( NAMED_UNIT(*) PLANE_ANGLE_UNIT() SI_UNIT($,.RADIAN.) );
#1419 = ( NAMED_UNIT(*) SI_UNIT($,.STERADIAN.) SOLID_ANGLE_UNIT() );
#1420 = UNCERTAINTY_MEASURE_WITH_UNIT(LENGTH_MEASURE(2.E-05),#1417,
  'distance_accuracy_value','confusion accuracy');
#1421 = SHAPE_DEFINITION_REPRESENTATION(#1422,#29);
#1422 = PRODUCT_DEFINITION_SHAPE('','',#1423);
#1423 = PRODUCT_DEFINITION('design','',#1424,#1427);
#1424 = PRODUCT_DEFINITION_FORMATION('','',#1425);
#1425 = PRODUCT('Body','Body','',(#1426));
#1426 = MECHANICAL_CONTEXT('',#2,'mechanical');
#1427 = PRODUCT_DEFINITION_CONTEXT('part definition',#2,'design');
#1428 = CONTEXT_DEPENDENT_SHAPE_REPRESENTATION(#1429,#1431);
#1429 = ( REPRESENTATION_RELATIONSHIP('','',#29,#10) 
REPRESENTATION_RELATIONSHIP_WITH_TRANSFORMATION(#1430) 
SHAPE_REPRESENTATION_RELATIONSHIP() );
#1430 = ITEM_DEFINED_TRANSFORMATION('','',#11,#15);
#1431 = PRODUCT_DEFINITION_SHAPE('Placement','Placement of an item',
  #1432);
#1432 = NEXT_ASSEMBLY_USAGE_OCCURRENCE('1','=>[0:1:1:2]','',#5,#1423,$);
#1433 = PRODUCT_TYPE('part',$,(#1425));
#1434 = SHAPE_REPRESENTATION('',(#11,#1435,#2323,#3219,#4107,#5003,#5891
    ,#6787,#7675),#8571);
#1435 = MANIFOLD_SOLID_BREP('',#1436);
#1436 = CLOSED_SHELL('',(#1437,#1557,#1836,#1886,#1935,#2129,#2156,#2183
    ,#2208,#2235,#2262,#2289,#2316));
#1437 = ADVANCED_FACE('',(#1438),#1452,.T.);
#1438 = FACE_BOUND('',#1439,.T.);
#1439 = EDGE_LOOP('',(#1440,#1475,#1503,#1531));
#1440 = ORIENTED_EDGE('',*,*,#1441,.F.);
#1441 = EDGE_CURVE('',#1442,#1444,#1446,.T.);
#1442 = VERTEX_POINT('',#1443);
#1443 = CARTESIAN_POINT('',(2.754632601552,2.11,0.205));
#1444 = VERTEX_POINT('',#1445);
#1445 = CARTESIAN_POINT('',(3.,2.11,0.205));
#1446 = SURFACE_CURVE('',#1447,(#1451,#1463),.PCURVE_S1.);
#1447 = LINE('',#1448,#1449);
#1448 = CARTESIAN_POINT('',(2.6,2.11,0.205));
#1449 = VECTOR('',#1450,1.);
#1450 = DIRECTION('',(1.,0.,0.));
#1451 = PCURVE('',#1452,#1457);
#1452 = PLANE('',#1453);
#1453 = AXIS2_PLACEMENT_3D('',#1454,#1455,#1456);
#1454 = CARTESIAN_POINT('',(2.6,1.7,0.205));
#1455 = DIRECTION('',(0.,0.,1.));
#1456 = DIRECTION('',(1.,0.,0.));
#1457 = DEFINITIONAL_REPRESENTATION('',(#1458),#1462);
#1458 = LINE('',#1459,#1460);
#1459 = CARTESIAN_POINT('',(0.,0.41));
#1460 = VECTOR('',#1461,1.);
#1461 = DIRECTION('',(1.,0.));
#1462 = ( GEOMETRIC_REPRESENTATION_CONTEXT(2) 
PARAMETRIC_REPRESENTATION_CONTEXT() REPRESENTATION_CONTEXT('2D SPACE',''
  ) );
#1463 = PCURVE('',#1464,#1469);
#1464 = PLANE('',#1465);
#1465 = AXIS2_PLACEMENT_3D('',#1466,#1467,#1468);
#1466 = CARTESIAN_POINT('',(2.6,2.11,0.));
#1467 = DIRECTION('',(0.,1.,0.));
#1468 = DIRECTION('',(0.,0.,1.));
#1469 = DEFINITIONAL_REPRESENTATION('',(#1470),#1474);
#1470 = LINE('',#1471,#1472);
#1471 = CARTESIAN_POINT('',(0.205,0.));
#1472 = VECTOR('',#1473,1.);
#1473 = DIRECTION('',(0.,1.));
#1474 = ( GEOMETRIC_REPRESENTATION_CONTEXT(2) 
PARAMETRIC_REPRESENTATION_CONTEXT() REPRESENTATION_CONTEXT('2D SPACE',''
  ) );
#1475 = ORIENTED_EDGE('',*,*,#1476,.F.);
#1476 = EDGE_CURVE('',#1477,#1442,#1479,.T.);
#1477 = VERTEX_POINT('',#1478);
#1478 = CARTESIAN_POINT('',(2.754632601552,1.7,0.205));
#1479 = SURFACE_CURVE('',#1480,(#1484,#1491),.PCURVE_S1.);
#1480 = LINE('',#1481,#1482);
#1481 = CARTESIAN_POINT('',(2.754632601552,1.7,0.205));
#1482 = VECTOR('',#1483,1.);
#1483 = DIRECTION('',(0.,1.,0.));
#1484 = PCURVE('',#1452,#1485);
#1485 = DEFINITIONAL_REPRESENTATION('',(#1486),#1490);
#1486 = LINE('',#1487,#1488);
#1487 = CARTESIAN_POINT('',(0.154632601552,0.));
#1488 = VECTOR('',#1489,1.);
#1489 = DIRECTION('',(0.,1.));
#1490 = ( GEOMETRIC_REPRESENTATION_CONTEXT(2) 
PARAMETRIC_REPRESENTATION_CONTEXT() REPRESENTATION_CONTEXT('2D SPACE',''
  ) );
#1491 = PCURVE('',#1492,#1497);
#1492 = CYLINDRICAL_SURFACE('',#1493,0.1025);
#1493 = AXIS2_PLACEMENT_3D('',#1494,#1495,#1496);
#1494 = CARTESIAN_POINT('',(2.754632601552,1.7,0.3075));
#1495 = DIRECTION('',(0.,1.,0.));
#1496 = DIRECTION('',(0.,0.,-1.));
#1497 = DEFINITIONAL_REPRESENTATION('',(#1498),#1502);
#1498 = LINE('',#1499,#1500);
#1499 = CARTESIAN_POINT('',(0.,0.));
#1500 = VECTOR('',#1501,1.);
#1501 = DIRECTION('',(0.,1.));
#1502 = ( GEOMETRIC_REPRESENTATION_CONTEXT(2) 
PARAMETRIC_REPRESENTATION_CONTEXT() REPRESENTATION_CONTEXT('2D SPACE',''
  ) );
#1503 = ORIENTED_EDGE('',*,*,#1504,.T.);
#1504 = EDGE_CURVE('',#1477,#1505,#1507,.T.);
#1505 = VERTEX_POINT('',#1506);
#1506 = CARTESIAN_POINT('',(3.,1.7,0.205));
#1507 = SURFACE_CURVE('',#1508,(#1512,#1519),.PCURVE_S1.);
#1508 = LINE('',#1509,#1510);
#1509 = CARTESIAN_POINT('',(2.6,1.7,0.205));
#1510 = VECTOR('',#1511,1.);
#1511 = DIRECTION('',(1.,0.,0.));
#1512 = PCURVE('',#1452,#1513);
#1513 = DEFINITIONAL_REPRESENTATION('',(#1514),#1518);
#1514 = LINE('',#1515,#1516);
#1515 = CARTESIAN_POINT('',(0.,0.));
#1516 = VECTOR('',#1517,1.);
#1517 = DIRECTION('',(1.,0.));
#1518 = ( GEOMETRIC_REPRESENTATION_CONTEXT(2) 
PARAMETRIC_REPRESENTATION_CONTEXT() REPRESENTATION_CONTEXT('2D SPACE',''
  ) );
#1519 = PCURVE('',#1520,#1525);
#1520 = PLANE('',#1521);
#1521 = AXIS2_PLACEMENT_3D('',#1522,#1523,#1524);
#1522 = CARTESIAN_POINT('',(2.6,1.7,0.));
#1523 = DIRECTION('',(0.,1.,0.));
#1524 = DIRECTION('',(0.,0.,1.));
#1525 = DEFINITIONAL_REPRESENTATION('',(#1526),#1530);
#1526 = LINE('',#1527,#1528);
#1527 = CARTESIAN_POINT('',(0.205,0.));
#1528 = VECTOR('',#1529,1.);
#1529 = DIRECTION('',(0.,1.));
#1530 = ( GEOMETRIC_REPRESENTATION_CONTEXT(2) 
PARAMETRIC_REPRESENTATION_CONTEXT() REPRESENTATION_CONTEXT('2D SPACE',''
  ) );
#1531 = ORIENTED_EDGE('',*,*,#1532,.T.);
#1532 = EDGE_CURVE('',#1505,#1444,#1533,.T.);
#1533 = SURFACE_CURVE('',#1534,(#1538,#1545),.PCURVE_S1.);
#1534 = LINE('',#1535,#1536);
#1535 = CARTESIAN_POINT('',(3.,1.7,0.205));
#1536 = VECTOR('',#1537,1.);
#1537 = DIRECTION('',(0.,1.,0.));
#1538 = PCURVE('',#1452,#1539);
#1539 = DEFINITIONAL_REPRESENTATION('',(#1540),#1544);
#1540 = LINE('',#1541,#1542);
#1541 = CARTESIAN_POINT('',(0.4,0.));
#1542 = VECTOR('',#1543,1.);
#1543 = DIRECTION('',(0.,1.));
#1544 = ( GEOMETRIC_REPRESENTATION_CONTEXT(2) 
PARAMETRIC_REPRESENTATION_CONTEXT() REPRESENTATION_CONTEXT('2D SPACE',''
  ) );
#1545 = PCURVE('',#1546,#1551);
#1546 = PLANE('',#1547);
#1547 = AXIS2_PLACEMENT_3D('',#1548,#1549,#1550);
#1548 = CARTESIAN_POINT('',(3.,1.7,0.));
#1549 = DIRECTION('',(1.,0.,0.));
#1550 = DIRECTION('',(0.,0.,1.));
#1551 = DEFINITIONAL_REPRESENTATION('',(#1552),#1556);
#1552 = LINE('',#1553,#1554);
#1553 = CARTESIAN_POINT('',(0.205,0.));
#1554 = VECTOR('',#1555,1.);
#1555 = DIRECTION('',(0.,-1.));
#1556 = ( GEOMETRIC_REPRESENTATION_CONTEXT(2) 
PARAMETRIC_REPRESENTATION_CONTEXT() REPRESENTATION_CONTEXT('2D SPACE',''
  ) );
#1557 = ADVANCED_FACE('',(#1558),#1464,.T.);
#1558 = FACE_BOUND('',#1559,.T.);
#1559 = EDGE_LOOP('',(#1560,#1590,#1619,#1647,#1675,#1703,#1731,#1764,
    #1792,#1814,#1815));
#1560 = ORIENTED_EDGE('',*,*,#1561,.F.);
#1561 = EDGE_CURVE('',#1562,#1564,#1566,.T.);
#1562 = VERTEX_POINT('',#1563);
#1563 = CARTESIAN_POINT('',(2.651544200517,2.11,-1.387778780781E-17));
#1564 = VERTEX_POINT('',#1565);
#1565 = CARTESIAN_POINT('',(3.,2.11,0.));
#1566 = SURFACE_CURVE('',#1567,(#1571,#1578),.PCURVE_S1.);
#1567 = LINE('',#1568,#1569);
#1568 = CARTESIAN_POINT('',(2.6,2.11,0.));
#1569 = VECTOR('',#1570,1.);
#1570 = DIRECTION('',(1.,0.,0.));
#1571 = PCURVE('',#1464,#1572);
#1572 = DEFINITIONAL_REPRESENTATION('',(#1573),#1577);
#1573 = LINE('',#1574,#1575);
#1574 = CARTESIAN_POINT('',(0.,0.));
#1575 = VECTOR('',#1576,1.);
#1576 = DIRECTION('',(0.,1.));
#1577 = ( GEOMETRIC_REPRESENTATION_CONTEXT(2) 
PARAMETRIC_REPRESENTATION_CONTEXT() REPRESENTATION_CONTEXT('2D SPACE',''
  ) );
#1578 = PCURVE('',#1579,#1584);
#1579 = PLANE('',#1580);
#1580 = AXIS2_PLACEMENT_3D('',#1581,#1582,#1583);
#1581 = CARTESIAN_POINT('',(2.6,1.7,0.));
#1582 = DIRECTION('',(0.,0.,1.));
#1583 = DIRECTION('',(1.,0.,0.));
#1584 = DEFINITIONAL_REPRESENTATION('',(#1585),#1589);
#1585 = LINE('',#1586,#1587);
#1586 = CARTESIAN_POINT('',(0.,0.41));
#1587 = VECTOR('',#1588,1.);
#1588 = DIRECTION('',(1.,0.));
#1589 = ( GEOMETRIC_REPRESENTATION_CONTEXT(2) 
PARAMETRIC_REPRESENTATION_CONTEXT() REPRESENTATION_CONTEXT('2D SPACE',''
  ) );
#1590 = ORIENTED_EDGE('',*,*,#1591,.T.);
#1591 = EDGE_CURVE('',#1562,#1592,#1594,.T.);
#1592 = VERTEX_POINT('',#1593);
#1593 = CARTESIAN_POINT('',(2.569262956102,2.11,4.13767898629E-02));
#1594 = SURFACE_CURVE('',#1595,(#1600,#1607),.PCURVE_S1.);
#1595 = CIRCLE('',#1596,0.1025);
#1596 = AXIS2_PLACEMENT_3D('',#1597,#1598,#1599);
#1597 = CARTESIAN_POINT('',(2.651544200517,2.11,0.1025));
#1598 = DIRECTION('',(0.,1.,0.));
#1599 = DIRECTION('',(0.,0.,1.));
#1600 = PCURVE('',#1464,#1601);
#1601 = DEFINITIONAL_REPRESENTATION('',(#1602),#1606);
#1602 = CIRCLE('',#1603,0.1025);
#1603 = AXIS2_PLACEMENT_2D('',#1604,#1605);
#1604 = CARTESIAN_POINT('',(0.1025,5.154420051718E-02));
#1605 = DIRECTION('',(1.,0.));
#1606 = ( GEOMETRIC_REPRESENTATION_CONTEXT(2) 
PARAMETRIC_REPRESENTATION_CONTEXT() REPRESENTATION_CONTEXT('2D SPACE',''
  ) );
#1607 = PCURVE('',#1608,#1613);
#1608 = CYLINDRICAL_SURFACE('',#1609,0.1025);
#1609 = AXIS2_PLACEMENT_3D('',#1610,#1611,#1612);
#1610 = CARTESIAN_POINT('',(2.651544200517,1.7,0.1025));
#1611 = DIRECTION('',(0.,1.,0.));
#1612 = DIRECTION('',(0.,0.,-1.));
#1613 = DEFINITIONAL_REPRESENTATION('',(#1614),#1618);
#1614 = LINE('',#1615,#1616);
#1615 = CARTESIAN_POINT('',(-3.14159265359,0.41));
#1616 = VECTOR('',#1617,1.);
#1617 = DIRECTION('',(1.,0.));
#1618 = ( GEOMETRIC_REPRESENTATION_CONTEXT(2) 
PARAMETRIC_REPRESENTATION_CONTEXT() REPRESENTATION_CONTEXT('2D SPACE',''
  ) );
#1619 = ORIENTED_EDGE('',*,*,#1620,.T.);
#1620 = EDGE_CURVE('',#1592,#1621,#1623,.T.);
#1621 = VERTEX_POINT('',#1622);
#1622 = CARTESIAN_POINT('',(2.011474087796,2.11,0.792246420274));
#1623 = SURFACE_CURVE('',#1624,(#1628,#1635),.PCURVE_S1.);
#1624 = LINE('',#1625,#1626);
#1625 = CARTESIAN_POINT('',(2.6,2.11,0.));
#1626 = VECTOR('',#1627,1.);
#1627 = DIRECTION('',(-0.596324001338,0.,0.802743847954));
#1628 = PCURVE('',#1464,#1629);
#1629 = DEFINITIONAL_REPRESENTATION('',(#1630),#1634);
#1630 = LINE('',#1631,#1632);
#1631 = CARTESIAN_POINT('',(0.,0.));
#1632 = VECTOR('',#1633,1.);
#1633 = DIRECTION('',(0.802743847954,-0.596324001338));
#1634 = ( GEOMETRIC_REPRESENTATION_CONTEXT(2) 
PARAMETRIC_REPRESENTATION_CONTEXT() REPRESENTATION_CONTEXT('2D SPACE',''
  ) );
#1635 = PCURVE('',#1636,#1641);
#1636 = PLANE('',#1637);
#1637 = AXIS2_PLACEMENT_3D('',#1638,#1639,#1640);
#1638 = CARTESIAN_POINT('',(2.6,1.7,0.));
#1639 = DIRECTION('',(0.802743847954,0.,0.596324001338));
#1640 = DIRECTION('',(-0.596324001338,0.,0.802743847954));
#1641 = DEFINITIONAL_REPRESENTATION('',(#1642),#1646);
#1642 = LINE('',#1643,#1644);
#1643 = CARTESIAN_POINT('',(0.,-0.41));
#1644 = VECTOR('',#1645,1.);
#1645 = DIRECTION('',(1.,0.));
#1646 = ( GEOMETRIC_REPRESENTATION_CONTEXT(2) 
PARAMETRIC_REPRESENTATION_CONTEXT() REPRESENTATION_CONTEXT('2D SPACE',''
  ) );
#1647 = ORIENTED_EDGE('',*,*,#1648,.F.);
#1648 = EDGE_CURVE('',#1649,#1621,#1651,.T.);
#1649 = VERTEX_POINT('',#1650);
#1650 = CARTESIAN_POINT('',(1.95,2.11,0.792246420274));
#1651 = SURFACE_CURVE('',#1652,(#1656,#1663),.PCURVE_S1.);
#1652 = LINE('',#1653,#1654);
#1653 = CARTESIAN_POINT('',(1.95,2.11,0.792246420274));
#1654 = VECTOR('',#1655,1.);
#1655 = DIRECTION('',(1.,0.,0.));
#1656 = PCURVE('',#1464,#1657);
#1657 = DEFINITIONAL_REPRESENTATION('',(#1658),#1662);
#1658 = LINE('',#1659,#1660);
#1659 = CARTESIAN_POINT('',(0.792246420274,-0.65));
#1660 = VECTOR('',#1661,1.);
#1661 = DIRECTION('',(0.,1.));
#1662 = ( GEOMETRIC_REPRESENTATION_CONTEXT(2) 
PARAMETRIC_REPRESENTATION_CONTEXT() REPRESENTATION_CONTEXT('2D SPACE',''
  ) );
#1663 = PCURVE('',#1664,#1669);
#1664 = PLANE('',#1665);
#1665 = AXIS2_PLACEMENT_3D('',#1666,#1667,#1668);
#1666 = CARTESIAN_POINT('',(1.95,1.7,0.792246420274));
#1667 = DIRECTION('',(0.,0.,1.));
#1668 = DIRECTION('',(1.,0.,0.));
#1669 = DEFINITIONAL_REPRESENTATION('',(#1670),#1674);
#1670 = LINE('',#1671,#1672);
#1671 = CARTESIAN_POINT('',(0.,0.41));
#1672 = VECTOR('',#1673,1.);
#1673 = DIRECTION('',(1.,0.));
#1674 = ( GEOMETRIC_REPRESENTATION_CONTEXT(2) 
PARAMETRIC_REPRESENTATION_CONTEXT() REPRESENTATION_CONTEXT('2D SPACE',''
  ) );
#1675 = ORIENTED_EDGE('',*,*,#1676,.T.);
#1676 = EDGE_CURVE('',#1649,#1677,#1679,.T.);
#1677 = VERTEX_POINT('',#1678);
#1678 = CARTESIAN_POINT('',(1.95,2.11,0.997246420274));
#1679 = SURFACE_CURVE('',#1680,(#1684,#1691),.PCURVE_S1.);
#1680 = LINE('',#1681,#1682);
#1681 = CARTESIAN_POINT('',(1.95,2.11,0.792246420274));
#1682 = VECTOR('',#1683,1.);
#1683 = DIRECTION('',(0.,0.,1.));
#1684 = PCURVE('',#1464,#1685);
#1685 = DEFINITIONAL_REPRESENTATION('',(#1686),#1690);
#1686 = LINE('',#1687,#1688);
#1687 = CARTESIAN_POINT('',(0.792246420274,-0.65));
#1688 = VECTOR('',#1689,1.);
#1689 = DIRECTION('',(1.,0.));
#1690 = ( GEOMETRIC_REPRESENTATION_CONTEXT(2) 
PARAMETRIC_REPRESENTATION_CONTEXT() REPRESENTATION_CONTEXT('2D SPACE',''
  ) );
#1691 = PCURVE('',#1692,#1697);
#1692 = PLANE('',#1693);
#1693 = AXIS2_PLACEMENT_3D('',#1694,#1695,#1696);
#1694 = CARTESIAN_POINT('',(1.95,1.7,0.792246420274));
#1695 = DIRECTION('',(1.,0.,0.));
#1696 = DIRECTION('',(0.,0.,1.));
#1697 = DEFINITIONAL_REPRESENTATION('',(#1698),#1702);
#1698 = LINE('',#1699,#1700);
#1699 = CARTESIAN_POINT('',(0.,-0.41));
#1700 = VECTOR('',#1701,1.);
#1701 = DIRECTION('',(1.,0.));
#1702 = ( GEOMETRIC_REPRESENTATION_CONTEXT(2) 
PARAMETRIC_REPRESENTATION_CONTEXT() REPRESENTATION_CONTEXT('2D SPACE',''
  ) );
#1703 = ORIENTED_EDGE('',*,*,#1704,.T.);
#1704 = EDGE_CURVE('',#1677,#1705,#1707,.T.);
#1705 = VERTEX_POINT('',#1706);
#1706 = CARTESIAN_POINT('',(2.063018288313,2.11,0.997246420274));
#1707 = SURFACE_CURVE('',#1708,(#1712,#1719),.PCURVE_S1.);
#1708 = LINE('',#1709,#1710);
#1709 = CARTESIAN_POINT('',(1.95,2.11,0.997246420274));
#1710 = VECTOR('',#1711,1.);
#1711 = DIRECTION('',(1.,0.,0.));
#1712 = PCURVE('',#1464,#1713);
#1713 = DEFINITIONAL_REPRESENTATION('',(#1714),#1718);
#1714 = LINE('',#1715,#1716);
#1715 = CARTESIAN_POINT('',(0.997246420274,-0.65));
#1716 = VECTOR('',#1717,1.);
#1717 = DIRECTION('',(0.,1.));
#1718 = ( GEOMETRIC_REPRESENTATION_CONTEXT(2) 
PARAMETRIC_REPRESENTATION_CONTEXT() REPRESENTATION_CONTEXT('2D SPACE',''
  ) );
#1719 = PCURVE('',#1720,#1725);
#1720 = PLANE('',#1721);
#1721 = AXIS2_PLACEMENT_3D('',#1722,#1723,#1724);
#1722 = CARTESIAN_POINT('',(1.95,1.7,0.997246420274));
#1723 = DIRECTION('',(0.,0.,1.));
#1724 = DIRECTION('',(1.,0.,0.));
#1725 = DEFINITIONAL_REPRESENTATION('',(#1726),#1730);
#1726 = LINE('',#1727,#1728);
#1727 = CARTESIAN_POINT('',(0.,0.41));
#1728 = VECTOR('',#1729,1.);
#1729 = DIRECTION('',(1.,0.));
#1730 = ( GEOMETRIC_REPRESENTATION_CONTEXT(2) 
PARAMETRIC_REPRESENTATION_CONTEXT() REPRESENTATION_CONTEXT('2D SPACE',''
  ) );
#1731 = ORIENTED_EDGE('',*,*,#1732,.F.);
#1732 = EDGE_CURVE('',#1733,#1705,#1735,.T.);
#1733 = VERTEX_POINT('',#1734);
#1734 = CARTESIAN_POINT('',(2.145299532729,2.11,0.955869630411));
#1735 = SURFACE_CURVE('',#1736,(#1741,#1752),.PCURVE_S1.);
#1736 = CIRCLE('',#1737,0.1025);
#1737 = AXIS2_PLACEMENT_3D('',#1738,#1739,#1740);
#1738 = CARTESIAN_POINT('',(2.063018288313,2.11,0.894746420274));
#1739 = DIRECTION('',(0.,-1.,0.));
#1740 = DIRECTION('',(0.,0.,1.));
#1741 = PCURVE('',#1464,#1742);
#1742 = DEFINITIONAL_REPRESENTATION('',(#1743),#1751);
#1743 = ( BOUNDED_CURVE() B_SPLINE_CURVE(2,(#1744,#1745,#1746,#1747,
#1748,#1749,#1750),.UNSPECIFIED.,.T.,.F.) B_SPLINE_CURVE_WITH_KNOTS((1,2
    ,2,2,2,1),(-2.094395102393,0.,2.094395102393,4.188790204786,
6.28318530718,8.377580409573),.UNSPECIFIED.) CURVE() 
GEOMETRIC_REPRESENTATION_ITEM() RATIONAL_B_SPLINE_CURVE((1.,0.5,1.,0.5,
1.,0.5,1.)) REPRESENTATION_ITEM('') );
#1744 = CARTESIAN_POINT('',(0.997246420274,-0.536981711687));
#1745 = CARTESIAN_POINT('',(0.997246420274,-0.714516919462));
#1746 = CARTESIAN_POINT('',(0.843496420274,-0.625749315574));
#1747 = CARTESIAN_POINT('',(0.689746420274,-0.536981711687));
#1748 = CARTESIAN_POINT('',(0.843496420274,-0.448214107799));
#1749 = CARTESIAN_POINT('',(0.997246420274,-0.359446503911));
#1750 = CARTESIAN_POINT('',(0.997246420274,-0.536981711687));
#1751 = ( GEOMETRIC_REPRESENTATION_CONTEXT(2) 
PARAMETRIC_REPRESENTATION_CONTEXT() REPRESENTATION_CONTEXT('2D SPACE',''
  ) );
#1752 = PCURVE('',#1753,#1758);
#1753 = CYLINDRICAL_SURFACE('',#1754,0.1025);
#1754 = AXIS2_PLACEMENT_3D('',#1755,#1756,#1757);
#1755 = CARTESIAN_POINT('',(2.063018288313,1.7,0.894746420274));
#1756 = DIRECTION('',(0.,1.,0.));
#1757 = DIRECTION('',(0.802743847954,0.,0.596324001338));
#1758 = DEFINITIONAL_REPRESENTATION('',(#1759),#1763);
#1759 = LINE('',#1760,#1761);
#1760 = CARTESIAN_POINT('',(5.351302965389,0.41));
#1761 = VECTOR('',#1762,1.);
#1762 = DIRECTION('',(-1.,0.));
#1763 = ( GEOMETRIC_REPRESENTATION_CONTEXT(2) 
PARAMETRIC_REPRESENTATION_CONTEXT() REPRESENTATION_CONTEXT('2D SPACE',''
  ) );
#1764 = ORIENTED_EDGE('',*,*,#1765,.F.);
#1765 = EDGE_CURVE('',#1766,#1733,#1768,.T.);
#1766 = VERTEX_POINT('',#1767);
#1767 = CARTESIAN_POINT('',(2.672351357136,2.11,0.246376789863));
#1768 = SURFACE_CURVE('',#1769,(#1773,#1780),.PCURVE_S1.);
#1769 = LINE('',#1770,#1771);
#1770 = CARTESIAN_POINT('',(2.764562488831,2.11,0.122246420274));
#1771 = VECTOR('',#1772,1.);
#1772 = DIRECTION('',(-0.596324001338,0.,0.802743847954));
#1773 = PCURVE('',#1464,#1774);
#1774 = DEFINITIONAL_REPRESENTATION('',(#1775),#1779);
#1775 = LINE('',#1776,#1777);
#1776 = CARTESIAN_POINT('',(0.122246420274,0.164562488831));
#1777 = VECTOR('',#1778,1.);
#1778 = DIRECTION('',(0.802743847954,-0.596324001338));
#1779 = ( GEOMETRIC_REPRESENTATION_CONTEXT(2) 
PARAMETRIC_REPRESENTATION_CONTEXT() REPRESENTATION_CONTEXT('2D SPACE',''
  ) );
#1780 = PCURVE('',#1781,#1786);
#1781 = PLANE('',#1782);
#1782 = AXIS2_PLACEMENT_3D('',#1783,#1784,#1785);
#1783 = CARTESIAN_POINT('',(2.764562488831,1.7,0.122246420274));
#1784 = DIRECTION('',(0.802743847954,0.,0.596324001338));
#1785 = DIRECTION('',(-0.596324001338,0.,0.802743847954));
#1786 = DEFINITIONAL_REPRESENTATION('',(#1787),#1791);
#1787 = LINE('',#1788,#1789);
#1788 = CARTESIAN_POINT('',(0.,-0.41));
#1789 = VECTOR('',#1790,1.);
#1790 = DIRECTION('',(1.,0.));
#1791 = ( GEOMETRIC_REPRESENTATION_CONTEXT(2) 
PARAMETRIC_REPRESENTATION_CONTEXT() REPRESENTATION_CONTEXT('2D SPACE',''
  ) );
#1792 = ORIENTED_EDGE('',*,*,#1793,.F.);
#1793 = EDGE_CURVE('',#1442,#1766,#1794,.T.);
#1794 = SURFACE_CURVE('',#1795,(#1800,#1807),.PCURVE_S1.);
#1795 = CIRCLE('',#1796,0.1025);
#1796 = AXIS2_PLACEMENT_3D('',#1797,#1798,#1799);
#1797 = CARTESIAN_POINT('',(2.754632601552,2.11,0.3075));
#1798 = DIRECTION('',(0.,1.,0.));
#1799 = DIRECTION('',(0.,0.,1.));
#1800 = PCURVE('',#1464,#1801);
#1801 = DEFINITIONAL_REPRESENTATION('',(#1802),#1806);
#1802 = CIRCLE('',#1803,0.1025);
#1803 = AXIS2_PLACEMENT_2D('',#1804,#1805);
#1804 = CARTESIAN_POINT('',(0.3075,0.154632601552));
#1805 = DIRECTION('',(1.,0.));
#1806 = ( GEOMETRIC_REPRESENTATION_CONTEXT(2) 
PARAMETRIC_REPRESENTATION_CONTEXT() REPRESENTATION_CONTEXT('2D SPACE',''
  ) );
#1807 = PCURVE('',#1492,#1808);
#1808 = DEFINITIONAL_REPRESENTATION('',(#1809),#1813);
#1809 = LINE('',#1810,#1811);
#1810 = CARTESIAN_POINT('',(-3.14159265359,0.41));
#1811 = VECTOR('',#1812,1.);
#1812 = DIRECTION('',(1.,0.));
#1813 = ( GEOMETRIC_REPRESENTATION_CONTEXT(2) 
PARAMETRIC_REPRESENTATION_CONTEXT() REPRESENTATION_CONTEXT('2D SPACE',''
  ) );
#1814 = ORIENTED_EDGE('',*,*,#1441,.T.);
#1815 = ORIENTED_EDGE('',*,*,#1816,.F.);
#1816 = EDGE_CURVE('',#1564,#1444,#1817,.T.);
#1817 = SURFACE_CURVE('',#1818,(#1822,#1829),.PCURVE_S1.);
#1818 = LINE('',#1819,#1820);
#1819 = CARTESIAN_POINT('',(3.,2.11,0.));
#1820 = VECTOR('',#1821,1.);
#1821 = DIRECTION('',(0.,0.,1.));
#1822 = PCURVE('',#1464,#1823);
#1823 = DEFINITIONAL_REPRESENTATION('',(#1824),#1828);
#1824 = LINE('',#1825,#1826);
#1825 = CARTESIAN_POINT('',(0.,0.4));
#1826 = VECTOR('',#1827,1.);
#1827 = DIRECTION('',(1.,0.));
#1828 = ( GEOMETRIC_REPRESENTATION_CONTEXT(2) 
PARAMETRIC_REPRESENTATION_CONTEXT() REPRESENTATION_CONTEXT('2D SPACE',''
  ) );
#1829 = PCURVE('',#1546,#1830);
#1830 = DEFINITIONAL_REPRESENTATION('',(#1831),#1835);
#1831 = LINE('',#1832,#1833);
#1832 = CARTESIAN_POINT('',(0.,-0.41));
#1833 = VECTOR('',#1834,1.);
#1834 = DIRECTION('',(1.,0.));
#1835 = ( GEOMETRIC_REPRESENTATION_CONTEXT(2) 
PARAMETRIC_REPRESENTATION_CONTEXT() REPRESENTATION_CONTEXT('2D SPACE',''
  ) );
#1836 = ADVANCED_FACE('',(#1837),#1492,.F.);
#1837 = FACE_BOUND('',#1838,.F.);
#1838 = EDGE_LOOP('',(#1839,#1863,#1884,#1885));
#1839 = ORIENTED_EDGE('',*,*,#1840,.T.);
#1840 = EDGE_CURVE('',#1477,#1841,#1843,.T.);
#1841 = VERTEX_POINT('',#1842);
#1842 = CARTESIAN_POINT('',(2.672351357136,1.7,0.246376789863));
#1843 = SURFACE_CURVE('',#1844,(#1849,#1856),.PCURVE_S1.);
#1844 = CIRCLE('',#1845,0.1025);
#1845 = AXIS2_PLACEMENT_3D('',#1846,#1847,#1848);
#1846 = CARTESIAN_POINT('',(2.754632601552,1.7,0.3075));
#1847 = DIRECTION('',(0.,1.,0.));
#1848 = DIRECTION('',(0.,0.,1.));
#1849 = PCURVE('',#1492,#1850);
#1850 = DEFINITIONAL_REPRESENTATION('',(#1851),#1855);
#1851 = LINE('',#1852,#1853);
#1852 = CARTESIAN_POINT('',(-3.14159265359,0.));
#1853 = VECTOR('',#1854,1.);
#1854 = DIRECTION('',(1.,0.));
#1855 = ( GEOMETRIC_REPRESENTATION_CONTEXT(2) 
PARAMETRIC_REPRESENTATION_CONTEXT() REPRESENTATION_CONTEXT('2D SPACE',''
  ) );
#1856 = PCURVE('',#1520,#1857);
#1857 = DEFINITIONAL_REPRESENTATION('',(#1858),#1862);
#1858 = CIRCLE('',#1859,0.1025);
#1859 = AXIS2_PLACEMENT_2D('',#1860,#1861);
#1860 = CARTESIAN_POINT('',(0.3075,0.154632601552));
#1861 = DIRECTION('',(1.,0.));
#1862 = ( GEOMETRIC_REPRESENTATION_CONTEXT(2) 
PARAMETRIC_REPRESENTATION_CONTEXT() REPRESENTATION_CONTEXT('2D SPACE',''
  ) );
#1863 = ORIENTED_EDGE('',*,*,#1864,.T.);
#1864 = EDGE_CURVE('',#1841,#1766,#1865,.T.);
#1865 = SURFACE_CURVE('',#1866,(#1870,#1877),.PCURVE_S1.);
#1866 = LINE('',#1867,#1868);
#1867 = CARTESIAN_POINT('',(2.672351357136,1.7,0.246376789863));
#1868 = VECTOR('',#1869,1.);
#1869 = DIRECTION('',(0.,1.,0.));
#1870 = PCURVE('',#1492,#1871);
#1871 = DEFINITIONAL_REPRESENTATION('',(#1872),#1876);
#1872 = LINE('',#1873,#1874);
#1873 = CARTESIAN_POINT('',(0.931882341791,0.));
#1874 = VECTOR('',#1875,1.);
#1875 = DIRECTION('',(0.,1.));
#1876 = ( GEOMETRIC_REPRESENTATION_CONTEXT(2) 
PARAMETRIC_REPRESENTATION_CONTEXT() REPRESENTATION_CONTEXT('2D SPACE',''
  ) );
#1877 = PCURVE('',#1781,#1878);
#1878 = DEFINITIONAL_REPRESENTATION('',(#1879),#1883);
#1879 = LINE('',#1880,#1881);
#1880 = CARTESIAN_POINT('',(0.154632601552,0.));
#1881 = VECTOR('',#1882,1.);
#1882 = DIRECTION('',(0.,-1.));
#1883 = ( GEOMETRIC_REPRESENTATION_CONTEXT(2) 
PARAMETRIC_REPRESENTATION_CONTEXT() REPRESENTATION_CONTEXT('2D SPACE',''
  ) );
#1884 = ORIENTED_EDGE('',*,*,#1793,.F.);
#1885 = ORIENTED_EDGE('',*,*,#1476,.F.);
#1886 = ADVANCED_FACE('',(#1887),#1546,.T.);
#1887 = FACE_BOUND('',#1888,.T.);
#1888 = EDGE_LOOP('',(#1889,#1912,#1933,#1934));
#1889 = ORIENTED_EDGE('',*,*,#1890,.F.);
#1890 = EDGE_CURVE('',#1891,#1505,#1893,.T.);
#1891 = VERTEX_POINT('',#1892);
#1892 = CARTESIAN_POINT('',(3.,1.7,0.));
#1893 = SURFACE_CURVE('',#1894,(#1898,#1905),.PCURVE_S1.);
#1894 = LINE('',#1895,#1896);
#1895 = CARTESIAN_POINT('',(3.,1.7,0.));
#1896 = VECTOR('',#1897,1.);
#1897 = DIRECTION('',(0.,0.,1.));
#1898 = PCURVE('',#1546,#1899);
#1899 = DEFINITIONAL_REPRESENTATION('',(#1900),#1904);
#1900 = LINE('',#1901,#1902);
#1901 = CARTESIAN_POINT('',(0.,0.));
#1902 = VECTOR('',#1903,1.);
#1903 = DIRECTION('',(1.,0.));
#1904 = ( GEOMETRIC_REPRESENTATION_CONTEXT(2) 
PARAMETRIC_REPRESENTATION_CONTEXT() REPRESENTATION_CONTEXT('2D SPACE',''
  ) );
#1905 = PCURVE('',#1520,#1906);
#1906 = DEFINITIONAL_REPRESENTATION('',(#1907),#1911);
#1907 = LINE('',#1908,#1909);
#1908 = CARTESIAN_POINT('',(0.,0.4));
#1909 = VECTOR('',#1910,1.);
#1910 = DIRECTION('',(1.,0.));
#1911 = ( GEOMETRIC_REPRESENTATION_CONTEXT(2) 
PARAMETRIC_REPRESENTATION_CONTEXT() REPRESENTATION_CONTEXT('2D SPACE',''
  ) );
#1912 = ORIENTED_EDGE('',*,*,#1913,.T.);
#1913 = EDGE_CURVE('',#1891,#1564,#1914,.T.);
#1914 = SURFACE_CURVE('',#1915,(#1919,#1926),.PCURVE_S1.);
#1915 = LINE('',#1916,#1917);
#1916 = CARTESIAN_POINT('',(3.,1.7,0.));
#1917 = VECTOR('',#1918,1.);
#1918 = DIRECTION('',(0.,1.,0.));
#1919 = PCURVE('',#1546,#1920);
#1920 = DEFINITIONAL_REPRESENTATION('',(#1921),#1925);
#1921 = LINE('',#1922,#1923);
#1922 = CARTESIAN_POINT('',(0.,0.));
#1923 = VECTOR('',#1924,1.);
#1924 = DIRECTION('',(0.,-1.));
#1925 = ( GEOMETRIC_REPRESENTATION_CONTEXT(2) 
PARAMETRIC_REPRESENTATION_CONTEXT() REPRESENTATION_CONTEXT('2D SPACE',''
  ) );
#1926 = PCURVE('',#1579,#1927);
#1927 = DEFINITIONAL_REPRESENTATION('',(#1928),#1932);
#1928 = LINE('',#1929,#1930);
#1929 = CARTESIAN_POINT('',(0.4,0.));
#1930 = VECTOR('',#1931,1.);
#1931 = DIRECTION('',(0.,1.));
#1932 = ( GEOMETRIC_REPRESENTATION_CONTEXT(2) 
PARAMETRIC_REPRESENTATION_CONTEXT() REPRESENTATION_CONTEXT('2D SPACE',''
  ) );
#1933 = ORIENTED_EDGE('',*,*,#1816,.T.);
#1934 = ORIENTED_EDGE('',*,*,#1532,.F.);
#1935 = ADVANCED_FACE('',(#1936),#1520,.F.);
#1936 = FACE_BOUND('',#1937,.F.);
#1937 = EDGE_LOOP('',(#1938,#1961,#1985,#2008,#2031,#2054,#2077,#2105,
    #2126,#2127,#2128));
#1938 = ORIENTED_EDGE('',*,*,#1939,.F.);
#1939 = EDGE_CURVE('',#1940,#1891,#1942,.T.);
#1940 = VERTEX_POINT('',#1941);
#1941 = CARTESIAN_POINT('',(2.651544200517,1.7,-1.387778780781E-17));
#1942 = SURFACE_CURVE('',#1943,(#1947,#1954),.PCURVE_S1.);
#1943 = LINE('',#1944,#1945);
#1944 = CARTESIAN_POINT('',(2.6,1.7,0.));
#1945 = VECTOR('',#1946,1.);
#1946 = DIRECTION('',(1.,0.,0.));
#1947 = PCURVE('',#1520,#1948);
#1948 = DEFINITIONAL_REPRESENTATION('',(#1949),#1953);
#1949 = LINE('',#1950,#1951);
#1950 = CARTESIAN_POINT('',(0.,0.));
#1951 = VECTOR('',#1952,1.);
#1952 = DIRECTION('',(0.,1.));
#1953 = ( GEOMETRIC_REPRESENTATION_CONTEXT(2) 
PARAMETRIC_REPRESENTATION_CONTEXT() REPRESENTATION_CONTEXT('2D SPACE',''
  ) );
#1954 = PCURVE('',#1579,#1955);
#1955 = DEFINITIONAL_REPRESENTATION('',(#1956),#1960);
#1956 = LINE('',#1957,#1958);
#1957 = CARTESIAN_POINT('',(0.,0.));
#1958 = VECTOR('',#1959,1.);
#1959 = DIRECTION('',(1.,0.));
#1960 = ( GEOMETRIC_REPRESENTATION_CONTEXT(2) 
PARAMETRIC_REPRESENTATION_CONTEXT() REPRESENTATION_CONTEXT('2D SPACE',''
  ) );
#1961 = ORIENTED_EDGE('',*,*,#1962,.T.);
#1962 = EDGE_CURVE('',#1940,#1963,#1965,.T.);
#1963 = VERTEX_POINT('',#1964);
#1964 = CARTESIAN_POINT('',(2.569262956102,1.7,4.13767898629E-02));
#1965 = SURFACE_CURVE('',#1966,(#1971,#1978),.PCURVE_S1.);
#1966 = CIRCLE('',#1967,0.1025);
#1967 = AXIS2_PLACEMENT_3D('',#1968,#1969,#1970);
#1968 = CARTESIAN_POINT('',(2.651544200517,1.7,0.1025));
#1969 = DIRECTION('',(0.,1.,0.));
#1970 = DIRECTION('',(0.,0.,1.));
#1971 = PCURVE('',#1520,#1972);
#1972 = DEFINITIONAL_REPRESENTATION('',(#1973),#1977);
#1973 = CIRCLE('',#1974,0.1025);
#1974 = AXIS2_PLACEMENT_2D('',#1975,#1976);
#1975 = CARTESIAN_POINT('',(0.1025,5.154420051718E-02));
#1976 = DIRECTION('',(1.,0.));
#1977 = ( GEOMETRIC_REPRESENTATION_CONTEXT(2) 
PARAMETRIC_REPRESENTATION_CONTEXT() REPRESENTATION_CONTEXT('2D SPACE',''
  ) );
#1978 = PCURVE('',#1608,#1979);
#1979 = DEFINITIONAL_REPRESENTATION('',(#1980),#1984);
#1980 = LINE('',#1981,#1982);
#1981 = CARTESIAN_POINT('',(-3.14159265359,0.));
#1982 = VECTOR('',#1983,1.);
#1983 = DIRECTION('',(1.,0.));
#1984 = ( GEOMETRIC_REPRESENTATION_CONTEXT(2) 
PARAMETRIC_REPRESENTATION_CONTEXT() REPRESENTATION_CONTEXT('2D SPACE',''
  ) );
#1985 = ORIENTED_EDGE('',*,*,#1986,.T.);
#1986 = EDGE_CURVE('',#1963,#1987,#1989,.T.);
#1987 = VERTEX_POINT('',#1988);
#1988 = CARTESIAN_POINT('',(2.011474087796,1.7,0.792246420274));
#1989 = SURFACE_CURVE('',#1990,(#1994,#2001),.PCURVE_S1.);
#1990 = LINE('',#1991,#1992);
#1991 = CARTESIAN_POINT('',(2.6,1.7,0.));
#1992 = VECTOR('',#1993,1.);
#1993 = DIRECTION('',(-0.596324001338,0.,0.802743847954));
#1994 = PCURVE('',#1520,#1995);
#1995 = DEFINITIONAL_REPRESENTATION('',(#1996),#2000);
#1996 = LINE('',#1997,#1998);
#1997 = CARTESIAN_POINT('',(0.,0.));
#1998 = VECTOR('',#1999,1.);
#1999 = DIRECTION('',(0.802743847954,-0.596324001338));
#2000 = ( GEOMETRIC_REPRESENTATION_CONTEXT(2) 
PARAMETRIC_REPRESENTATION_CONTEXT() REPRESENTATION_CONTEXT('2D SPACE',''
  ) );
#2001 = PCURVE('',#1636,#2002);
#2002 = DEFINITIONAL_REPRESENTATION('',(#2003),#2007);
#2003 = LINE('',#2004,#2005);
#2004 = CARTESIAN_POINT('',(0.,0.));
#2005 = VECTOR('',#2006,1.);
#2006 = DIRECTION('',(1.,0.));
#2007 = ( GEOMETRIC_REPRESENTATION_CONTEXT(2) 
PARAMETRIC_REPRESENTATION_CONTEXT() REPRESENTATION_CONTEXT('2D SPACE',''
  ) );
#2008 = ORIENTED_EDGE('',*,*,#2009,.F.);
#2009 = EDGE_CURVE('',#2010,#1987,#2012,.T.);
#2010 = VERTEX_POINT('',#2011);
#2011 = CARTESIAN_POINT('',(1.95,1.7,0.792246420274));
#2012 = SURFACE_CURVE('',#2013,(#2017,#2024),.PCURVE_S1.);
#2013 = LINE('',#2014,#2015);
#2014 = CARTESIAN_POINT('',(1.95,1.7,0.792246420274));
#2015 = VECTOR('',#2016,1.);
#2016 = DIRECTION('',(1.,0.,0.));
#2017 = PCURVE('',#1520,#2018);
#2018 = DEFINITIONAL_REPRESENTATION('',(#2019),#2023);
#2019 = LINE('',#2020,#2021);
#2020 = CARTESIAN_POINT('',(0.792246420274,-0.65));
#2021 = VECTOR('',#2022,1.);
#2022 = DIRECTION('',(0.,1.));
#2023 = ( GEOMETRIC_REPRESENTATION_CONTEXT(2) 
PARAMETRIC_REPRESENTATION_CONTEXT() REPRESENTATION_CONTEXT('2D SPACE',''
  ) );
#2024 = PCURVE('',#1664,#2025);
#2025 = DEFINITIONAL_REPRESENTATION('',(#2026),#2030);
#2026 = LINE('',#2027,#2028);
#2027 = CARTESIAN_POINT('',(0.,0.));
#2028 = VECTOR('',#2029,1.);
#2029 = DIRECTION('',(1.,0.));
#2030 = ( GEOMETRIC_REPRESENTATION_CONTEXT(2) 
PARAMETRIC_REPRESENTATION_CONTEXT() REPRESENTATION_CONTEXT('2D SPACE',''
  ) );
#2031 = ORIENTED_EDGE('',*,*,#2032,.T.);
#2032 = EDGE_CURVE('',#2010,#2033,#2035,.T.);
#2033 = VERTEX_POINT('',#2034);
#2034 = CARTESIAN_POINT('',(1.95,1.7,0.997246420274));
#2035 = SURFACE_CURVE('',#2036,(#2040,#2047),.PCURVE_S1.);
#2036 = LINE('',#2037,#2038);
#2037 = CARTESIAN_POINT('',(1.95,1.7,0.792246420274));
#2038 = VECTOR('',#2039,1.);
#2039 = DIRECTION('',(0.,0.,1.));
#2040 = PCURVE('',#1520,#2041);
#2041 = DEFINITIONAL_REPRESENTATION('',(#2042),#2046);
#2042 = LINE('',#2043,#2044);
#2043 = CARTESIAN_POINT('',(0.792246420274,-0.65));
#2044 = VECTOR('',#2045,1.);
#2045 = DIRECTION('',(1.,0.));
#2046 = ( GEOMETRIC_REPRESENTATION_CONTEXT(2) 
PARAMETRIC_REPRESENTATION_CONTEXT() REPRESENTATION_CONTEXT('2D SPACE',''
  ) );
#2047 = PCURVE('',#1692,#2048);
#2048 = DEFINITIONAL_REPRESENTATION('',(#2049),#2053);
#2049 = LINE('',#2050,#2051);
#2050 = CARTESIAN_POINT('',(0.,0.));
#2051 = VECTOR('',#2052,1.);
#2052 = DIRECTION('',(1.,0.));
#2053 = ( GEOMETRIC_REPRESENTATION_CONTEXT(2) 
PARAMETRIC_REPRESENTATION_CONTEXT() REPRESENTATION_CONTEXT('2D SPACE',''
  ) );
#2054 = ORIENTED_EDGE('',*,*,#2055,.T.);
#2055 = EDGE_CURVE('',#2033,#2056,#2058,.T.);
#2056 = VERTEX_POINT('',#2057);
#2057 = CARTESIAN_POINT('',(2.063018288313,1.7,0.997246420274));
#2058 = SURFACE_CURVE('',#2059,(#2063,#2070),.PCURVE_S1.);
#2059 = LINE('',#2060,#2061);
#2060 = CARTESIAN_POINT('',(1.95,1.7,0.997246420274));
#2061 = VECTOR('',#2062,1.);
#2062 = DIRECTION('',(1.,0.,0.));
#2063 = PCURVE('',#1520,#2064);
#2064 = DEFINITIONAL_REPRESENTATION('',(#2065),#2069);
#2065 = LINE('',#2066,#2067);
#2066 = CARTESIAN_POINT('',(0.997246420274,-0.65));
#2067 = VECTOR('',#2068,1.);
#2068 = DIRECTION('',(0.,1.));
#2069 = ( GEOMETRIC_REPRESENTATION_CONTEXT(2) 
PARAMETRIC_REPRESENTATION_CONTEXT() REPRESENTATION_CONTEXT('2D SPACE',''
  ) );
#2070 = PCURVE('',#1720,#2071);
#2071 = DEFINITIONAL_REPRESENTATION('',(#2072),#2076);
#2072 = LINE('',#2073,#2074);
#2073 = CARTESIAN_POINT('',(0.,0.));
#2074 = VECTOR('',#2075,1.);
#2075 = DIRECTION('',(1.,0.));
#2076 = ( GEOMETRIC_REPRESENTATION_CONTEXT(2) 
PARAMETRIC_REPRESENTATION_CONTEXT() REPRESENTATION_CONTEXT('2D SPACE',''
  ) );
#2077 = ORIENTED_EDGE('',*,*,#2078,.F.);
#2078 = EDGE_CURVE('',#2079,#2056,#2081,.T.);
#2079 = VERTEX_POINT('',#2080);
#2080 = CARTESIAN_POINT('',(2.145299532729,1.7,0.955869630411));
#2081 = SURFACE_CURVE('',#2082,(#2087,#2098),.PCURVE_S1.);
#2082 = CIRCLE('',#2083,0.1025);
#2083 = AXIS2_PLACEMENT_3D('',#2084,#2085,#2086);
#2084 = CARTESIAN_POINT('',(2.063018288313,1.7,0.894746420274));
#2085 = DIRECTION('',(0.,-1.,0.));
#2086 = DIRECTION('',(0.,0.,1.));
#2087 = PCURVE('',#1520,#2088);
#2088 = DEFINITIONAL_REPRESENTATION('',(#2089),#2097);
#2089 = ( BOUNDED_CURVE() B_SPLINE_CURVE(2,(#2090,#2091,#2092,#2093,
#2094,#2095,#2096),.UNSPECIFIED.,.T.,.F.) B_SPLINE_CURVE_WITH_KNOTS((1,2
    ,2,2,2,1),(-2.094395102393,0.,2.094395102393,4.188790204786,
6.28318530718,8.377580409573),.UNSPECIFIED.) CURVE() 
GEOMETRIC_REPRESENTATION_ITEM() RATIONAL_B_SPLINE_CURVE((1.,0.5,1.,0.5,
1.,0.5,1.)) REPRESENTATION_ITEM('') );
#2090 = CARTESIAN_POINT('',(0.997246420274,-0.536981711687));
#2091 = CARTESIAN_POINT('',(0.997246420274,-0.714516919462));
#2092 = CARTESIAN_POINT('',(0.843496420274,-0.625749315574));
#2093 = CARTESIAN_POINT('',(0.689746420274,-0.536981711687));
#2094 = CARTESIAN_POINT('',(0.843496420274,-0.448214107799));
#2095 = CARTESIAN_POINT('',(0.997246420274,-0.359446503911));
#2096 = CARTESIAN_POINT('',(0.997246420274,-0.536981711687));
#2097 = ( GEOMETRIC_REPRESENTATION_CONTEXT(2) 
PARAMETRIC_REPRESENTATION_CONTEXT() REPRESENTATION_CONTEXT('2D SPACE',''
  ) );
#2098 = PCURVE('',#1753,#2099);
#2099 = DEFINITIONAL_REPRESENTATION('',(#2100),#2104);
#2100 = LINE('',#2101,#2102);
#2101 = CARTESIAN_POINT('',(5.351302965389,-0.));
#2102 = VECTOR('',#2103,1.);
#2103 = DIRECTION('',(-1.,0.));
#2104 = ( GEOMETRIC_REPRESENTATION_CONTEXT(2) 
PARAMETRIC_REPRESENTATION_CONTEXT() REPRESENTATION_CONTEXT('2D SPACE',''
  ) );
#2105 = ORIENTED_EDGE('',*,*,#2106,.F.);
#2106 = EDGE_CURVE('',#1841,#2079,#2107,.T.);
#2107 = SURFACE_CURVE('',#2108,(#2112,#2119),.PCURVE_S1.);
#2108 = LINE('',#2109,#2110);
#2109 = CARTESIAN_POINT('',(2.764562488831,1.7,0.122246420274));
#2110 = VECTOR('',#2111,1.);
#2111 = DIRECTION('',(-0.596324001338,0.,0.802743847954));
#2112 = PCURVE('',#1520,#2113);
#2113 = DEFINITIONAL_REPRESENTATION('',(#2114),#2118);
#2114 = LINE('',#2115,#2116);
#2115 = CARTESIAN_POINT('',(0.122246420274,0.164562488831));
#2116 = VECTOR('',#2117,1.);
#2117 = DIRECTION('',(0.802743847954,-0.596324001338));
#2118 = ( GEOMETRIC_REPRESENTATION_CONTEXT(2) 
PARAMETRIC_REPRESENTATION_CONTEXT() REPRESENTATION_CONTEXT('2D SPACE',''
  ) );
#2119 = PCURVE('',#1781,#2120);
#2120 = DEFINITIONAL_REPRESENTATION('',(#2121),#2125);
#2121 = LINE('',#2122,#2123);
#2122 = CARTESIAN_POINT('',(0.,0.));
#2123 = VECTOR('',#2124,1.);
#2124 = DIRECTION('',(1.,0.));
#2125 = ( GEOMETRIC_REPRESENTATION_CONTEXT(2) 
PARAMETRIC_REPRESENTATION_CONTEXT() REPRESENTATION_CONTEXT('2D SPACE',''
  ) );
#2126 = ORIENTED_EDGE('',*,*,#1840,.F.);
#2127 = ORIENTED_EDGE('',*,*,#1504,.T.);
#2128 = ORIENTED_EDGE('',*,*,#1890,.F.);
#2129 = ADVANCED_FACE('',(#2130),#1579,.F.);
#2130 = FACE_BOUND('',#2131,.F.);
#2131 = EDGE_LOOP('',(#2132,#2133,#2134,#2135));
#2132 = ORIENTED_EDGE('',*,*,#1939,.T.);
#2133 = ORIENTED_EDGE('',*,*,#1913,.T.);
#2134 = ORIENTED_EDGE('',*,*,#1561,.F.);
#2135 = ORIENTED_EDGE('',*,*,#2136,.F.);
#2136 = EDGE_CURVE('',#1940,#1562,#2137,.T.);
#2137 = SURFACE_CURVE('',#2138,(#2142,#2149),.PCURVE_S1.);
#2138 = LINE('',#2139,#2140);
#2139 = CARTESIAN_POINT('',(2.651544200517,1.7,-1.387778780781E-17));
#2140 = VECTOR('',#2141,1.);
#2141 = DIRECTION('',(0.,1.,0.));
#2142 = PCURVE('',#1579,#2143);
#2143 = DEFINITIONAL_REPRESENTATION('',(#2144),#2148);
#2144 = LINE('',#2145,#2146);
#2145 = CARTESIAN_POINT('',(5.154420051718E-02,0.));
#2146 = VECTOR('',#2147,1.);
#2147 = DIRECTION('',(0.,1.));
#2148 = ( GEOMETRIC_REPRESENTATION_CONTEXT(2) 
PARAMETRIC_REPRESENTATION_CONTEXT() REPRESENTATION_CONTEXT('2D SPACE',''
  ) );
#2149 = PCURVE('',#1608,#2150);
#2150 = DEFINITIONAL_REPRESENTATION('',(#2151),#2155);
#2151 = LINE('',#2152,#2153);
#2152 = CARTESIAN_POINT('',(0.,0.));
#2153 = VECTOR('',#2154,1.);
#2154 = DIRECTION('',(0.,1.));
#2155 = ( GEOMETRIC_REPRESENTATION_CONTEXT(2) 
PARAMETRIC_REPRESENTATION_CONTEXT() REPRESENTATION_CONTEXT('2D SPACE',''
  ) );
#2156 = ADVANCED_FACE('',(#2157),#1608,.T.);
#2157 = FACE_BOUND('',#2158,.T.);
#2158 = EDGE_LOOP('',(#2159,#2160,#2181,#2182));
#2159 = ORIENTED_EDGE('',*,*,#1962,.T.);
#2160 = ORIENTED_EDGE('',*,*,#2161,.T.);
#2161 = EDGE_CURVE('',#1963,#1592,#2162,.T.);
#2162 = SURFACE_CURVE('',#2163,(#2167,#2174),.PCURVE_S1.);
#2163 = LINE('',#2164,#2165);
#2164 = CARTESIAN_POINT('',(2.569262956102,1.7,4.13767898629E-02));
#2165 = VECTOR('',#2166,1.);
#2166 = DIRECTION('',(0.,1.,0.));
#2167 = PCURVE('',#1608,#2168);
#2168 = DEFINITIONAL_REPRESENTATION('',(#2169),#2173);
#2169 = LINE('',#2170,#2171);
#2170 = CARTESIAN_POINT('',(0.931882341791,0.));
#2171 = VECTOR('',#2172,1.);
#2172 = DIRECTION('',(0.,1.));
#2173 = ( GEOMETRIC_REPRESENTATION_CONTEXT(2) 
PARAMETRIC_REPRESENTATION_CONTEXT() REPRESENTATION_CONTEXT('2D SPACE',''
  ) );
#2174 = PCURVE('',#1636,#2175);
#2175 = DEFINITIONAL_REPRESENTATION('',(#2176),#2180);
#2176 = LINE('',#2177,#2178);
#2177 = CARTESIAN_POINT('',(5.154420051718E-02,0.));
#2178 = VECTOR('',#2179,1.);
#2179 = DIRECTION('',(0.,-1.));
#2180 = ( GEOMETRIC_REPRESENTATION_CONTEXT(2) 
PARAMETRIC_REPRESENTATION_CONTEXT() REPRESENTATION_CONTEXT('2D SPACE',''
  ) );
#2181 = ORIENTED_EDGE('',*,*,#1591,.F.);
#2182 = ORIENTED_EDGE('',*,*,#2136,.F.);
#2183 = ADVANCED_FACE('',(#2184),#1636,.F.);
#2184 = FACE_BOUND('',#2185,.F.);
#2185 = EDGE_LOOP('',(#2186,#2187,#2188,#2189));
#2186 = ORIENTED_EDGE('',*,*,#1986,.F.);
#2187 = ORIENTED_EDGE('',*,*,#2161,.T.);
#2188 = ORIENTED_EDGE('',*,*,#1620,.T.);
#2189 = ORIENTED_EDGE('',*,*,#2190,.F.);
#2190 = EDGE_CURVE('',#1987,#1621,#2191,.T.);
#2191 = SURFACE_CURVE('',#2192,(#2196,#2202),.PCURVE_S1.);
#2192 = LINE('',#2193,#2194);
#2193 = CARTESIAN_POINT('',(2.011474087796,1.7,0.792246420274));
#2194 = VECTOR('',#2195,1.);
#2195 = DIRECTION('',(0.,1.,0.));
#2196 = PCURVE('',#1636,#2197);
#2197 = DEFINITIONAL_REPRESENTATION('',(#2198),#2201);
#2198 = B_SPLINE_CURVE_WITH_KNOTS('',1,(#2199,#2200),.UNSPECIFIED.,.F.,
  .F.,(2,2),(-4.1E-02,0.451),.PIECEWISE_BEZIER_KNOTS.);
#2199 = CARTESIAN_POINT('',(0.986923066795,4.1E-02));
#2200 = CARTESIAN_POINT('',(0.986923066795,-0.451));
#2201 = ( GEOMETRIC_REPRESENTATION_CONTEXT(2) 
PARAMETRIC_REPRESENTATION_CONTEXT() REPRESENTATION_CONTEXT('2D SPACE',''
  ) );
#2202 = PCURVE('',#1664,#2203);
#2203 = DEFINITIONAL_REPRESENTATION('',(#2204),#2207);
#2204 = B_SPLINE_CURVE_WITH_KNOTS('',1,(#2205,#2206),.UNSPECIFIED.,.F.,
  .F.,(2,2),(-4.1E-02,0.451),.PIECEWISE_BEZIER_KNOTS.);
#2205 = CARTESIAN_POINT('',(6.14740877963E-02,-4.1E-02));
#2206 = CARTESIAN_POINT('',(6.14740877963E-02,0.451));
#2207 = ( GEOMETRIC_REPRESENTATION_CONTEXT(2) 
PARAMETRIC_REPRESENTATION_CONTEXT() REPRESENTATION_CONTEXT('2D SPACE',''
  ) );
#2208 = ADVANCED_FACE('',(#2209),#1664,.F.);
#2209 = FACE_BOUND('',#2210,.F.);
#2210 = EDGE_LOOP('',(#2211,#2212,#2233,#2234));
#2211 = ORIENTED_EDGE('',*,*,#1648,.F.);
#2212 = ORIENTED_EDGE('',*,*,#2213,.F.);
#2213 = EDGE_CURVE('',#2010,#1649,#2214,.T.);
#2214 = SURFACE_CURVE('',#2215,(#2219,#2226),.PCURVE_S1.);
#2215 = LINE('',#2216,#2217);
#2216 = CARTESIAN_POINT('',(1.95,1.7,0.792246420274));
#2217 = VECTOR('',#2218,1.);
#2218 = DIRECTION('',(0.,1.,0.));
#2219 = PCURVE('',#1664,#2220);
#2220 = DEFINITIONAL_REPRESENTATION('',(#2221),#2225);
#2221 = LINE('',#2222,#2223);
#2222 = CARTESIAN_POINT('',(0.,0.));
#2223 = VECTOR('',#2224,1.);
#2224 = DIRECTION('',(0.,1.));
#2225 = ( GEOMETRIC_REPRESENTATION_CONTEXT(2) 
PARAMETRIC_REPRESENTATION_CONTEXT() REPRESENTATION_CONTEXT('2D SPACE',''
  ) );
#2226 = PCURVE('',#1692,#2227);
#2227 = DEFINITIONAL_REPRESENTATION('',(#2228),#2232);
#2228 = LINE('',#2229,#2230);
#2229 = CARTESIAN_POINT('',(0.,0.));
#2230 = VECTOR('',#2231,1.);
#2231 = DIRECTION('',(0.,-1.));
#2232 = ( GEOMETRIC_REPRESENTATION_CONTEXT(2) 
PARAMETRIC_REPRESENTATION_CONTEXT() REPRESENTATION_CONTEXT('2D SPACE',''
  ) );
#2233 = ORIENTED_EDGE('',*,*,#2009,.T.);
#2234 = ORIENTED_EDGE('',*,*,#2190,.T.);
#2235 = ADVANCED_FACE('',(#2236),#1692,.F.);
#2236 = FACE_BOUND('',#2237,.T.);
#2237 = EDGE_LOOP('',(#2238,#2239,#2260,#2261));
#2238 = ORIENTED_EDGE('',*,*,#2032,.T.);
#2239 = ORIENTED_EDGE('',*,*,#2240,.T.);
#2240 = EDGE_CURVE('',#2033,#1677,#2241,.T.);
#2241 = SURFACE_CURVE('',#2242,(#2246,#2253),.PCURVE_S1.);
#2242 = LINE('',#2243,#2244);
#2243 = CARTESIAN_POINT('',(1.95,1.7,0.997246420274));
#2244 = VECTOR('',#2245,1.);
#2245 = DIRECTION('',(0.,1.,0.));
#2246 = PCURVE('',#1692,#2247);
#2247 = DEFINITIONAL_REPRESENTATION('',(#2248),#2252);
#2248 = LINE('',#2249,#2250);
#2249 = CARTESIAN_POINT('',(0.205,0.));
#2250 = VECTOR('',#2251,1.);
#2251 = DIRECTION('',(0.,-1.));
#2252 = ( GEOMETRIC_REPRESENTATION_CONTEXT(2) 
PARAMETRIC_REPRESENTATION_CONTEXT() REPRESENTATION_CONTEXT('2D SPACE',''
  ) );
#2253 = PCURVE('',#1720,#2254);
#2254 = DEFINITIONAL_REPRESENTATION('',(#2255),#2259);
#2255 = LINE('',#2256,#2257);
#2256 = CARTESIAN_POINT('',(0.,0.));
#2257 = VECTOR('',#2258,1.);
#2258 = DIRECTION('',(0.,1.));
#2259 = ( GEOMETRIC_REPRESENTATION_CONTEXT(2) 
PARAMETRIC_REPRESENTATION_CONTEXT() REPRESENTATION_CONTEXT('2D SPACE',''
  ) );
#2260 = ORIENTED_EDGE('',*,*,#1676,.F.);
#2261 = ORIENTED_EDGE('',*,*,#2213,.F.);
#2262 = ADVANCED_FACE('',(#2263),#1781,.T.);
#2263 = FACE_BOUND('',#2264,.T.);
#2264 = EDGE_LOOP('',(#2265,#2266,#2267,#2268));
#2265 = ORIENTED_EDGE('',*,*,#2106,.F.);
#2266 = ORIENTED_EDGE('',*,*,#1864,.T.);
#2267 = ORIENTED_EDGE('',*,*,#1765,.T.);
#2268 = ORIENTED_EDGE('',*,*,#2269,.F.);
#2269 = EDGE_CURVE('',#2079,#1733,#2270,.T.);
#2270 = SURFACE_CURVE('',#2271,(#2275,#2282),.PCURVE_S1.);
#2271 = LINE('',#2272,#2273);
#2272 = CARTESIAN_POINT('',(2.145299532729,1.7,0.955869630411));
#2273 = VECTOR('',#2274,1.);
#2274 = DIRECTION('',(0.,1.,0.));
#2275 = PCURVE('',#1781,#2276);
#2276 = DEFINITIONAL_REPRESENTATION('',(#2277),#2281);
#2277 = LINE('',#2278,#2279);
#2278 = CARTESIAN_POINT('',(1.038467267312,0.));
#2279 = VECTOR('',#2280,1.);
#2280 = DIRECTION('',(0.,-1.));
#2281 = ( GEOMETRIC_REPRESENTATION_CONTEXT(2) 
PARAMETRIC_REPRESENTATION_CONTEXT() REPRESENTATION_CONTEXT('2D SPACE',''
  ) );
#2282 = PCURVE('',#1753,#2283);
#2283 = DEFINITIONAL_REPRESENTATION('',(#2284),#2288);
#2284 = LINE('',#2285,#2286);
#2285 = CARTESIAN_POINT('',(-0.,0.));
#2286 = VECTOR('',#2287,1.);
#2287 = DIRECTION('',(-0.,1.));
#2288 = ( GEOMETRIC_REPRESENTATION_CONTEXT(2) 
PARAMETRIC_REPRESENTATION_CONTEXT() REPRESENTATION_CONTEXT('2D SPACE',''
  ) );
#2289 = ADVANCED_FACE('',(#2290),#1720,.T.);
#2290 = FACE_BOUND('',#2291,.T.);
#2291 = EDGE_LOOP('',(#2292,#2293,#2294,#2295));
#2292 = ORIENTED_EDGE('',*,*,#1704,.F.);
#2293 = ORIENTED_EDGE('',*,*,#2240,.F.);
#2294 = ORIENTED_EDGE('',*,*,#2055,.T.);
#2295 = ORIENTED_EDGE('',*,*,#2296,.T.);
#2296 = EDGE_CURVE('',#2056,#1705,#2297,.T.);
#2297 = SURFACE_CURVE('',#2298,(#2302,#2309),.PCURVE_S1.);
#2298 = LINE('',#2299,#2300);
#2299 = CARTESIAN_POINT('',(2.063018288313,1.7,0.997246420274));
#2300 = VECTOR('',#2301,1.);
#2301 = DIRECTION('',(0.,1.,0.));
#2302 = PCURVE('',#1720,#2303);
#2303 = DEFINITIONAL_REPRESENTATION('',(#2304),#2308);
#2304 = LINE('',#2305,#2306);
#2305 = CARTESIAN_POINT('',(0.113018288313,0.));
#2306 = VECTOR('',#2307,1.);
#2307 = DIRECTION('',(0.,1.));
#2308 = ( GEOMETRIC_REPRESENTATION_CONTEXT(2) 
PARAMETRIC_REPRESENTATION_CONTEXT() REPRESENTATION_CONTEXT('2D SPACE',''
  ) );
#2309 = PCURVE('',#1753,#2310);
#2310 = DEFINITIONAL_REPRESENTATION('',(#2311),#2315);
#2311 = LINE('',#2312,#2313);
#2312 = CARTESIAN_POINT('',(-0.931882341791,0.));
#2313 = VECTOR('',#2314,1.);
#2314 = DIRECTION('',(-0.,1.));
#2315 = ( GEOMETRIC_REPRESENTATION_CONTEXT(2) 
PARAMETRIC_REPRESENTATION_CONTEXT() REPRESENTATION_CONTEXT('2D SPACE',''
  ) );
#2316 = ADVANCED_FACE('',(#2317),#1753,.T.);
#2317 = FACE_BOUND('',#2318,.F.);
#2318 = EDGE_LOOP('',(#2319,#2320,#2321,#2322));
#2319 = ORIENTED_EDGE('',*,*,#2078,.T.);
#2320 = ORIENTED_EDGE('',*,*,#2296,.T.);
#2321 = ORIENTED_EDGE('',*,*,#1732,.F.);
#2322 = ORIENTED_EDGE('',*,*,#2269,.F.);
#2323 = MANIFOLD_SOLID_BREP('',#2324);
#2324 = CLOSED_SHELL('',(#2325,#2445,#2728,#2782,#2831,#3025,#3052,#3079
    ,#3104,#3131,#3158,#3185,#3212));
#2325 = ADVANCED_FACE('',(#2326),#2340,.T.);
#2326 = FACE_BOUND('',#2327,.T.);
#2327 = EDGE_LOOP('',(#2328,#2363,#2391,#2419));
#2328 = ORIENTED_EDGE('',*,*,#2329,.F.);
#2329 = EDGE_CURVE('',#2330,#2332,#2334,.T.);
#2330 = VERTEX_POINT('',#2331);
#2331 = CARTESIAN_POINT('',(-3.,2.11,0.205));
#2332 = VERTEX_POINT('',#2333);
#2333 = CARTESIAN_POINT('',(-2.754632601552,2.11,0.205));
#2334 = SURFACE_CURVE('',#2335,(#2339,#2351),.PCURVE_S1.);
#2335 = LINE('',#2336,#2337);
#2336 = CARTESIAN_POINT('',(-3.,2.11,0.205));
#2337 = VECTOR('',#2338,1.);
#2338 = DIRECTION('',(1.,0.,0.));
#2339 = PCURVE('',#2340,#2345);
#2340 = PLANE('',#2341);
#2341 = AXIS2_PLACEMENT_3D('',#2342,#2343,#2344);
#2342 = CARTESIAN_POINT('',(-3.,1.7,0.205));
#2343 = DIRECTION('',(0.,0.,1.));
#2344 = DIRECTION('',(1.,0.,0.));
#2345 = DEFINITIONAL_REPRESENTATION('',(#2346),#2350);
#2346 = LINE('',#2347,#2348);
#2347 = CARTESIAN_POINT('',(0.,0.41));
#2348 = VECTOR('',#2349,1.);
#2349 = DIRECTION('',(1.,0.));
#2350 = ( GEOMETRIC_REPRESENTATION_CONTEXT(2) 
PARAMETRIC_REPRESENTATION_CONTEXT() REPRESENTATION_CONTEXT('2D SPACE',''
  ) );
#2351 = PCURVE('',#2352,#2357);
#2352 = PLANE('',#2353);
#2353 = AXIS2_PLACEMENT_3D('',#2354,#2355,#2356);
#2354 = CARTESIAN_POINT('',(-3.,2.11,0.));
#2355 = DIRECTION('',(0.,1.,0.));
#2356 = DIRECTION('',(0.,0.,1.));
#2357 = DEFINITIONAL_REPRESENTATION('',(#2358),#2362);
#2358 = LINE('',#2359,#2360);
#2359 = CARTESIAN_POINT('',(0.205,0.));
#2360 = VECTOR('',#2361,1.);
#2361 = DIRECTION('',(0.,1.));
#2362 = ( GEOMETRIC_REPRESENTATION_CONTEXT(2) 
PARAMETRIC_REPRESENTATION_CONTEXT() REPRESENTATION_CONTEXT('2D SPACE',''
  ) );
#2363 = ORIENTED_EDGE('',*,*,#2364,.F.);
#2364 = EDGE_CURVE('',#2365,#2330,#2367,.T.);
#2365 = VERTEX_POINT('',#2366);
#2366 = CARTESIAN_POINT('',(-3.,1.7,0.205));
#2367 = SURFACE_CURVE('',#2368,(#2372,#2379),.PCURVE_S1.);
#2368 = LINE('',#2369,#2370);
#2369 = CARTESIAN_POINT('',(-3.,1.7,0.205));
#2370 = VECTOR('',#2371,1.);
#2371 = DIRECTION('',(0.,1.,0.));
#2372 = PCURVE('',#2340,#2373);
#2373 = DEFINITIONAL_REPRESENTATION('',(#2374),#2378);
#2374 = LINE('',#2375,#2376);
#2375 = CARTESIAN_POINT('',(0.,0.));
#2376 = VECTOR('',#2377,1.);
#2377 = DIRECTION('',(0.,1.));
#2378 = ( GEOMETRIC_REPRESENTATION_CONTEXT(2) 
PARAMETRIC_REPRESENTATION_CONTEXT() REPRESENTATION_CONTEXT('2D SPACE',''
  ) );
#2379 = PCURVE('',#2380,#2385);
#2380 = PLANE('',#2381);
#2381 = AXIS2_PLACEMENT_3D('',#2382,#2383,#2384);
#2382 = CARTESIAN_POINT('',(-3.,1.7,0.));
#2383 = DIRECTION('',(1.,0.,0.));
#2384 = DIRECTION('',(0.,0.,1.));
#2385 = DEFINITIONAL_REPRESENTATION('',(#2386),#2390);
#2386 = LINE('',#2387,#2388);
#2387 = CARTESIAN_POINT('',(0.205,0.));
#2388 = VECTOR('',#2389,1.);
#2389 = DIRECTION('',(0.,-1.));
#2390 = ( GEOMETRIC_REPRESENTATION_CONTEXT(2) 
PARAMETRIC_REPRESENTATION_CONTEXT() REPRESENTATION_CONTEXT('2D SPACE',''
  ) );
#2391 = ORIENTED_EDGE('',*,*,#2392,.T.);
#2392 = EDGE_CURVE('',#2365,#2393,#2395,.T.);
#2393 = VERTEX_POINT('',#2394);
#2394 = CARTESIAN_POINT('',(-2.754632601552,1.7,0.205));
#2395 = SURFACE_CURVE('',#2396,(#2400,#2407),.PCURVE_S1.);
#2396 = LINE('',#2397,#2398);
#2397 = CARTESIAN_POINT('',(-3.,1.7,0.205));
#2398 = VECTOR('',#2399,1.);
#2399 = DIRECTION('',(1.,0.,0.));
#2400 = PCURVE('',#2340,#2401);
#2401 = DEFINITIONAL_REPRESENTATION('',(#2402),#2406);
#2402 = LINE('',#2403,#2404);
#2403 = CARTESIAN_POINT('',(0.,0.));
#2404 = VECTOR('',#2405,1.);
#2405 = DIRECTION('',(1.,0.));
#2406 = ( GEOMETRIC_REPRESENTATION_CONTEXT(2) 
PARAMETRIC_REPRESENTATION_CONTEXT() REPRESENTATION_CONTEXT('2D SPACE',''
  ) );
#2407 = PCURVE('',#2408,#2413);
#2408 = PLANE('',#2409);
#2409 = AXIS2_PLACEMENT_3D('',#2410,#2411,#2412);
#2410 = CARTESIAN_POINT('',(-3.,1.7,0.));
#2411 = DIRECTION('',(0.,1.,0.));
#2412 = DIRECTION('',(0.,0.,1.));
#2413 = DEFINITIONAL_REPRESENTATION('',(#2414),#2418);
#2414 = LINE('',#2415,#2416);
#2415 = CARTESIAN_POINT('',(0.205,0.));
#2416 = VECTOR('',#2417,1.);
#2417 = DIRECTION('',(0.,1.));
#2418 = ( GEOMETRIC_REPRESENTATION_CONTEXT(2) 
PARAMETRIC_REPRESENTATION_CONTEXT() REPRESENTATION_CONTEXT('2D SPACE',''
  ) );
#2419 = ORIENTED_EDGE('',*,*,#2420,.T.);
#2420 = EDGE_CURVE('',#2393,#2332,#2421,.T.);
#2421 = SURFACE_CURVE('',#2422,(#2426,#2433),.PCURVE_S1.);
#2422 = LINE('',#2423,#2424);
#2423 = CARTESIAN_POINT('',(-2.754632601552,1.7,0.205));
#2424 = VECTOR('',#2425,1.);
#2425 = DIRECTION('',(0.,1.,0.));
#2426 = PCURVE('',#2340,#2427);
#2427 = DEFINITIONAL_REPRESENTATION('',(#2428),#2432);
#2428 = LINE('',#2429,#2430);
#2429 = CARTESIAN_POINT('',(0.245367398448,0.));
#2430 = VECTOR('',#2431,1.);
#2431 = DIRECTION('',(0.,1.));
#2432 = ( GEOMETRIC_REPRESENTATION_CONTEXT(2) 
PARAMETRIC_REPRESENTATION_CONTEXT() REPRESENTATION_CONTEXT('2D SPACE',''
  ) );
#2433 = PCURVE('',#2434,#2439);
#2434 = CYLINDRICAL_SURFACE('',#2435,0.1025);
#2435 = AXIS2_PLACEMENT_3D('',#2436,#2437,#2438);
#2436 = CARTESIAN_POINT('',(-2.754632601552,1.7,0.3075));
#2437 = DIRECTION('',(0.,1.,0.));
#2438 = DIRECTION('',(0.,0.,-1.));
#2439 = DEFINITIONAL_REPRESENTATION('',(#2440),#2444);
#2440 = LINE('',#2441,#2442);
#2441 = CARTESIAN_POINT('',(-0.,0.));
#2442 = VECTOR('',#2443,1.);
#2443 = DIRECTION('',(-0.,1.));
#2444 = ( GEOMETRIC_REPRESENTATION_CONTEXT(2) 
PARAMETRIC_REPRESENTATION_CONTEXT() REPRESENTATION_CONTEXT('2D SPACE',''
  ) );
#2445 = ADVANCED_FACE('',(#2446),#2352,.T.);
#2446 = FACE_BOUND('',#2447,.T.);
#2447 = EDGE_LOOP('',(#2448,#2478,#2499,#2500,#2528,#2556,#2585,#2613,
    #2641,#2669,#2697));
#2448 = ORIENTED_EDGE('',*,*,#2449,.F.);
#2449 = EDGE_CURVE('',#2450,#2452,#2454,.T.);
#2450 = VERTEX_POINT('',#2451);
#2451 = CARTESIAN_POINT('',(-3.,2.11,0.));
#2452 = VERTEX_POINT('',#2453);
#2453 = CARTESIAN_POINT('',(-2.651544200517,2.11,-1.387778780781E-17));
#2454 = SURFACE_CURVE('',#2455,(#2459,#2466),.PCURVE_S1.);
#2455 = LINE('',#2456,#2457);
#2456 = CARTESIAN_POINT('',(-3.,2.11,0.));
#2457 = VECTOR('',#2458,1.);
#2458 = DIRECTION('',(1.,0.,0.));
#2459 = PCURVE('',#2352,#2460);
#2460 = DEFINITIONAL_REPRESENTATION('',(#2461),#2465);
#2461 = LINE('',#2462,#2463);
#2462 = CARTESIAN_POINT('',(0.,0.));
#2463 = VECTOR('',#2464,1.);
#2464 = DIRECTION('',(0.,1.));
#2465 = ( GEOMETRIC_REPRESENTATION_CONTEXT(2) 
PARAMETRIC_REPRESENTATION_CONTEXT() REPRESENTATION_CONTEXT('2D SPACE',''
  ) );
#2466 = PCURVE('',#2467,#2472);
#2467 = PLANE('',#2468);
#2468 = AXIS2_PLACEMENT_3D('',#2469,#2470,#2471);
#2469 = CARTESIAN_POINT('',(-3.,1.7,0.));
#2470 = DIRECTION('',(0.,0.,1.));
#2471 = DIRECTION('',(1.,0.,0.));
#2472 = DEFINITIONAL_REPRESENTATION('',(#2473),#2477);
#2473 = LINE('',#2474,#2475);
#2474 = CARTESIAN_POINT('',(0.,0.41));
#2475 = VECTOR('',#2476,1.);
#2476 = DIRECTION('',(1.,0.));
#2477 = ( GEOMETRIC_REPRESENTATION_CONTEXT(2) 
PARAMETRIC_REPRESENTATION_CONTEXT() REPRESENTATION_CONTEXT('2D SPACE',''
  ) );
#2478 = ORIENTED_EDGE('',*,*,#2479,.T.);
#2479 = EDGE_CURVE('',#2450,#2330,#2480,.T.);
#2480 = SURFACE_CURVE('',#2481,(#2485,#2492),.PCURVE_S1.);
#2481 = LINE('',#2482,#2483);
#2482 = CARTESIAN_POINT('',(-3.,2.11,0.));
#2483 = VECTOR('',#2484,1.);
#2484 = DIRECTION('',(0.,0.,1.));
#2485 = PCURVE('',#2352,#2486);
#2486 = DEFINITIONAL_REPRESENTATION('',(#2487),#2491);
#2487 = LINE('',#2488,#2489);
#2488 = CARTESIAN_POINT('',(0.,0.));
#2489 = VECTOR('',#2490,1.);
#2490 = DIRECTION('',(1.,0.));
#2491 = ( GEOMETRIC_REPRESENTATION_CONTEXT(2) 
PARAMETRIC_REPRESENTATION_CONTEXT() REPRESENTATION_CONTEXT('2D SPACE',''
  ) );
#2492 = PCURVE('',#2380,#2493);
#2493 = DEFINITIONAL_REPRESENTATION('',(#2494),#2498);
#2494 = LINE('',#2495,#2496);
#2495 = CARTESIAN_POINT('',(0.,-0.41));
#2496 = VECTOR('',#2497,1.);
#2497 = DIRECTION('',(1.,0.));
#2498 = ( GEOMETRIC_REPRESENTATION_CONTEXT(2) 
PARAMETRIC_REPRESENTATION_CONTEXT() REPRESENTATION_CONTEXT('2D SPACE',''
  ) );
#2499 = ORIENTED_EDGE('',*,*,#2329,.T.);
#2500 = ORIENTED_EDGE('',*,*,#2501,.T.);
#2501 = EDGE_CURVE('',#2332,#2502,#2504,.T.);
#2502 = VERTEX_POINT('',#2503);
#2503 = CARTESIAN_POINT('',(-2.672351357136,2.11,0.246376789863));
#2504 = SURFACE_CURVE('',#2505,(#2510,#2521),.PCURVE_S1.);
#2505 = CIRCLE('',#2506,0.1025);
#2506 = AXIS2_PLACEMENT_3D('',#2507,#2508,#2509);
#2507 = CARTESIAN_POINT('',(-2.754632601552,2.11,0.3075));
#2508 = DIRECTION('',(0.,-1.,0.));
#2509 = DIRECTION('',(0.,0.,1.));
#2510 = PCURVE('',#2352,#2511);
#2511 = DEFINITIONAL_REPRESENTATION('',(#2512),#2520);
#2512 = ( BOUNDED_CURVE() B_SPLINE_CURVE(2,(#2513,#2514,#2515,#2516,
#2517,#2518,#2519),.UNSPECIFIED.,.T.,.F.) B_SPLINE_CURVE_WITH_KNOTS((1,2
    ,2,2,2,1),(-2.094395102393,0.,2.094395102393,4.188790204786,
6.28318530718,8.377580409573),.UNSPECIFIED.) CURVE() 
GEOMETRIC_REPRESENTATION_ITEM() RATIONAL_B_SPLINE_CURVE((1.,0.5,1.,0.5,
1.,0.5,1.)) REPRESENTATION_ITEM('') );
#2513 = CARTESIAN_POINT('',(0.41,0.245367398448));
#2514 = CARTESIAN_POINT('',(0.41,6.783219067265E-02));
#2515 = CARTESIAN_POINT('',(0.25625,0.156599794561));
#2516 = CARTESIAN_POINT('',(0.1025,0.245367398448));
#2517 = CARTESIAN_POINT('',(0.25625,0.334135002336));
#2518 = CARTESIAN_POINT('',(0.41,0.422902606224));
#2519 = CARTESIAN_POINT('',(0.41,0.245367398448));
#2520 = ( GEOMETRIC_REPRESENTATION_CONTEXT(2) 
PARAMETRIC_REPRESENTATION_CONTEXT() REPRESENTATION_CONTEXT('2D SPACE',''
  ) );
#2521 = PCURVE('',#2434,#2522);
#2522 = DEFINITIONAL_REPRESENTATION('',(#2523),#2527);
#2523 = LINE('',#2524,#2525);
#2524 = CARTESIAN_POINT('',(3.14159265359,0.41));
#2525 = VECTOR('',#2526,1.);
#2526 = DIRECTION('',(-1.,0.));
#2527 = ( GEOMETRIC_REPRESENTATION_CONTEXT(2) 
PARAMETRIC_REPRESENTATION_CONTEXT() REPRESENTATION_CONTEXT('2D SPACE',''
  ) );
#2528 = ORIENTED_EDGE('',*,*,#2529,.T.);
#2529 = EDGE_CURVE('',#2502,#2530,#2532,.T.);
#2530 = VERTEX_POINT('',#2531);
#2531 = CARTESIAN_POINT('',(-2.145299532729,2.11,0.955869630411));
#2532 = SURFACE_CURVE('',#2533,(#2537,#2544),.PCURVE_S1.);
#2533 = LINE('',#2534,#2535);
#2534 = CARTESIAN_POINT('',(-2.764562488831,2.11,0.122246420274));
#2535 = VECTOR('',#2536,1.);
#2536 = DIRECTION('',(0.596324001338,0.,0.802743847954));
#2537 = PCURVE('',#2352,#2538);
#2538 = DEFINITIONAL_REPRESENTATION('',(#2539),#2543);
#2539 = LINE('',#2540,#2541);
#2540 = CARTESIAN_POINT('',(0.122246420274,0.235437511169));
#2541 = VECTOR('',#2542,1.);
#2542 = DIRECTION('',(0.802743847954,0.596324001338));
#2543 = ( GEOMETRIC_REPRESENTATION_CONTEXT(2) 
PARAMETRIC_REPRESENTATION_CONTEXT() REPRESENTATION_CONTEXT('2D SPACE',''
  ) );
#2544 = PCURVE('',#2545,#2550);
#2545 = PLANE('',#2546);
#2546 = AXIS2_PLACEMENT_3D('',#2547,#2548,#2549);
#2547 = CARTESIAN_POINT('',(-2.764562488831,1.7,0.122246420274));
#2548 = DIRECTION('',(0.802743847954,0.,-0.596324001338));
#2549 = DIRECTION('',(0.596324001338,0.,0.802743847954));
#2550 = DEFINITIONAL_REPRESENTATION('',(#2551),#2555);
#2551 = LINE('',#2552,#2553);
#2552 = CARTESIAN_POINT('',(0.,-0.41));
#2553 = VECTOR('',#2554,1.);
#2554 = DIRECTION('',(1.,0.));
#2555 = ( GEOMETRIC_REPRESENTATION_CONTEXT(2) 
PARAMETRIC_REPRESENTATION_CONTEXT() REPRESENTATION_CONTEXT('2D SPACE',''
  ) );
#2556 = ORIENTED_EDGE('',*,*,#2557,.T.);
#2557 = EDGE_CURVE('',#2530,#2558,#2560,.T.);
#2558 = VERTEX_POINT('',#2559);
#2559 = CARTESIAN_POINT('',(-2.063018288313,2.11,0.997246420274));
#2560 = SURFACE_CURVE('',#2561,(#2566,#2573),.PCURVE_S1.);
#2561 = CIRCLE('',#2562,0.1025);
#2562 = AXIS2_PLACEMENT_3D('',#2563,#2564,#2565);
#2563 = CARTESIAN_POINT('',(-2.063018288313,2.11,0.894746420274));
#2564 = DIRECTION('',(0.,1.,0.));
#2565 = DIRECTION('',(0.,0.,1.));
#2566 = PCURVE('',#2352,#2567);
#2567 = DEFINITIONAL_REPRESENTATION('',(#2568),#2572);
#2568 = CIRCLE('',#2569,0.1025);
#2569 = AXIS2_PLACEMENT_2D('',#2570,#2571);
#2570 = CARTESIAN_POINT('',(0.894746420274,0.936981711687));
#2571 = DIRECTION('',(1.,0.));
#2572 = ( GEOMETRIC_REPRESENTATION_CONTEXT(2) 
PARAMETRIC_REPRESENTATION_CONTEXT() REPRESENTATION_CONTEXT('2D SPACE',''
  ) );
#2573 = PCURVE('',#2574,#2579);
#2574 = CYLINDRICAL_SURFACE('',#2575,0.1025);
#2575 = AXIS2_PLACEMENT_3D('',#2576,#2577,#2578);
#2576 = CARTESIAN_POINT('',(-2.063018288313,1.7,0.894746420274));
#2577 = DIRECTION('',(0.,1.,0.));
#2578 = DIRECTION('',(-0.802743847954,0.,0.596324001338));
#2579 = DEFINITIONAL_REPRESENTATION('',(#2580),#2584);
#2580 = LINE('',#2581,#2582);
#2581 = CARTESIAN_POINT('',(-5.351302965389,0.41));
#2582 = VECTOR('',#2583,1.);
#2583 = DIRECTION('',(1.,0.));
#2584 = ( GEOMETRIC_REPRESENTATION_CONTEXT(2) 
PARAMETRIC_REPRESENTATION_CONTEXT() REPRESENTATION_CONTEXT('2D SPACE',''
  ) );
#2585 = ORIENTED_EDGE('',*,*,#2586,.T.);
#2586 = EDGE_CURVE('',#2558,#2587,#2589,.T.);
#2587 = VERTEX_POINT('',#2588);
#2588 = CARTESIAN_POINT('',(-1.95,2.11,0.997246420274));
#2589 = SURFACE_CURVE('',#2590,(#2594,#2601),.PCURVE_S1.);
#2590 = LINE('',#2591,#2592);
#2591 = CARTESIAN_POINT('',(-2.114562488831,2.11,0.997246420274));
#2592 = VECTOR('',#2593,1.);
#2593 = DIRECTION('',(1.,0.,0.));
#2594 = PCURVE('',#2352,#2595);
#2595 = DEFINITIONAL_REPRESENTATION('',(#2596),#2600);
#2596 = LINE('',#2597,#2598);
#2597 = CARTESIAN_POINT('',(0.997246420274,0.885437511169));
#2598 = VECTOR('',#2599,1.);
#2599 = DIRECTION('',(0.,1.));
#2600 = ( GEOMETRIC_REPRESENTATION_CONTEXT(2) 
PARAMETRIC_REPRESENTATION_CONTEXT() REPRESENTATION_CONTEXT('2D SPACE',''
  ) );
#2601 = PCURVE('',#2602,#2607);
#2602 = PLANE('',#2603);
#2603 = AXIS2_PLACEMENT_3D('',#2604,#2605,#2606);
#2604 = CARTESIAN_POINT('',(-2.114562488831,1.7,0.997246420274));
#2605 = DIRECTION('',(0.,0.,1.));
#2606 = DIRECTION('',(1.,0.,0.));
#2607 = DEFINITIONAL_REPRESENTATION('',(#2608),#2612);
#2608 = LINE('',#2609,#2610);
#2609 = CARTESIAN_POINT('',(0.,0.41));
#2610 = VECTOR('',#2611,1.);
#2611 = DIRECTION('',(1.,0.));
#2612 = ( GEOMETRIC_REPRESENTATION_CONTEXT(2) 
PARAMETRIC_REPRESENTATION_CONTEXT() REPRESENTATION_CONTEXT('2D SPACE',''
  ) );
#2613 = ORIENTED_EDGE('',*,*,#2614,.F.);
#2614 = EDGE_CURVE('',#2615,#2587,#2617,.T.);
#2615 = VERTEX_POINT('',#2616);
#2616 = CARTESIAN_POINT('',(-1.95,2.11,0.792246420274));
#2617 = SURFACE_CURVE('',#2618,(#2622,#2629),.PCURVE_S1.);
#2618 = LINE('',#2619,#2620);
#2619 = CARTESIAN_POINT('',(-1.95,2.11,0.792246420274));
#2620 = VECTOR('',#2621,1.);
#2621 = DIRECTION('',(0.,0.,1.));
#2622 = PCURVE('',#2352,#2623);
#2623 = DEFINITIONAL_REPRESENTATION('',(#2624),#2628);
#2624 = LINE('',#2625,#2626);
#2625 = CARTESIAN_POINT('',(0.792246420274,1.05));
#2626 = VECTOR('',#2627,1.);
#2627 = DIRECTION('',(1.,0.));
#2628 = ( GEOMETRIC_REPRESENTATION_CONTEXT(2) 
PARAMETRIC_REPRESENTATION_CONTEXT() REPRESENTATION_CONTEXT('2D SPACE',''
  ) );
#2629 = PCURVE('',#2630,#2635);
#2630 = PLANE('',#2631);
#2631 = AXIS2_PLACEMENT_3D('',#2632,#2633,#2634);
#2632 = CARTESIAN_POINT('',(-1.95,1.7,0.792246420274));
#2633 = DIRECTION('',(1.,0.,0.));
#2634 = DIRECTION('',(0.,0.,1.));
#2635 = DEFINITIONAL_REPRESENTATION('',(#2636),#2640);
#2636 = LINE('',#2637,#2638);
#2637 = CARTESIAN_POINT('',(0.,-0.41));
#2638 = VECTOR('',#2639,1.);
#2639 = DIRECTION('',(1.,0.));
#2640 = ( GEOMETRIC_REPRESENTATION_CONTEXT(2) 
PARAMETRIC_REPRESENTATION_CONTEXT() REPRESENTATION_CONTEXT('2D SPACE',''
  ) );
#2641 = ORIENTED_EDGE('',*,*,#2642,.F.);
#2642 = EDGE_CURVE('',#2643,#2615,#2645,.T.);
#2643 = VERTEX_POINT('',#2644);
#2644 = CARTESIAN_POINT('',(-2.011474087796,2.11,0.792246420274));
#2645 = SURFACE_CURVE('',#2646,(#2650,#2657),.PCURVE_S1.);
#2646 = LINE('',#2647,#2648);
#2647 = CARTESIAN_POINT('',(-2.114562488831,2.11,0.792246420274));
#2648 = VECTOR('',#2649,1.);
#2649 = DIRECTION('',(1.,0.,0.));
#2650 = PCURVE('',#2352,#2651);
#2651 = DEFINITIONAL_REPRESENTATION('',(#2652),#2656);
#2652 = LINE('',#2653,#2654);
#2653 = CARTESIAN_POINT('',(0.792246420274,0.885437511169));
#2654 = VECTOR('',#2655,1.);
#2655 = DIRECTION('',(0.,1.));
#2656 = ( GEOMETRIC_REPRESENTATION_CONTEXT(2) 
PARAMETRIC_REPRESENTATION_CONTEXT() REPRESENTATION_CONTEXT('2D SPACE',''
  ) );
#2657 = PCURVE('',#2658,#2663);
#2658 = PLANE('',#2659);
#2659 = AXIS2_PLACEMENT_3D('',#2660,#2661,#2662);
#2660 = CARTESIAN_POINT('',(-2.114562488831,1.7,0.792246420274));
#2661 = DIRECTION('',(0.,0.,1.));
#2662 = DIRECTION('',(1.,0.,0.));
#2663 = DEFINITIONAL_REPRESENTATION('',(#2664),#2668);
#2664 = LINE('',#2665,#2666);
#2665 = CARTESIAN_POINT('',(0.,0.41));
#2666 = VECTOR('',#2667,1.);
#2667 = DIRECTION('',(1.,0.));
#2668 = ( GEOMETRIC_REPRESENTATION_CONTEXT(2) 
PARAMETRIC_REPRESENTATION_CONTEXT() REPRESENTATION_CONTEXT('2D SPACE',''
  ) );
#2669 = ORIENTED_EDGE('',*,*,#2670,.F.);
#2670 = EDGE_CURVE('',#2671,#2643,#2673,.T.);
#2671 = VERTEX_POINT('',#2672);
#2672 = CARTESIAN_POINT('',(-2.569262956102,2.11,4.13767898629E-02));
#2673 = SURFACE_CURVE('',#2674,(#2678,#2685),.PCURVE_S1.);
#2674 = LINE('',#2675,#2676);
#2675 = CARTESIAN_POINT('',(-2.6,2.11,0.));
#2676 = VECTOR('',#2677,1.);
#2677 = DIRECTION('',(0.596324001338,0.,0.802743847954));
#2678 = PCURVE('',#2352,#2679);
#2679 = DEFINITIONAL_REPRESENTATION('',(#2680),#2684);
#2680 = LINE('',#2681,#2682);
#2681 = CARTESIAN_POINT('',(2.775557561563E-17,0.4));
#2682 = VECTOR('',#2683,1.);
#2683 = DIRECTION('',(0.802743847954,0.596324001338));
#2684 = ( GEOMETRIC_REPRESENTATION_CONTEXT(2) 
PARAMETRIC_REPRESENTATION_CONTEXT() REPRESENTATION_CONTEXT('2D SPACE',''
  ) );
#2685 = PCURVE('',#2686,#2691);
#2686 = PLANE('',#2687);
#2687 = AXIS2_PLACEMENT_3D('',#2688,#2689,#2690);
#2688 = CARTESIAN_POINT('',(-2.6,1.7,0.));
#2689 = DIRECTION('',(0.802743847954,0.,-0.596324001338));
#2690 = DIRECTION('',(0.596324001338,0.,0.802743847954));
#2691 = DEFINITIONAL_REPRESENTATION('',(#2692),#2696);
#2692 = LINE('',#2693,#2694);
#2693 = CARTESIAN_POINT('',(0.,-0.41));
#2694 = VECTOR('',#2695,1.);
#2695 = DIRECTION('',(1.,0.));
#2696 = ( GEOMETRIC_REPRESENTATION_CONTEXT(2) 
PARAMETRIC_REPRESENTATION_CONTEXT() REPRESENTATION_CONTEXT('2D SPACE',''
  ) );
#2697 = ORIENTED_EDGE('',*,*,#2698,.F.);
#2698 = EDGE_CURVE('',#2452,#2671,#2699,.T.);
#2699 = SURFACE_CURVE('',#2700,(#2705,#2716),.PCURVE_S1.);
#2700 = CIRCLE('',#2701,0.1025);
#2701 = AXIS2_PLACEMENT_3D('',#2702,#2703,#2704);
#2702 = CARTESIAN_POINT('',(-2.651544200517,2.11,0.1025));
#2703 = DIRECTION('',(0.,-1.,0.));
#2704 = DIRECTION('',(0.,0.,1.));
#2705 = PCURVE('',#2352,#2706);
#2706 = DEFINITIONAL_REPRESENTATION('',(#2707),#2715);
#2707 = ( BOUNDED_CURVE() B_SPLINE_CURVE(2,(#2708,#2709,#2710,#2711,
#2712,#2713,#2714),.UNSPECIFIED.,.T.,.F.) B_SPLINE_CURVE_WITH_KNOTS((1,2
    ,2,2,2,1),(-2.094395102393,0.,2.094395102393,4.188790204786,
6.28318530718,8.377580409573),.UNSPECIFIED.) CURVE() 
GEOMETRIC_REPRESENTATION_ITEM() RATIONAL_B_SPLINE_CURVE((1.,0.5,1.,0.5,
1.,0.5,1.)) REPRESENTATION_ITEM('') );
#2708 = CARTESIAN_POINT('',(0.205,0.348455799483));
#2709 = CARTESIAN_POINT('',(0.205,0.170920591707));
#2710 = CARTESIAN_POINT('',(5.125E-02,0.259688195595));
#2711 = CARTESIAN_POINT('',(-0.1025,0.348455799483));
#2712 = CARTESIAN_POINT('',(5.125E-02,0.437223403371));
#2713 = CARTESIAN_POINT('',(0.205,0.525991007259));
#2714 = CARTESIAN_POINT('',(0.205,0.348455799483));
#2715 = ( GEOMETRIC_REPRESENTATION_CONTEXT(2) 
PARAMETRIC_REPRESENTATION_CONTEXT() REPRESENTATION_CONTEXT('2D SPACE',''
  ) );
#2716 = PCURVE('',#2717,#2722);
#2717 = CYLINDRICAL_SURFACE('',#2718,0.1025);
#2718 = AXIS2_PLACEMENT_3D('',#2719,#2720,#2721);
#2719 = CARTESIAN_POINT('',(-2.651544200517,1.7,0.1025));
#2720 = DIRECTION('',(0.,1.,0.));
#2721 = DIRECTION('',(0.,0.,-1.));
