ISO-10303-21;
HEADER;
FILE_DESCRIPTION (( 'STEP AP214' ),
    '1' );
FILE_NAME ('sph0645lm4h-b.STEP',
    '2023-02-20T13:44:45',
    ( '' ),
    ( '' ),
    'SwSTEP 2.0',
    'SolidWorks 2022',
    '' );
FILE_SCHEMA (( 'AUTOMOTIVE_DESIGN' ));
ENDSEC;

DATA;
#1 = FACE_OUTER_BOUND ( 'NONE', #71, .T. ) ;
#2 = CARTESIAN_POINT ( 'NONE',  ( 0.04527557561477714432, 0.03450577202388756953, 0.05613135158355950921 ) ) ;
#3 = VERTEX_POINT ( 'NONE', #737 ) ;
#4 = LINE ( 'NONE', #224, #219 ) ;
#5 = ORIENTED_EDGE ( 'NONE', *, *, #2339, .F. ) ;
#6 = CARTESIAN_POINT ( 'NONE',  ( -0.01181103855847244130, 0.0007874015748031495954, -0.04342518114433070037 ) ) ;
#7 = DIRECTION ( 'NONE',  ( 1.000000000000000000, 0.000000000000000000, 0.000000000000000000 ) ) ;
#8 = DIRECTION ( 'NONE',  ( -4.336808689942014285E-16, 1.000000000000000000, 0.000000000000000000 ) ) ;
#9 = CARTESIAN_POINT ( 'NONE',  ( -1.493641733477730790E-08, 0.0003937007874015747977, -0.06397636224669291105 ) ) ;
#10 = ADVANCED_FACE ( 'NONE', ( #448 ), #476, .F. ) ;
#11 = ORIENTED_EDGE ( 'NONE', *, *, #625, .T. ) ;
#12 = EDGE_CURVE ( 'NONE', #496, #370, #652, .T. ) ;
#13 = ORIENTED_EDGE ( 'NONE', *, *, #1225, .F. ) ;
#14 = CARTESIAN_POINT ( 'NONE',  ( -0.01574804643248819622, 0.03838582677165353757, -0.02952754334905117670 ) ) ;
#15 = EDGE_CURVE ( 'NONE', #2227, #1667, #2763, .T. ) ;
#16 = ORIENTED_EDGE ( 'NONE', *, *, #3124, .F. ) ;
#17 = CARTESIAN_POINT ( 'NONE',  ( -1.493642629191403235E-08, 0.001968503937007746053, 0.04812993696590835840 ) ) ;
#18 = VECTOR ( 'NONE', #413, 39.37007874015748143 ) ;
#19 = ORIENTED_EDGE ( 'NONE', *, *, #1208, .F. ) ;
#20 = DIRECTION ( 'NONE',  ( 0.000000000000000000, -1.000000000000000000, 0.000000000000000000 ) ) ;
#21 = CIRCLE ( 'NONE', #2557, 0.03198818897637685510 ) ;
#22 = EDGE_LOOP ( 'NONE', ( #962, #2284, #1250, #1265 ) ) ;
#23 = AXIS2_PLACEMENT_3D ( 'NONE', #2856, #1397, #3133 ) ;
#24 = CARTESIAN_POINT ( 'NONE',  ( 0.05216533939429133376, 0.0003937007874015747977, -0.06889762208921258735 ) ) ;
#25 = FILL_AREA_STYLE ('',( #2749 ) ) ;
#26 = LINE ( 'NONE', #987, #1816 ) ;
#27 = ORIENTED_EDGE ( 'NONE', *, *, #2505, .T. ) ;
#28 = ORIENTED_EDGE ( 'NONE', *, *, #263, .T. ) ;
#29 = DIRECTION ( 'NONE',  ( 0.000000000000000000, 1.000000000000000000, -1.084202172484639029E-16 ) ) ;
#30 = ADVANCED_FACE ( 'NONE', ( #2536 ), #1284, .T. ) ;
#31 = FACE_OUTER_BOUND ( 'NONE', #744, .T. ) ;
#32 =( NAMED_UNIT ( * ) PLANE_ANGLE_UNIT ( ) SI_UNIT ( $, .RADIAN. ) );
#33 = ORIENTED_EDGE ( 'NONE', *, *, #2593, .T. ) ;
#34 = EDGE_CURVE ( 'NONE', #1218, #1765, #1786, .T. ) ;
#35 = DIRECTION ( 'NONE',  ( 2.771220752872947819E-13, -0.03141075907813187240, 0.9995065603657314890 ) ) ;
#36 = VERTEX_POINT ( 'NONE', #283 ) ;
#37 = VECTOR ( 'NONE', #1052, 39.37007874015748143 ) ;
#38 = VECTOR ( 'NONE', #1577, 39.37007874015748143 ) ;
#39 = LINE ( 'NONE', #295, #818 ) ;
#40 = VERTEX_POINT ( 'NONE', #2978 ) ;
#41 = CARTESIAN_POINT ( 'NONE',  ( -0.05216536926712598415, 0.005708661417322834566, -0.04342518114433069343 ) ) ;
#42 = FACE_OUTER_BOUND ( 'NONE', #1795, .T. ) ;
#43 = CARTESIAN_POINT ( 'NONE',  ( -0.03346458186555905517, 0.01181102362204816333, -0.04921258271913385440 ) ) ;
#44 = ORIENTED_EDGE ( 'NONE', *, *, #2593, .F. ) ;
#45 = FACE_OUTER_BOUND ( 'NONE', #2865, .T. ) ;
#46 = DIRECTION ( 'NONE',  ( 0.000000000000000000, 1.000000000000000000, -0.000000000000000000 ) ) ;
#47 = VERTEX_POINT ( 'NONE', #2504 ) ;
#48 = DIRECTION ( 'NONE',  ( 0.000000000000000000, 1.000000000000000000, 0.000000000000000000 ) ) ;
#49 = ORIENTED_EDGE ( 'NONE', *, *, #2972, .F. ) ;
#50 = EDGE_CURVE ( 'NONE', #187, #2051, #2515, .T. ) ;
#51 = CARTESIAN_POINT ( 'NONE',  ( -0.02362206218051969564, 3.334775382890946312E-20, -0.05616140161677166814 ) ) ;
#52 = EDGE_CURVE ( 'NONE', #3039, #2801, #91, .T. ) ;
#53 = DIRECTION ( 'NONE',  ( -0.000000000000000000, 1.000000000000000000, -0.000000000000000000 ) ) ;
#54 = VERTEX_POINT ( 'NONE', #575 ) ;
#55 = LINE ( 'NONE', #2074, #1554 ) ;
#56 = DIRECTION ( 'NONE',  ( 0.000000000000000000, 0.000000000000000000, 1.000000000000000000 ) ) ;
#57 = SURFACE_STYLE_USAGE ( .BOTH. , #2261 ) ;
#58 = CARTESIAN_POINT ( 'NONE',  ( 0.02314959136278740143, 0.0006062094298606300787, -0.01106297641991732354 ) ) ;
#59 = UNCERTAINTY_MEASURE_WITH_UNIT (LENGTH_MEASURE( 1.000000000000000082E-05 ), #271, 'distance_accuracy_value', 'NONE');
#60 = ORIENTED_EDGE ( 'NONE', *, *, #180, .F. ) ;
#61 = DIMENSIONAL_EXPONENTS ( 1.000000000000000000, 0.000000000000000000, 0.000000000000000000, 0.000000000000000000, 0.000000000000000000, 0.000000000000000000, 0.000000000000000000 ) ;
#62 = CARTESIAN_POINT ( 'NONE',  ( 0.02362203230766929049, 0.03838582677165354451, -0.03937006303409153890 ) ) ;
#63 = DIRECTION ( 'NONE',  ( -7.052966104933741469E-32, -1.000000000000000000, 1.084202172485505790E-16 ) ) ;
#64 = ORIENTED_EDGE ( 'NONE', *, *, #2965, .F. ) ;
#65 = CARTESIAN_POINT ( 'NONE',  ( -0.03346458186555905517, 0.01496062992126095774, -0.04921258271913385440 ) ) ;
#66 = VERTEX_POINT ( 'NONE', #563 ) ;
#67 = FACE_BOUND ( 'NONE', #953, .T. ) ;
#68 = AXIS2_PLACEMENT_3D ( 'NONE', #582, #1588, #648 ) ;
#69 = ADVANCED_FACE ( 'NONE', ( #2568, #544 ), #526, .F. ) ;
#70 = FILL_AREA_STYLE_COLOUR ( '', #1408 ) ;
#71 = EDGE_LOOP ( 'NONE', ( #1426, #2431, #1826, #897, #1173, #1413 ) ) ;
#72 = DIRECTION ( 'NONE',  ( 1.000000000000000000, 0.000000000000000000, 0.000000000000000000 ) ) ;
#73 = VECTOR ( 'NONE', #144, 39.37007874015748143 ) ;
#74 = FACE_OUTER_BOUND ( 'NONE', #1220, .T. ) ;
#75 = ADVANCED_FACE ( 'NONE', ( #1548 ), #2997, .F. ) ;
#76 = VECTOR ( 'NONE', #1783, 39.37007874015748143 ) ;
#77 = DIRECTION ( 'NONE',  ( 0.000000000000000000, 0.000000000000000000, -1.000000000000000000 ) ) ;
#78 = ORIENTED_EDGE ( 'NONE', *, *, #3187, .F. ) ;
#79 = DIRECTION ( 'NONE',  ( -1.000000000000000000, 0.000000000000000000, 0.000000000000000000 ) ) ;
#80 = EDGE_LOOP ( 'NONE', ( #520, #2653, #716, #1598 ) ) ;
#81 = CARTESIAN_POINT ( 'NONE',  ( -0.04724410942460630092, 0.01159851497958661395, -0.05118108665614172492 ) ) ;
#82 = ORIENTED_EDGE ( 'NONE', *, *, #502, .T. ) ;
#83 = LINE ( 'NONE', #1777, #1752 ) ;
#84 = CIRCLE ( 'NONE', #1647, 0.009842519685047224770 ) ;
#85 = FACE_BOUND ( 'NONE', #3046, .T. ) ;
#86 = AXIS2_PLACEMENT_3D ( 'NONE', #1467, #1686, #1965 ) ;
#87 = ORIENTED_EDGE ( 'NONE', *, *, #1981, .T. ) ;
#88 = DIRECTION ( 'NONE',  ( 0.000000000000000000, 0.000000000000000000, 1.000000000000000000 ) ) ;
#89 = CIRCLE ( 'NONE', #3126, 0.003937007874014649030 ) ;
#90 = VECTOR ( 'NONE', #129, 39.37007874015748143 ) ;
#91 = LINE ( 'NONE', #1769, #3121 ) ;
#92 = ADVANCED_FACE ( 'NONE', ( #3014 ), #827, .T. ) ;
#93 =( NAMED_UNIT ( * ) SI_UNIT ( $, .STERADIAN. ) SOLID_ANGLE_UNIT ( ) );
#94 = LINE ( 'NONE', #3000, #1103 ) ;
#95 = STYLED_ITEM ( 'NONE', ( #2829 ), #2869 ) ;
#96 = VERTEX_POINT ( 'NONE', #3045 ) ;
#97 = FACE_OUTER_BOUND ( 'NONE', #499, .T. ) ;
#98 = VECTOR ( 'NONE', #229, 39.37007874015748143 ) ;
#99 = DIRECTION ( 'NONE',  ( 1.000000000000000000, -0.000000000000000000, -0.000000000000000000 ) ) ;
#100 =( NAMED_UNIT ( * ) PLANE_ANGLE_UNIT ( ) SI_UNIT ( $, .RADIAN. ) );
#101 = ORIENTED_EDGE ( 'NONE', *, *, #601, .F. ) ;
#102 = DIRECTION ( 'NONE',  ( -0.000000000000000000, -1.000000000000000000, 1.084202172484639275E-16 ) ) ;
#103 = CARTESIAN_POINT ( 'NONE',  ( -0.03346458186556007519, 0.01141732283464566913, -0.05905510240417321394 ) ) ;
#104 = DIRECTION ( 'NONE',  ( -0.000000000000000000, -1.000000000000000000, -0.000000000000000000 ) ) ;
#105 = ORIENTED_EDGE ( 'NONE', *, *, #1313, .T. ) ;
#106 = DIRECTION ( 'NONE',  ( -1.000000000000000000, 0.000000000000000000, 0.000000000000000000 ) ) ;
#107 = ADVANCED_FACE ( 'NONE', ( #1597 ), #2280, .F. ) ;
#108 = EDGE_CURVE ( 'NONE', #420, #1390, #808, .T. ) ;
#109 = EDGE_LOOP ( 'NONE', ( #1590, #296, #2558, #1277, #517, #1308, #3080, #2639, #2399, #1956, #1887, #2960 ) ) ;
#110 = CARTESIAN_POINT ( 'NONE',  ( -0.05216536926712598415, 0.005708661417322834566, -0.06889762208921260123 ) ) ;
#111 = EDGE_CURVE ( 'NONE', #2352, #36, #842, .T. ) ;
#112 = APPLICATION_CONTEXT ( 'automotive_design' ) ;
#113 = FACE_OUTER_BOUND ( 'NONE', #2578, .T. ) ;
#114 = DIRECTION ( 'NONE',  ( 0.000000000000000000, -1.000000000000000000, 0.000000000000000000 ) ) ;
#115 = ORIENTED_EDGE ( 'NONE', *, *, #263, .F. ) ;
#116 = CYLINDRICAL_SURFACE ( 'NONE', #1340, 0.03198818897637685510 ) ;
#117 = AXIS2_PLACEMENT_3D ( 'NONE', #2332, #2559, #3018 ) ;
#118 = SURFACE_STYLE_USAGE ( .BOTH. , #2386 ) ;
#119 = AXIS2_PLACEMENT_3D ( 'NONE', #2507, #1585, #106 ) ;
#120 = EDGE_LOOP ( 'NONE', ( #2062, #2887, #284, #1226 ) ) ;
#121 = DIRECTION ( 'NONE',  ( 1.000000000000000000, 0.000000000000000000, -0.000000000000000000 ) ) ;
#122 = VECTOR ( 'NONE', #705, 39.37007874015748143 ) ;
#123 = CARTESIAN_POINT ( 'NONE',  ( -0.04724410942460630092, 0.01338582677165354486, -0.04921258271913384746 ) ) ;
#124 = MECHANICAL_DESIGN_GEOMETRIC_PRESENTATION_REPRESENTATION (  '', ( #2743 ), #2755 ) ;
#125 = ORIENTED_EDGE ( 'NONE', *, *, #850, .F. ) ;
#126 = EDGE_CURVE ( 'NONE', #2595, #223, #1569, .T. ) ;
#127 = CARTESIAN_POINT ( 'NONE',  ( -0.04527560548758578080, 0.03450577202388724340, -0.05613132017199063545 ) ) ;
#128 = LINE ( 'NONE', #3086, #1533 ) ;
#129 = DIRECTION ( 'NONE',  ( -0.000000000000000000, -0.000000000000000000, 1.000000000000000000 ) ) ;
#130 = ADVANCED_FACE ( 'NONE', ( #1089 ), #1835, .T. ) ;
#131 = LINE ( 'NONE', #2995, #76 ) ;
#132 = CARTESIAN_POINT ( 'NONE',  ( -0.05216536926712599109, 0.01102362204724409434, 1.570606299575155940E-08 ) ) ;
#133 = EDGE_LOOP ( 'NONE', ( #1738, #2851, #1792, #2485 ) ) ;
#134 = FACE_OUTER_BOUND ( 'NONE', #1327, .T. ) ;
#135 = AXIS2_PLACEMENT_3D ( 'NONE', #988, #2076, #2030 ) ;
#136 = DIRECTION ( 'NONE',  ( 0.000000000000000000, 1.000000000000000000, 0.000000000000000000 ) ) ;
#137 = CARTESIAN_POINT ( 'NONE',  ( -0.03346458186555783393, 0.01496062992125985272, 0.06102363775330511136 ) ) ;
#138 = VECTOR ( 'NONE', #1799, 39.37007874015748143 ) ;
#139 = CARTESIAN_POINT ( 'NONE',  ( -0.03346458186555905517, 0.01102362204724317840, -0.04921258271913385440 ) ) ;
#140 = LINE ( 'NONE', #1931, #1360 ) ;
#141 = VECTOR ( 'NONE', #2394, 39.37007874015748143 ) ;
#142 = ORIENTED_EDGE ( 'NONE', *, *, #2932, .T. ) ;
#143 = ORIENTED_EDGE ( 'NONE', *, *, #1143, .T. ) ;
#144 = DIRECTION ( 'NONE',  ( -1.000000000000000000, -0.000000000000000000, -0.000000000000000000 ) ) ;
#145 = CARTESIAN_POINT ( 'NONE',  ( -0.04330710155059448729, 0.01181102362204816333, -0.04921258271913283439 ) ) ;
#146 = CIRCLE ( 'NONE', #1241, 0.009842519685047224770 ) ;
#147 = CARTESIAN_POINT ( 'NONE',  ( 0.02362203230766929049, 0.03858267716535433711, 1.570606299148304935E-08 ) ) ;
#148 =( GEOMETRIC_REPRESENTATION_CONTEXT ( 3 ) GLOBAL_UNCERTAINTY_ASSIGNED_CONTEXT ( ( #1073 ) ) GLOBAL_UNIT_ASSIGNED_CONTEXT ( ( #622, #1144, #3076 ) ) REPRESENTATION_CONTEXT ( 'NONE', 'WORKASPACE' ) );
#149 = ADVANCED_FACE ( 'NONE', ( #1433 ), #2590, .T. ) ;
#150 = EDGE_CURVE ( 'NONE', #2051, #2581, #1914, .T. ) ;
#151 = ORIENTED_EDGE ( 'NONE', *, *, #3052, .F. ) ;
#152 = CARTESIAN_POINT ( 'NONE',  ( 0.01228344963050393909, 0.0006062094298606300787, -0.06397636224669291105 ) ) ;
#153 = CARTESIAN_POINT ( 'NONE',  ( 0.05425195356751968262, 0.0003937007874015748519, 0.07165355901314961196 ) ) ;
#154 = CARTESIAN_POINT ( 'NONE',  ( 0.03543305592971561502, 0.03858267716535433017, -0.04921258271913150212 ) ) ;
#155 = DIRECTION ( 'NONE',  ( -1.000000000000000000, -0.000000000000000000, -0.000000000000000000 ) ) ;
#156 = ORIENTED_EDGE ( 'NONE', *, *, #832, .T. ) ;
#157 = ORIENTED_EDGE ( 'NONE', *, *, #2655, .T. ) ;
#158 = DIRECTION ( 'NONE',  ( 0.000000000000000000, 1.000000000000000000, 0.000000000000000000 ) ) ;
#159 = CARTESIAN_POINT ( 'NONE',  ( -0.04527560548760878323, 0.03450577202388756953, 0.04921261413121683082 ) ) ;
#160 = LINE ( 'NONE', #147, #90 ) ;
#161 = DIRECTION ( 'NONE',  ( -1.000000000000000000, 0.000000000000000000, 0.000000000000000000 ) ) ;
#162 =( NAMED_UNIT ( * ) SI_UNIT ( $, .STERADIAN. ) SOLID_ANGLE_UNIT ( ) );
#163 = DIRECTION ( 'NONE',  ( -1.000000000000000000, 0.000000000000000000, 0.000000000000000000 ) ) ;
#164 = EDGE_CURVE ( 'NONE', #2234, #415, #2830, .T. ) ;
#165 = CARTESIAN_POINT ( 'NONE',  ( 0.03346455199270867431, 0.01496062992125985272, 0.04921261413125983808 ) ) ;
#166 = CARTESIAN_POINT ( 'NONE',  ( 0.03346455199270867431, 0.01181102362204815813, 0.04921261413125983808 ) ) ;
#167 = ADVANCED_FACE ( 'NONE', ( #2088 ), #1868, .T. ) ;
#168 = CARTESIAN_POINT ( 'NONE',  ( -0.02362206218051969564, 0.0009999102172622048763, -0.04291573232543307442 ) ) ;
#169 = AXIS2_PLACEMENT_3D ( 'NONE', #3160, #893, #926 ) ;
#170 = VERTEX_POINT ( 'NONE', #154 ) ;
#171 = STYLED_ITEM ( 'NONE', ( #1146 ), #1593 ) ;
#172 = EDGE_LOOP ( 'NONE', ( #503, #1902, #300, #1564, #2917 ) ) ;
#173 = DIRECTION ( 'NONE',  ( 0.000000000000000000, 0.000000000000000000, -1.000000000000000000 ) ) ;
#174 = LINE ( 'NONE', #675, #2551 ) ;
#175 =( GEOMETRIC_REPRESENTATION_CONTEXT ( 3 ) GLOBAL_UNCERTAINTY_ASSIGNED_CONTEXT ( ( #439 ) ) GLOBAL_UNIT_ASSIGNED_CONTEXT ( ( #1468, #1719, #510 ) ) REPRESENTATION_CONTEXT ( 'NONE', 'WORKASPACE' ) );
#176 = CARTESIAN_POINT ( 'NONE',  ( -0.03346458186555752862, 0.01102362204724363637, 0.05905513381629921149 ) ) ;
#177 = ORIENTED_EDGE ( 'NONE', *, *, #3148, .T. ) ;
#178 = DIRECTION ( 'NONE',  ( -1.000000000000000000, 0.000000000000000000, 0.000000000000000000 ) ) ;
#179 = FACE_OUTER_BOUND ( 'NONE', #907, .T. ) ;
#180 = EDGE_CURVE ( 'NONE', #496, #1526, #2103, .T. ) ;
#181 = CARTESIAN_POINT ( 'NONE',  ( -0.04724410942461417656, 0.01338582677165354486, 0.04921261413126267609 ) ) ;
#182 = SURFACE_SIDE_STYLE ('',( #3081 ) ) ;
#183 = CARTESIAN_POINT ( 'NONE',  ( 0.04330707167775590255, 0.01181102362204822231, -0.04921258271913384746 ) ) ;
#184 = PRESENTATION_LAYER_ASSIGNMENT (  '', '', ( #390 ) ) ;
#185 = EDGE_CURVE ( 'NONE', #3142, #66, #917, .T. ) ;
#186 = VERTEX_POINT ( 'NONE', #670 ) ;
#187 = VERTEX_POINT ( 'NONE', #3095 ) ;
#188 = VECTOR ( 'NONE', #635, 39.37007874015748143 ) ;
#189 = CARTESIAN_POINT ( 'NONE',  ( -1.493641733050879455E-08, 0.01496062992125984405, 0.06102363775330708895 ) ) ;
#190 = VECTOR ( 'NONE', #1227, 39.37007874015748143 ) ;
#191 = CARTESIAN_POINT ( 'NONE',  ( -1.493642629046760117E-08, -6.402768735150616918E-18, 0.05994096058795560233 ) ) ;
#192 = CARTESIAN_POINT ( 'NONE',  ( -1.493641733477730790E-08, 0.0003937007874015747977, -0.01106297641991733742 ) ) ;
#193 = VERTEX_POINT ( 'NONE', #3061 ) ;
#194 = ORIENTED_EDGE ( 'NONE', *, *, #2525, .F. ) ;
#195 = DIRECTION ( 'NONE',  ( -1.000000000000000000, 0.000000000000000000, 0.000000000000000000 ) ) ;
#196 = VECTOR ( 'NONE', #155, 39.37007874015748143 ) ;
#197 = CARTESIAN_POINT ( 'NONE',  ( -1.493642629470322582E-08, 0.007874015748032881998, 0.03188977948559339193 ) ) ;
#198 = CARTESIAN_POINT ( 'NONE',  ( 0.02362203230766929049, 0.03858267716535433017, -0.03937006303409153890 ) ) ;
#199 = CARTESIAN_POINT ( 'NONE',  ( 0.03789368585098031039, 3.334775382890946312E-20, -0.04342518114433071424 ) ) ;
#200 =( CONVERSION_BASED_UNIT ( 'INCH', #2430 ) LENGTH_UNIT ( ) NAMED_UNIT ( #2523 ) );
#201 = VERTEX_POINT ( 'NONE', #1638 ) ;
#202 = CARTESIAN_POINT ( 'NONE',  ( -0.02362206218051969564, 0.03848425196850394081, -0.03937006303409447405 ) ) ;
#203 = EDGE_CURVE ( 'NONE', #2451, #2715, #857, .T. ) ;
#204 = EDGE_CURVE ( 'NONE', #1390, #2948, #2643, .T. ) ;
#205 =( LENGTH_UNIT ( ) NAMED_UNIT ( * ) SI_UNIT ( $, .METRE. ) );
#206 = DIRECTION ( 'NONE',  ( 0.000000000000000000, 1.000000000000000000, 0.000000000000000000 ) ) ;
#207 = VERTEX_POINT ( 'NONE', #3107 ) ;
#208 = UNCERTAINTY_MEASURE_WITH_UNIT (LENGTH_MEASURE( 1.000000000000000082E-05 ), #2254, 'distance_accuracy_value', 'NONE');
#209 = ADVANCED_FACE ( 'NONE', ( #872 ), #2121, .T. ) ;
#210 = PLANE ( 'NONE',  #1845 ) ;
#211 = ORIENTED_EDGE ( 'NONE', *, *, #1645, .T. ) ;
#212 = CARTESIAN_POINT ( 'NONE',  ( -1.493642518884029005E-08, 0.03858267716535433711, 0.05118111806826771554 ) ) ;
#213 = CARTESIAN_POINT ( 'NONE',  ( 0.02362203230767715226, 0.005708661417322834566, -0.06889762208921258735 ) ) ;
#214 = CARTESIAN_POINT ( 'NONE',  ( -0.04527560548760237169, 0.02874015748031460288, -0.04921258271913382665 ) ) ;
#215 = DIRECTION ( 'NONE',  ( 0.000000000000000000, -1.000000000000000000, 0.000000000000000000 ) ) ;
#216 = CARTESIAN_POINT ( 'NONE',  ( 0.04724407955177165747, 0.000000000000000000, -0.002017700829370082469 ) ) ;
#217 = ORIENTED_EDGE ( 'NONE', *, *, #15, .T. ) ;
#218 = DIRECTION ( 'NONE',  ( -1.000000000000000000, 0.000000000000000000, 0.000000000000000000 ) ) ;
#219 = VECTOR ( 'NONE', #241, 39.37007874015748143 ) ;
#220 = VECTOR ( 'NONE', #758, 39.37007874015748143 ) ;
#221 = ADVANCED_FACE ( 'NONE', ( #412 ), #374, .T. ) ;
#222 = DIRECTION ( 'NONE',  ( 0.000000000000000000, 1.000000000000000000, 0.000000000000000000 ) ) ;
#223 = VERTEX_POINT ( 'NONE', #1851 ) ;
#224 = CARTESIAN_POINT ( 'NONE',  ( 0.04724407955177126195, 0.0006889763779526969154, 0.06397639365881889473 ) ) ;
#225 = VECTOR ( 'NONE', #634, 39.37007874015748143 ) ;
#226 = ORIENTED_EDGE ( 'NONE', *, *, #443, .T. ) ;
#227 = EDGE_CURVE ( 'NONE', #1493, #1990, #84, .T. ) ;
#228 = CARTESIAN_POINT ( 'NONE',  ( -1.493642518884029005E-08, 0.03858267716535433711, -0.05118108665614172492 ) ) ;
#229 = DIRECTION ( 'NONE',  ( -1.000000000000000000, -0.000000000000000000, -0.000000000000000000 ) ) ;
#230 = CARTESIAN_POINT ( 'NONE',  ( -0.02362206218051179918, 0.005708661417322834566, -0.06889762208921260123 ) ) ;
#231 = DIRECTION ( 'NONE',  ( 1.000000000000000000, 0.000000000000000000, 0.000000000000000000 ) ) ;
#232 = DIRECTION ( 'NONE',  ( 0.000000000000000000, 0.000000000000000000, -1.000000000000000000 ) ) ;
#233 = VERTEX_POINT ( 'NONE', #1897 ) ;
#234 = CIRCLE ( 'NONE', #2057, 0.01181102362204329743 ) ;
#235 = ORIENTED_EDGE ( 'NONE', *, *, #3130, .F. ) ;
#236 = LINE ( 'NONE', #1204, #1380 ) ;
#237 = CARTESIAN_POINT ( 'NONE',  ( 0.03346455199269873781, 0.03858267716535433017, -0.05118108665614010816 ) ) ;
#238 = VECTOR ( 'NONE', #178, 39.37007874015748143 ) ;
#239 = ORIENTED_EDGE ( 'NONE', *, *, #2024, .F. ) ;
#240 = STYLED_ITEM ( 'NONE', ( #2139 ), #1184 ) ;
#241 = DIRECTION ( 'NONE',  ( -0.000000000000000000, 1.000000000000000000, -0.000000000000000000 ) ) ;
#242 = DIMENSIONAL_EXPONENTS ( 1.000000000000000000, 0.000000000000000000, 0.000000000000000000, 0.000000000000000000, 0.000000000000000000, 0.000000000000000000, 0.000000000000000000 ) ;
#243 = AXIS2_PLACEMENT_3D ( 'NONE', #1475, #909, #1150 ) ;
#244 = ORIENTED_EDGE ( 'NONE', *, *, #1530, .F. ) ;
#245 = DIRECTION ( 'NONE',  ( -1.000000000000000000, -0.000000000000000000, -0.000000000000000000 ) ) ;
#246 = EDGE_CURVE ( 'NONE', #256, #790, #1549, .T. ) ;
#247 = DIRECTION ( 'NONE',  ( 0.000000000000000000, 0.000000000000000000, 1.000000000000000000 ) ) ;
#248 = ADVANCED_FACE ( 'NONE', ( #1609 ), #2355, .F. ) ;
#249 = AXIS2_PLACEMENT_3D ( 'NONE', #1768, #2428, #754 ) ;
#250 = DIRECTION ( 'NONE',  ( 1.000000000000000000, -0.000000000000000000, -0.000000000000000000 ) ) ;
#251 = CARTESIAN_POINT ( 'NONE',  ( -1.493642629438502267E-08, -6.402768735150616918E-18, -0.004035417364798111334 ) ) ;
#252 = VERTEX_POINT ( 'NONE', #137 ) ;
#253 = EDGE_LOOP ( 'NONE', ( #2320, #802, #19, #151 ) ) ;
#254 = DIRECTION ( 'NONE',  ( -0.000000000000000000, 1.000000000000000000, -0.000000000000000000 ) ) ;
#255 =( NAMED_UNIT ( * ) PLANE_ANGLE_UNIT ( ) SI_UNIT ( $, .RADIAN. ) );
#256 = VERTEX_POINT ( 'NONE', #1881 ) ;
#257 = CARTESIAN_POINT ( 'NONE',  ( -0.01228347950335433383, 0.0009999102172622048763, -0.04342518114433071424 ) ) ;
#258 = EDGE_LOOP ( 'NONE', ( #2271, #2124 ) ) ;
#259 = DIRECTION ( 'NONE',  ( 1.000000000000000000, -0.000000000000000000, -0.000000000000000000 ) ) ;
#260 = FILL_AREA_STYLE ('',( #1732 ) ) ;
#261 = ORIENTED_EDGE ( 'NONE', *, *, #1626, .T. ) ;
#262 = PLANE ( 'NONE',  #447 ) ;
#263 = EDGE_CURVE ( 'NONE', #252, #96, #234, .T. ) ;
#264 = FILL_AREA_STYLE_COLOUR ( '', #487 ) ;
#265 = CYLINDRICAL_SURFACE ( 'NONE', #2822, 0.009842519685039378616 ) ;
#266 = ORIENTED_EDGE ( 'NONE', *, *, #410, .T. ) ;
#267 = EDGE_CURVE ( 'NONE', #1084, #256, #1733, .T. ) ;
#268 = VERTEX_POINT ( 'NONE', #1231 ) ;
#269 = CARTESIAN_POINT ( 'NONE',  ( -0.02362206218051969217, 0.03838582677165354451, 0.03937009444622045773 ) ) ;
#270 = PLANE ( 'NONE',  #3059 ) ;
#271 =( CONVERSION_BASED_UNIT ( 'INCH', #696 ) LENGTH_UNIT ( ) NAMED_UNIT ( #2216 ) );
#272 = PRESENTATION_LAYER_ASSIGNMENT (  '', '', ( #1680 ) ) ;
#273 = VERTEX_POINT ( 'NONE', #3186 ) ;
#274 = DIRECTION ( 'NONE',  ( -0.000000000000000000, -0.000000000000000000, -1.000000000000000000 ) ) ;
#275 = VECTOR ( 'NONE', #830, 39.37007874015748143 ) ;
#276 = ORIENTED_EDGE ( 'NONE', *, *, #1377, .T. ) ;
#277 = DIRECTION ( 'NONE',  ( -0.000000000000000000, -0.000000000000000000, 1.000000000000000000 ) ) ;
#278 = CARTESIAN_POINT ( 'NONE',  ( 0.05425195356751968262, 0.0001811023622047244265, -0.06889762208921260123 ) ) ;
#279 = ORIENTED_EDGE ( 'NONE', *, *, #1028, .T. ) ;
#280 = PLANE ( 'NONE',  #1805 ) ;
#281 = CARTESIAN_POINT ( 'NONE',  ( 0.04527557561476377307, 0.02874015748031496370, 1.570606299575155940E-08 ) ) ;
#282 = DIRECTION ( 'NONE',  ( 0.000000000000000000, -1.000000000000000000, 0.000000000000000000 ) ) ;
#283 = CARTESIAN_POINT ( 'NONE',  ( -0.03346458186555321263, 0.02874015748031474513, 0.06102363775330565954 ) ) ;
#284 = ORIENTED_EDGE ( 'NONE', *, *, #2906, .T. ) ;
#285 = CARTESIAN_POINT ( 'NONE',  ( 0.03346455199270101377, 0.02874015748031474513, -0.06102360634118066812 ) ) ;
#286 = CARTESIAN_POINT ( 'NONE',  ( 0.04119867047330787180, 0.03858267716535550285, 0.05374315584419445124 ) ) ;
#287 = ADVANCED_FACE ( 'NONE', ( #2942 ), #2229, .F. ) ;
#288 = EDGE_CURVE ( 'NONE', #2108, #399, #1700, .T. ) ;
#289 = ORIENTED_EDGE ( 'NONE', *, *, #2044, .F. ) ;
#290 = AXIS2_PLACEMENT_3D ( 'NONE', #299, #77, #1303 ) ;
#291 = DIRECTION ( 'NONE',  ( -0.000000000000000000, -0.000000000000000000, -1.000000000000000000 ) ) ;
#292 = ORIENTED_EDGE ( 'NONE', *, *, #1883, .T. ) ;
#293 = VECTOR ( 'NONE', #1499, 39.37007874015748143 ) ;
#294 = DIRECTION ( 'NONE',  ( -0.000000000000000000, -1.000000000000000000, -0.000000000000000000 ) ) ;
#295 = CARTESIAN_POINT ( 'NONE',  ( -0.04724410942460631480, 0.0006889763779526969154, 0.06397639365881889473 ) ) ;
#296 = ORIENTED_EDGE ( 'NONE', *, *, #2734, .T. ) ;
#297 = CARTESIAN_POINT ( 'NONE',  ( -0.02362206218051969217, 0.03838582677165354451, -0.03937006303409153890 ) ) ;
#298 = LINE ( 'NONE', #2293, #225 ) ;
#299 = CARTESIAN_POINT ( 'NONE',  ( -0.02456694407028347377, 0.0009999102172622048763, -0.01106297641991732354 ) ) ;
#300 = ORIENTED_EDGE ( 'NONE', *, *, #3068, .T. ) ;
#301 = MECHANICAL_DESIGN_GEOMETRIC_PRESENTATION_REPRESENTATION (  '', ( #769 ), #1190 ) ;
#302 = DIRECTION ( 'NONE',  ( -0.000000000000000000, 1.000000000000000000, 0.000000000000000000 ) ) ;
#303 = CYLINDRICAL_SURFACE ( 'NONE', #1158, 0.01181102362204724046 ) ;
#304 = ORIENTED_EDGE ( 'NONE', *, *, #2580, .T. ) ;
#305 = EDGE_CURVE ( 'NONE', #1740, #922, #2165, .T. ) ;
#306 = LINE ( 'NONE', #2303, #2847 ) ;
#307 = ORIENTED_EDGE ( 'NONE', *, *, #2827, .F. ) ;
#308 = CARTESIAN_POINT ( 'NONE',  ( 0.04527557561475196307, 0.02185039370078740301, 0.04921261413125617434 ) ) ;
#309 = EDGE_CURVE ( 'NONE', #1203, #47, #1948, .T. ) ;
#310 = CARTESIAN_POINT ( 'NONE',  ( -0.04724410942460666174, 4.168469228613682889E-21, -0.04342518114433071424 ) ) ;
#311 = EDGE_LOOP ( 'NONE', ( #2560, #87, #2408, #101 ) ) ;
#312 = DIRECTION ( 'NONE',  ( 1.000000000000000000, 0.000000000000000000, 0.000000000000000000 ) ) ;
#313 = LINE ( 'NONE', #1546, #2652 ) ;
#314 = CARTESIAN_POINT ( 'NONE',  ( -0.04527560548759844428, 0.01496062992125984405, 1.570606299575155940E-08 ) ) ;
#315 = DIRECTION ( 'NONE',  ( -0.000000000000000000, 1.000000000000000000, -0.000000000000000000 ) ) ;
#316 = UNCERTAINTY_MEASURE_WITH_UNIT (LENGTH_MEASURE( 1.000000000000000082E-05 ), #2744, 'distance_accuracy_value', 'NONE');
#317 = VERTEX_POINT ( 'NONE', #2181 ) ;
#318 = CARTESIAN_POINT ( 'NONE',  ( -0.02362206218051969217, 0.03858267716535433017, 0.03937009444622045773 ) ) ;
#319 = CARTESIAN_POINT ( 'NONE',  ( -0.04330710155059055988, 0.01081111340478346436, 0.05118111806826771554 ) ) ;
#320 = ORIENTED_EDGE ( 'NONE', *, *, #1225, .T. ) ;
#321 = FACE_OUTER_BOUND ( 'NONE', #1744, .T. ) ;
#322 = ORIENTED_EDGE ( 'NONE', *, *, #2447, .F. ) ;
#323 = CARTESIAN_POINT ( 'NONE',  ( -1.493641733477730790E-08, 0.0003937007874015747977, 0.06397639365881888085 ) ) ;
#324 = VECTOR ( 'NONE', #274, 39.37007874015748143 ) ;
#325 = CARTESIAN_POINT ( 'NONE',  ( -1.493641733477730790E-08, 0.0003937007874015747977, -0.04342518114433070037 ) ) ;
#326 = MECHANICAL_DESIGN_GEOMETRIC_PRESENTATION_REPRESENTATION (  '', ( #2297 ), #2141 ) ;
#327 = ADVANCED_FACE ( 'NONE', ( #735 ), #2424, .T. ) ;
#328 = ORIENTED_EDGE ( 'NONE', *, *, #34, .F. ) ;
#329 = DIMENSIONAL_EXPONENTS ( 1.000000000000000000, 0.000000000000000000, 0.000000000000000000, 0.000000000000000000, 0.000000000000000000, 0.000000000000000000, 0.000000000000000000 ) ;
#330 = CARTESIAN_POINT ( 'NONE',  ( -0.03346458186550583386, 0.03858267716535433017, -0.05118108665613594482 ) ) ;
#331 = STYLED_ITEM ( 'NONE', ( #2787 ), #1455 ) ;
#332 = DIRECTION ( 'NONE',  ( 0.000000000000000000, 0.000000000000000000, 1.000000000000000000 ) ) ;
#333 = DIRECTION ( 'NONE',  ( 0.000000000000000000, 0.000000000000000000, 1.000000000000000000 ) ) ;
#334 = ORIENTED_EDGE ( 'NONE', *, *, #2080, .T. ) ;
#335 = DIRECTION ( 'NONE',  ( 0.000000000000000000, 0.000000000000000000, -1.000000000000000000 ) ) ;
#336 = ORIENTED_EDGE ( 'NONE', *, *, #699, .T. ) ;
#337 = LINE ( 'NONE', #862, #1058 ) ;
#338 = CARTESIAN_POINT ( 'NONE',  ( 0.05216533939429125744, 0.0007874015748031497038, -0.03161415752228051435 ) ) ;
#339 =( GEOMETRIC_REPRESENTATION_CONTEXT ( 3 ) GLOBAL_UNCERTAINTY_ASSIGNED_CONTEXT ( ( #1193 ) ) GLOBAL_UNIT_ASSIGNED_CONTEXT ( ( #200, #2719, #1470 ) ) REPRESENTATION_CONTEXT ( 'NONE', 'WORKASPACE' ) );
#340 = EDGE_LOOP ( 'NONE', ( #1422, #78 ) ) ;
#341 = AXIS2_PLACEMENT_3D ( 'NONE', #3167, #2905, #1466 ) ;
#342 = EDGE_CURVE ( 'NONE', #233, #613, #2909, .T. ) ;
#343 = EDGE_CURVE ( 'NONE', #1779, #2583, #1126, .T. ) ;
#344 = CARTESIAN_POINT ( 'NONE',  ( -0.04724410942460666174, 0.0003937007874015747977, -0.04342518114433070037 ) ) ;
#345 = DIRECTION ( 'NONE',  ( 0.000000000000000000, 0.000000000000000000, -1.000000000000000000 ) ) ;
#346 = ORIENTED_EDGE ( 'NONE', *, *, #1088, .T. ) ;
#347 = EDGE_CURVE ( 'NONE', #1286, #2343, #2472, .T. ) ;
#348 = FACE_OUTER_BOUND ( 'NONE', #356, .T. ) ;
#349 = AXIS2_PLACEMENT_3D ( 'NONE', #2182, #2959, #2672 ) ;
#350 = VERTEX_POINT ( 'NONE', #197 ) ;
#351 = CARTESIAN_POINT ( 'NONE',  ( -0.02362206218051772152, 0.0007874015748031495954, -0.06889762208921258735 ) ) ;
#352 = VECTOR ( 'NONE', #2924, 39.37007874015748143 ) ;
#353 = LINE ( 'NONE', #2098, #1234 ) ;
#354 = ORIENTED_EDGE ( 'NONE', *, *, #1556, .T. ) ;
#355 = DIRECTION ( 'NONE',  ( 0.000000000000000000, 0.000000000000000000, -1.000000000000000000 ) ) ;
#356 = EDGE_LOOP ( 'NONE', ( #2888, #2221, #239, #125 ) ) ;
#357 = LINE ( 'NONE', #1156, #1963 ) ;
#358 = EDGE_CURVE ( 'NONE', #2922, #2352, #1289, .T. ) ;
#359 = DIRECTION ( 'NONE',  ( -1.000000000000000000, -0.000000000000000000, -0.000000000000000000 ) ) ;
#360 = ORIENTED_EDGE ( 'NONE', *, *, #305, .T. ) ;
#361 = CARTESIAN_POINT ( 'NONE',  ( -0.04724410942460630092, 0.0006062094298606300787, -0.03202518114432677254 ) ) ;
#362 = DIRECTION ( 'NONE',  ( -0.000000000000000000, -1.000000000000000000, -0.000000000000000000 ) ) ;
#363 = ADVANCED_FACE ( 'NONE', ( #2669 ), #1246, .T. ) ;
#364 = EDGE_LOOP ( 'NONE', ( #972, #1971, #1003, #1305 ) ) ;
#365 = CARTESIAN_POINT ( 'NONE',  ( -0.04527560548758578773, 0.03450577202388725034, -0.04921258271913384053 ) ) ;
#366 = DIRECTION ( 'NONE',  ( 0.000000000000000000, 0.000000000000000000, 1.000000000000000000 ) ) ;
#367 = CARTESIAN_POINT ( 'NONE',  ( 0.04527557561475446107, 0.03450577202388756953, -0.04921258271909110388 ) ) ;
#368 = DIRECTION ( 'NONE',  ( 1.000000000000000000, 0.000000000000000000, 0.000000000000000000 ) ) ;
#369 = PRESENTATION_STYLE_ASSIGNMENT (( #1877 ) ) ;
#370 = VERTEX_POINT ( 'NONE', #214 ) ;
#371 = PRESENTATION_STYLE_ASSIGNMENT (( #1595 ) ) ;
#372 = CIRCLE ( 'NONE', #958, 0.01377952755905511271 ) ;
#373 = PLANE ( 'NONE',  #1405 ) ;
#374 = CYLINDRICAL_SURFACE ( 'NONE', #1854, 0.009842519685039361269 ) ;
#375 = VERTEX_POINT ( 'NONE', #1213 ) ;
#376 = AXIS2_PLACEMENT_3D ( 'NONE', #1427, #1140, #1957 ) ;
#377 = LINE ( 'NONE', #414, #2671 ) ;
#378 = ORIENTED_EDGE ( 'NONE', *, *, #2832, .T. ) ;
#379 = COLOUR_RGB ( '',0.2352941176470588203, 0.2352941176470588203, 0.2352941176470588203 ) ;
#380 = ORIENTED_EDGE ( 'NONE', *, *, #964, .T. ) ;
#381 = LINE ( 'NONE', #2411, #3028 ) ;
#382 = EDGE_CURVE ( 'NONE', #405, #2016, #1451, .T. ) ;
#383 = ADVANCED_FACE ( 'NONE', ( #752 ), #509, .T. ) ;
#384 = LINE ( 'NONE', #1411, #2295 ) ;
#385 = CARTESIAN_POINT ( 'NONE',  ( -0.04527560548759843040, 0.02874015748031496370, 1.570606299575155940E-08 ) ) ;
#386 = DIRECTION ( 'NONE',  ( -0.000000000000000000, -1.000000000000000000, -0.000000000000000000 ) ) ;
#387 = VERTEX_POINT ( 'NONE', #2892 ) ;
#388 = VECTOR ( 'NONE', #2312, 39.37007874015748143 ) ;
#389 = DIRECTION ( 'NONE',  ( 0.000000000000000000, 0.000000000000000000, 1.000000000000000000 ) ) ;
#390 = STYLED_ITEM ( 'NONE', ( #371 ), #644 ) ;
#391 = FILL_AREA_STYLE ('',( #2860 ) ) ;
#392 = STYLED_ITEM ( 'NONE', ( #2398 ), #1953 ) ;
#393 = CARTESIAN_POINT ( 'NONE',  ( 0.04330707167775590255, 0.01141732283464566740, -0.04921258271913383359 ) ) ;
#394 = CIRCLE ( 'NONE', #2313, 0.009842519685047224770 ) ;
#395 = CARTESIAN_POINT ( 'NONE',  ( -0.03346458186555600900, 0.01141732283464566913, 0.05905513381629919761 ) ) ;
#396 = DIRECTION ( 'NONE',  ( 0.000000000000000000, 2.168404344969278551E-16, 1.000000000000000000 ) ) ;
#397 = VECTOR ( 'NONE', #277, 39.37007874015748143 ) ;
#398 = ORIENTED_EDGE ( 'NONE', *, *, #1107, .F. ) ;
#399 = VERTEX_POINT ( 'NONE', #1516 ) ;
#400 = FACE_OUTER_BOUND ( 'NONE', #1811, .T. ) ;
#401 = DIRECTION ( 'NONE',  ( -0.000000000000000000, -1.000000000000000000, 0.000000000000000000 ) ) ;
#402 = COLOUR_RGB ( '',0.2352941176470588203, 0.4705882352941176405, 0.000000000000000000 ) ;
#403 = ADVANCED_FACE ( 'NONE', ( #720 ), #1718, .F. ) ;
#404 = LINE ( 'NONE', #1412, #1502 ) ;
#405 = VERTEX_POINT ( 'NONE', #2657 ) ;
#406 = STYLED_ITEM ( 'NONE', ( #519 ), #3049 ) ;
#407 =( LENGTH_UNIT ( ) NAMED_UNIT ( * ) SI_UNIT ( $, .METRE. ) );
#408 = CARTESIAN_POINT ( 'NONE',  ( 0.02362203230766929049, 0.0003937007874015158171, -0.06397636224669292493 ) ) ;
#409 = ORIENTED_EDGE ( 'NONE', *, *, #1883, .F. ) ;
#410 = EDGE_CURVE ( 'NONE', #1218, #2688, #442, .T. ) ;
#411 = FACE_OUTER_BOUND ( 'NONE', #133, .T. ) ;
#412 = FACE_OUTER_BOUND ( 'NONE', #1787, .T. ) ;
#413 = DIRECTION ( 'NONE',  ( -0.000000000000000000, 1.000000000000000000, -0.000000000000000000 ) ) ;
#414 = CARTESIAN_POINT ( 'NONE',  ( -1.493641733477730790E-08, 0.0003937007874015747977, -0.06889762208921258735 ) ) ;
#415 = VERTEX_POINT ( 'NONE', #3023 ) ;
#416 = VERTEX_POINT ( 'NONE', #2534 ) ;
#417 = CARTESIAN_POINT ( 'NONE',  ( 0.04724407955177165053, 0.001196760610962992275, 0.06537875586354330304 ) ) ;
#418 = DIRECTION ( 'NONE',  ( -1.000000000000000000, 0.000000000000000000, 0.000000000000000000 ) ) ;
#419 = DIRECTION ( 'NONE',  ( -1.000000000000000000, 0.000000000000000000, 0.000000000000000000 ) ) ;
#420 = VERTEX_POINT ( 'NONE', #297 ) ;
#421 =( CONVERSION_BASED_UNIT ( 'INCH', #456 ) LENGTH_UNIT ( ) NAMED_UNIT ( #2299 ) );
#422 = ADVANCED_FACE ( 'NONE', ( #2797 ), #1037, .T. ) ;
#423 = DIRECTION ( 'NONE',  ( -1.000000000000000000, 0.000000000000000000, 0.000000000000000000 ) ) ;
#424 = ORIENTED_EDGE ( 'NONE', *, *, #1434, .F. ) ;
#425 = DIRECTION ( 'NONE',  ( -0.000000000000000000, -1.000000000000000000, -0.000000000000000000 ) ) ;
#426 = EDGE_CURVE ( 'NONE', #535, #201, #702, .T. ) ;
#427 = LINE ( 'NONE', #2214, #3138 ) ;
#428 = DIRECTION ( 'NONE',  ( 0.000000000000000000, 0.000000000000000000, 1.000000000000000000 ) ) ;
#429 = FILL_AREA_STYLE ('',( #657 ) ) ;
#430 = DIRECTION ( 'NONE',  ( 0.000000000000000000, 1.000000000000000000, -1.084202172484639275E-16 ) ) ;
#431 = ORIENTED_EDGE ( 'NONE', *, *, #805, .F. ) ;
#432 = AXIS2_PLACEMENT_3D ( 'NONE', #541, #1800, #1860 ) ;
#433 = ORIENTED_EDGE ( 'NONE', *, *, #782, .F. ) ;
#434 = CARTESIAN_POINT ( 'NONE',  ( -0.04527560548758518405, 0.02874015748031394368, -0.04921258271913385440 ) ) ;
#435 = DIRECTION ( 'NONE',  ( 0.000000000000000000, 1.000000000000000000, 8.673617379884028570E-16 ) ) ;
#436 = AXIS2_PLACEMENT_3D ( 'NONE', #666, #2635, #678 ) ;
#437 =( NAMED_UNIT ( * ) PLANE_ANGLE_UNIT ( ) SI_UNIT ( $, .RADIAN. ) );
#438 = ORIENTED_EDGE ( 'NONE', *, *, #108, .F. ) ;
#439 = UNCERTAINTY_MEASURE_WITH_UNIT (LENGTH_MEASURE( 1.000000000000000082E-05 ), #1468, 'distance_accuracy_value', 'NONE');
#440 = VERTEX_POINT ( 'NONE', #1529 ) ;
#441 = LINE ( 'NONE', #1497, #1452 ) ;
#442 = LINE ( 'NONE', #2277, #3079 ) ;
#443 = EDGE_CURVE ( 'NONE', #440, #415, #3043, .T. ) ;
#444 = EDGE_CURVE ( 'NONE', #2595, #2646, #840, .T. ) ;
#445 = DIRECTION ( 'NONE',  ( 1.000000000000000000, 0.000000000000000000, 0.000000000000000000 ) ) ;
#446 = CARTESIAN_POINT ( 'NONE',  ( -0.04527560548759843040, 0.02185039370078740301, 0.04921261413125984502 ) ) ;
#447 = AXIS2_PLACEMENT_3D ( 'NONE', #804, #1566, #1766 ) ;
#448 = FACE_OUTER_BOUND ( 'NONE', #1926, .T. ) ;
#449 = ADVANCED_FACE ( 'NONE', ( #1085, #2486 ), #280, .T. ) ;
#450 = ORIENTED_EDGE ( 'NONE', *, *, #2932, .F. ) ;
#451 = DIRECTION ( 'NONE',  ( 0.000000000000000000, 0.000000000000000000, 1.000000000000000000 ) ) ;
#452 = VECTOR ( 'NONE', #536, 39.37007874015748143 ) ;
#453 = CARTESIAN_POINT ( 'NONE',  ( -0.04119870034614016990, 0.03858267716535551672, 0.04921261413123608625 ) ) ;
#454 = DIRECTION ( 'NONE',  ( -0.000000000000000000, 1.000000000000000000, -0.000000000000000000 ) ) ;
#455 = ORIENTED_EDGE ( 'NONE', *, *, #3068, .F. ) ;
#456 = LENGTH_MEASURE_WITH_UNIT ( LENGTH_MEASURE( 0.02539999999999999897 ), #407 );
#457 = EDGE_LOOP ( 'NONE', ( #1035, #2841 ) ) ;
#458 = PLANE ( 'NONE',  #2814 ) ;
#459 = DIRECTION ( 'NONE',  ( 0.000000000000000000, 1.000000000000000000, 0.000000000000000000 ) ) ;
#460 = LINE ( 'NONE', #2441, #3064 ) ;
#461 = FACE_OUTER_BOUND ( 'NONE', #1660, .T. ) ;
#462 = EDGE_CURVE ( 'NONE', #1773, #405, #2308, .T. ) ;
#463 = SURFACE_SIDE_STYLE ('',( #2944 ) ) ;
#464 = ORIENTED_EDGE ( 'NONE', *, *, #1473, .T. ) ;
#465 = CARTESIAN_POINT ( 'NONE',  ( -0.01181103855847047239, 0.0007874015748031495954, -0.06889762208921260123 ) ) ;
#466 = FILL_AREA_STYLE ('',( #728 ) ) ;
#467 = ADVANCED_FACE ( 'NONE', ( #3007 ), #262, .F. ) ;
#468 = CARTESIAN_POINT ( 'NONE',  ( 0.05216533939429134070, 0.01102362204724409434, 1.570606299575155940E-08 ) ) ;
#469 = ORIENTED_EDGE ( 'NONE', *, *, #246, .T. ) ;
#470 = CARTESIAN_POINT ( 'NONE',  ( -0.01181103855847244304, 3.334775382890946312E-20, -0.05616140161677165427 ) ) ;
#471 = EDGE_LOOP ( 'NONE', ( #1748, #1192, #784, #2072 ) ) ;
#472 = LINE ( 'NONE', #1447, #3181 ) ;
#473 = LINE ( 'NONE', #719, #2170 ) ;
#474 = CARTESIAN_POINT ( 'NONE',  ( -0.02314962123563779964, 0.0006062094298606300787, -0.06397636224669291105 ) ) ;
#475 = CARTESIAN_POINT ( 'NONE',  ( 0.03346455199270861880, 0.02874015748031496023, -0.05118108665614172492 ) ) ;
#476 = CYLINDRICAL_SURFACE ( 'NONE', #135, 0.003937007874014649030 ) ;
#477 = ORIENTED_EDGE ( 'NONE', *, *, #2130, .T. ) ;
#478 = PRODUCT_DEFINITION ( 'UNKNOWN', '', #2063, #1823 ) ;
#479 = SURFACE_STYLE_FILL_AREA ( #1521 ) ;
#480 = AXIS2_PLACEMENT_3D ( 'NONE', #746, #291, #1293 ) ;
#481 = DIRECTION ( 'NONE',  ( 0.000000000000000000, 0.000000000000000000, 1.000000000000000000 ) ) ;
#482 = CARTESIAN_POINT ( 'NONE',  ( 0.04724407955177165053, 0.0003937007874015748519, 1.570606299148304935E-08 ) ) ;
#483 = VERTEX_POINT ( 'NONE', #2258 ) ;
#484 = EDGE_CURVE ( 'NONE', #3055, #186, #971, .T. ) ;
#485 = EDGE_CURVE ( 'NONE', #2227, #2564, #55, .T. ) ;
#486 = DIRECTION ( 'NONE',  ( 0.000000000000000000, 2.168404344971010840E-16, 1.000000000000000000 ) ) ;
#487 = COLOUR_RGB ( '',1.000000000000000000, 1.000000000000000000, 0.5294117647058823595 ) ;
#488 = VERTEX_POINT ( 'NONE', #24 ) ;
#489 = CARTESIAN_POINT ( 'NONE',  ( -0.05216536926712597722, 0.005708661417322834566, -0.03161415752228344950 ) ) ;
#490 = LINE ( 'NONE', #1928, #1511 ) ;
#491 = DIRECTION ( 'NONE',  ( 0.000000000000000000, 0.000000000000000000, 1.000000000000000000 ) ) ;
#492 = LENGTH_MEASURE_WITH_UNIT ( LENGTH_MEASURE( 0.02539999999999999897 ), #2701 );
#493 = LINE ( 'NONE', #1969, #3088 ) ;
#494 = EDGE_LOOP ( 'NONE', ( #2955, #1186, #2629, #795 ) ) ;
#495 = VECTOR ( 'NONE', #459, 39.37007874015748143 ) ;
#496 = VERTEX_POINT ( 'NONE', #1780 ) ;
#497 = FACE_OUTER_BOUND ( 'NONE', #2969, .T. ) ;
#498 = VECTOR ( 'NONE', #2500, 39.37007874015748143 ) ;
#499 = EDGE_LOOP ( 'NONE', ( #3134, #990, #2904, #651 ) ) ;
#500 = VECTOR ( 'NONE', #3183, 39.37007874015748143 ) ;
#501 = DIRECTION ( 'NONE',  ( -1.000000000000000000, -0.000000000000000000, -0.000000000000000000 ) ) ;
#502 = EDGE_CURVE ( 'NONE', #2325, #2527, #1820, .T. ) ;
#503 = ORIENTED_EDGE ( 'NONE', *, *, #3035, .F. ) ;
#504 = SURFACE_SIDE_STYLE ('',( #1296 ) ) ;
#505 = LINE ( 'NONE', #1746, #2224 ) ;
#506 = EDGE_CURVE ( 'NONE', #2010, #375, #2042, .T. ) ;
#507 = ORIENTED_EDGE ( 'NONE', *, *, #108, .T. ) ;
#508 = MECHANICAL_DESIGN_GEOMETRIC_PRESENTATION_REPRESENTATION (  '', ( #95 ), #148 ) ;
#509 = CYLINDRICAL_SURFACE ( 'NONE', #1698, 0.001968503937007883529 ) ;
#510 =( NAMED_UNIT ( * ) SI_UNIT ( $, .STERADIAN. ) SOLID_ANGLE_UNIT ( ) );
#511 = CARTESIAN_POINT ( 'NONE',  ( 0.05216533939429133376, 0.01102362204724409434, 0.06889765350133858490 ) ) ;
#512 = EDGE_LOOP ( 'NONE', ( #1995, #768, #3132, #1428, #2661, #1458 ) ) ;
#513 = VERTEX_POINT ( 'NONE', #1833 ) ;
#514 = CARTESIAN_POINT ( 'NONE',  ( 0.04724407955177156032, 0.0009842519685039248512, 0.06397639365881892248 ) ) ;
#515 = ORIENTED_EDGE ( 'NONE', *, *, #2173, .F. ) ;
#516 = CARTESIAN_POINT ( 'NONE',  ( -0.02362206218051969564, 0.0009999102172622048763, -0.01065195279787008002 ) ) ;
#517 = ORIENTED_EDGE ( 'NONE', *, *, #1434, .T. ) ;
#518 = CARTESIAN_POINT ( 'NONE',  ( -0.02362206218051963319, 0.0003937007874015601067, -0.01106297641991732528 ) ) ;
#519 = PRESENTATION_STYLE_ASSIGNMENT (( #2991 ) ) ;
#520 = ORIENTED_EDGE ( 'NONE', *, *, #342, .T. ) ;
#521 = CARTESIAN_POINT ( 'NONE',  ( 0.04724407955177019336, 0.0003937007874015158171, -0.03161415752227953596 ) ) ;
#522 = AXIS2_PLACEMENT_3D ( 'NONE', #1613, #1357, #79 ) ;
#523 = EDGE_CURVE ( 'NONE', #415, #1286, #1581, .T. ) ;
#524 = LENGTH_MEASURE_WITH_UNIT ( LENGTH_MEASURE( 0.02539999999999999897 ), #1124 );
#525 = LINE ( 'NONE', #3027, #1461 ) ;
#526 = PLANE ( 'NONE',  #3075 ) ;
#527 = VERTEX_POINT ( 'NONE', #1017 ) ;
#528 = LINE ( 'NONE', #844, #2194 ) ;
#529 = CARTESIAN_POINT ( 'NONE',  ( 0.03799509370564017191, 0.03858267716535550285, 0.05694673261186086050 ) ) ;
#530 = AXIS2_PLACEMENT_3D ( 'NONE', #1151, #663, #1662 ) ;
#531 = ORIENTED_EDGE ( 'NONE', *, *, #684, .F. ) ;
#532 = CARTESIAN_POINT ( 'NONE',  ( 0.03346455199270867431, 0.01496062992126095774, -0.04921258271913385440 ) ) ;
#533 = DIMENSIONAL_EXPONENTS ( 1.000000000000000000, 0.000000000000000000, 0.000000000000000000, 0.000000000000000000, 0.000000000000000000, 0.000000000000000000, 0.000000000000000000 ) ;
#534 = AXIS2_PLACEMENT_3D ( 'NONE', #1092, #3063, #2078 ) ;
#535 = VERTEX_POINT ( 'NONE', #330 ) ;
#536 = DIRECTION ( 'NONE',  ( -0.000000000000000000, 1.000000000000000000, -0.000000000000000000 ) ) ;
#537 = AXIS2_PLACEMENT_3D ( 'NONE', #2488, #1930, #231 ) ;
#538 = VERTEX_POINT ( 'NONE', #2994 ) ;
#539 = VECTOR ( 'NONE', #2096, 39.37007874015748143 ) ;
#540 = DIRECTION ( 'NONE',  ( -1.000000000000000000, -0.000000000000000000, -0.000000000000000000 ) ) ;
#541 = CARTESIAN_POINT ( 'NONE',  ( 0.03346455199270867431, 0.01496062992126095774, 0.04921261413125983808 ) ) ;
#542 =( CONVERSION_BASED_UNIT ( 'INCH', #1568 ) LENGTH_UNIT ( ) NAMED_UNIT ( #764 ) );
#543 = EDGE_CURVE ( 'NONE', #1095, #488, #1332, .T. ) ;
#544 = FACE_OUTER_BOUND ( 'NONE', #2726, .T. ) ;
#545 = ORIENTED_EDGE ( 'NONE', *, *, #867, .T. ) ;
#546 = CARTESIAN_POINT ( 'NONE',  ( -0.04724410942460630092, 0.000000000000000000, -0.05370077169551182306 ) ) ;
#547 = DIRECTION ( 'NONE',  ( -1.000000000000000000, 0.000000000000000000, 0.000000000000000000 ) ) ;
#548 = EDGE_CURVE ( 'NONE', #1295, #1331, #2975, .T. ) ;
#549 = ORIENTED_EDGE ( 'NONE', *, *, #343, .F. ) ;
#550 = AXIS2_PLACEMENT_3D ( 'NONE', #2579, #359, #2336 ) ;
#551 = DIRECTION ( 'NONE',  ( -1.000000000000000000, 0.000000000000000000, 0.000000000000000000 ) ) ;
#552 = MECHANICAL_DESIGN_GEOMETRIC_PRESENTATION_REPRESENTATION (  '', ( #406 ), #1501 ) ;
#553 = ORIENTED_EDGE ( 'NONE', *, *, #2099, .F. ) ;
#554 = VECTOR ( 'NONE', #559, 39.37007874015748143 ) ;
#555 = FACE_OUTER_BOUND ( 'NONE', #2369, .T. ) ;
#556 = CIRCLE ( 'NONE', #2364, 0.001968503937007883529 ) ;
#557 =( NAMED_UNIT ( * ) PLANE_ANGLE_UNIT ( ) SI_UNIT ( $, .RADIAN. ) );
#558 = EDGE_LOOP ( 'NONE', ( #1775, #2707, #883, #1106, #1090, #455 ) ) ;
#559 = DIRECTION ( 'NONE',  ( -0.000000000000000000, 1.000000000000000000, -0.000000000000000000 ) ) ;
#560 = CARTESIAN_POINT ( 'NONE',  ( -0.03346458186555905517, 0.01496062992125985272, 0.04921261413125983808 ) ) ;
#561 = PRESENTATION_STYLE_ASSIGNMENT (( #57 ) ) ;
#562 = VECTOR ( 'NONE', #934, 39.37007874015748143 ) ;
#563 = CARTESIAN_POINT ( 'NONE',  ( 0.02362203230767125767, 0.0003937007874015747977, -0.06889762208921258735 ) ) ;
#564 = VERTEX_POINT ( 'NONE', #1545 ) ;
#565 = VECTOR ( 'NONE', #2040, 39.37007874015748143 ) ;
#566 = ADVANCED_FACE ( 'NONE', ( #1101 ), #116, .T. ) ;
#567 = CARTESIAN_POINT ( 'NONE',  ( -0.02362206218051969217, 0.0003937007874015158171, -0.06397636224669292493 ) ) ;
#568 = EDGE_LOOP ( 'NONE', ( #2191, #1634, #1920, #1918 ) ) ;
#569 = ADVANCED_FACE ( 'NONE', ( #2101 ), #1620, .T. ) ;
#570 = LINE ( 'NONE', #1828, #2592 ) ;
#571 = DIRECTION ( 'NONE',  ( 0.000000000000000000, -1.000000000000000000, 0.000000000000000000 ) ) ;
#572 = ORIENTED_EDGE ( 'NONE', *, *, #924, .T. ) ;
#573 = CARTESIAN_POINT ( 'NONE',  ( -1.493641732624028120E-08, 0.000000000000000000, -0.04342518114433071424 ) ) ;
#574 = PLANE ( 'NONE',  #718 ) ;
#575 = CARTESIAN_POINT ( 'NONE',  ( 0.01181100868562402068, 0.0007874015748031495954, -0.06889762208921258735 ) ) ;
#576 = UNCERTAINTY_MEASURE_WITH_UNIT (LENGTH_MEASURE( 1.000000000000000082E-05 ), #1057, 'distance_accuracy_value', 'NONE');
#577 = VERTEX_POINT ( 'NONE', #3093 ) ;
#578 = DIMENSIONAL_EXPONENTS ( 1.000000000000000000, 0.000000000000000000, 0.000000000000000000, 0.000000000000000000, 0.000000000000000000, 0.000000000000000000, 0.000000000000000000 ) ;
#579 = CARTESIAN_POINT ( 'NONE',  ( 0.03346455199270867431, 0.01181102362204822231, 0.05905513381629919761 ) ) ;
#580 = DIRECTION ( 'NONE',  ( 0.000000000000000000, -1.000000000000000000, 0.000000000000000000 ) ) ;
#581 = ORIENTED_EDGE ( 'NONE', *, *, #741, .F. ) ;
#582 = CARTESIAN_POINT ( 'NONE',  ( -0.05273623540885826605, 0.0009999102172622048763, -0.04342518114433071424 ) ) ;
#583 = ORIENTED_EDGE ( 'NONE', *, *, #246, .F. ) ;
#584 = ADVANCED_FACE ( 'NONE', ( #134 ), #2384, .F. ) ;
#585 = CARTESIAN_POINT ( 'NONE',  ( 0.03346455199269383896, 0.03858267716535551672, -0.05694670119971102784 ) ) ;
#586 = EDGE_CURVE ( 'NONE', #2948, #1507, #1114, .T. ) ;
#587 = AXIS2_PLACEMENT_3D ( 'NONE', #417, #2884, #1888 ) ;
#588 = EDGE_LOOP ( 'NONE', ( #115, #1059, #3191, #1369 ) ) ;
#589 = EDGE_CURVE ( 'NONE', #1331, #1740, #357, .T. ) ;
#590 = CARTESIAN_POINT ( 'NONE',  ( 0.03789368585098031039, 3.334775382890946312E-20, -0.03161415752227953596 ) ) ;
#591 = VECTOR ( 'NONE', #3127, 39.37007874015748143 ) ;
#592 = DIRECTION ( 'NONE',  ( 0.000000000000000000, 0.000000000000000000, -1.000000000000000000 ) ) ;
#593 = MECHANICAL_DESIGN_GEOMETRIC_PRESENTATION_REPRESENTATION (  '', ( #2903 ), #1384 ) ;
#594 = DIRECTION ( 'NONE',  ( 1.000000000000000000, 0.000000000000000000, 0.000000000000000000 ) ) ;
#595 = ORIENTED_EDGE ( 'NONE', *, *, #2130, .F. ) ;
#596 = DIRECTION ( 'NONE',  ( -0.000000000000000000, 1.000000000000000000, -0.000000000000000000 ) ) ;
#597 = ORIENTED_EDGE ( 'NONE', *, *, #2172, .F. ) ;
#598 = DIRECTION ( 'NONE',  ( 0.000000000000000000, 0.000000000000000000, 1.000000000000000000 ) ) ;
#599 = DIRECTION ( 'NONE',  ( -1.000000000000000000, 0.000000000000000000, 0.000000000000000000 ) ) ;
#600 = VECTOR ( 'NONE', #2306, 39.37007874015748143 ) ;
#601 = EDGE_CURVE ( 'NONE', #2140, #1358, #915, .T. ) ;
#602 = CARTESIAN_POINT ( 'NONE',  ( 0.02362203230766936682, 0.0003937007874015747977, -0.06397636224669291105 ) ) ;
#603 = AXIS2_PLACEMENT_3D ( 'NONE', #474, #685, #1929 ) ;
#604 = ORIENTED_EDGE ( 'NONE', *, *, #506, .T. ) ;
#605 = VECTOR ( 'NONE', #2576, 39.37007874015748143 ) ;
#606 = ADVANCED_FACE ( 'NONE', ( #1401 ), #2875, .T. ) ;
#607 = SURFACE_STYLE_FILL_AREA ( #391 ) ;
#608 = DIRECTION ( 'NONE',  ( 0.000000000000000000, 1.000000000000000000, 0.000000000000000000 ) ) ;
#609 = ORIENTED_EDGE ( 'NONE', *, *, #2870, .T. ) ;
#610 = DIRECTION ( 'NONE',  ( 0.000000000000000000, 1.000000000000000000, 0.000000000000000000 ) ) ;
#611 = CARTESIAN_POINT ( 'NONE',  ( 0.04724407955177165053, 0.01496062992126035406, 0.04921261413125983808 ) ) ;
#612 = VECTOR ( 'NONE', #1469, 39.37007874015748143 ) ;
#613 = VERTEX_POINT ( 'NONE', #3105 ) ;
#614 = CARTESIAN_POINT ( 'NONE',  ( -1.493642629438502267E-08, 0.001968503937007746053, 0.007775606257249129995 ) ) ;
#615 = CARTESIAN_POINT ( 'NONE',  ( 0.03461767490141214737, 0.03858267716535433017, -0.05118108665614576336 ) ) ;
#616 = ORIENTED_EDGE ( 'NONE', *, *, #462, .F. ) ;
#617 = DIRECTION ( 'NONE',  ( 0.000000000000000000, 1.000000000000000000, 0.000000000000000000 ) ) ;
#618 = CARTESIAN_POINT ( 'NONE',  ( -1.493642629438502267E-08, 8.190208340380164122E-17, 0.02795277161157874377 ) ) ;
#619 = ORIENTED_EDGE ( 'NONE', *, *, #805, .T. ) ;
#620 = DIRECTION ( 'NONE',  ( 0.000000000000000000, 0.000000000000000000, -1.000000000000000000 ) ) ;
#621 = PRODUCT_RELATED_PRODUCT_CATEGORY ( 'part', '', ( #2314 ) ) ;
#622 =( CONVERSION_BASED_UNIT ( 'INCH', #1366 ) LENGTH_UNIT ( ) NAMED_UNIT ( #242 ) );
#623 = CARTESIAN_POINT ( 'NONE',  ( -0.05216536926712598415, 0.0001811023622047244265, -0.07165352760102361440 ) ) ;
#624 = ADVANCED_FACE ( 'NONE', ( #2353, #2811 ), #2605, .T. ) ;
#625 = EDGE_CURVE ( 'NONE', #2988, #2715, #394, .T. ) ;
#626 = EDGE_LOOP ( 'NONE', ( #1362, #697, #3003, #1298 ) ) ;
#627 = CARTESIAN_POINT ( 'NONE',  ( -0.01181103855847244304, 0.0007874015748031495954, -0.05616140161677165427 ) ) ;
#628 = LINE ( 'NONE', #2660, #1616 ) ;
#629 = ORIENTED_EDGE ( 'NONE', *, *, #444, .T. ) ;
#630 = CARTESIAN_POINT ( 'NONE',  ( 0.03480313466987403070, 0.01081111340478346436, 0.05905513381629920455 ) ) ;
#631 = AXIS2_PLACEMENT_3D ( 'NONE', #889, #2150, #1147 ) ;
#632 = SURFACE_SIDE_STYLE ('',( #2174 ) ) ;
#633 = CARTESIAN_POINT ( 'NONE',  ( 0.03543305592971281864, 0.03858267716535433017, -0.04921258271913733773 ) ) ;
#634 = DIRECTION ( 'NONE',  ( -1.000000000000000000, 0.000000000000000000, 0.000000000000000000 ) ) ;
#635 = DIRECTION ( 'NONE',  ( -0.000000000000000000, -0.000000000000000000, 1.000000000000000000 ) ) ;
#636 = EDGE_LOOP ( 'NONE', ( #2682, #2630, #2831, #1374 ) ) ;
#637 = LENGTH_MEASURE_WITH_UNIT ( LENGTH_MEASURE( 0.02539999999999999897 ), #2622 );
#638 = VECTOR ( 'NONE', #994, 39.37007874015748143 ) ;
#639 = FACE_OUTER_BOUND ( 'NONE', #1872, .T. ) ;
#640 = MECHANICAL_DESIGN_GEOMETRIC_PRESENTATION_REPRESENTATION (  '', ( #331 ), #1270 ) ;
#641 = DIRECTION ( 'NONE',  ( -0.000000000000000000, -1.000000000000000000, 0.000000000000000000 ) ) ;
#642 = VECTOR ( 'NONE', #1632, 39.37007874015748143 ) ;
#643 = DIRECTION ( 'NONE',  ( 1.000000000000000000, -0.000000000000000000, 0.000000000000000000 ) ) ;
#644 = ADVANCED_FACE ( 'NONE', ( #411 ), #1912, .F. ) ;
#645 = ORIENTED_EDGE ( 'NONE', *, *, #2620, .F. ) ;
#646 = ORIENTED_EDGE ( 'NONE', *, *, #2215, .T. ) ;
#647 = DIRECTION ( 'NONE',  ( 0.000000000000000000, 1.000000000000000000, 0.000000000000000000 ) ) ;
#648 = DIRECTION ( 'NONE',  ( 1.000000000000000000, 0.000000000000000000, 0.000000000000000000 ) ) ;
#649 = EDGE_CURVE ( 'NONE', #1829, #535, #669, .T. ) ;
#650 = DIRECTION ( 'NONE',  ( 1.000000000000000000, 0.000000000000000000, 0.000000000000000000 ) ) ;
#651 = ORIENTED_EDGE ( 'NONE', *, *, #589, .F. ) ;
#652 = CIRCLE ( 'NONE', #1394, 0.01181102362204724046 ) ;
#653 = AXIS2_PLACEMENT_3D ( 'NONE', #2765, #88, #2549 ) ;
#654 =( LENGTH_UNIT ( ) NAMED_UNIT ( * ) SI_UNIT ( $, .METRE. ) );
#655 = DIRECTION ( 'NONE',  ( 1.000000000000000000, -0.000000000000000000, -0.000000000000000000 ) ) ;
#656 = VECTOR ( 'NONE', #2545, 39.37007874015748143 ) ;
#657 = FILL_AREA_STYLE_COLOUR ( '', #1589 ) ;
#658 = DIRECTION ( 'NONE',  ( 0.000000000000000000, 0.000000000000000000, -1.000000000000000000 ) ) ;
#659 = VERTEX_POINT ( 'NONE', #2890 ) ;
#660 = EDGE_LOOP ( 'NONE', ( #1619, #2358, #780, #2815 ) ) ;
#661 = CARTESIAN_POINT ( 'NONE',  ( -0.05216536926712599109, 0.01102362204724409434, 0.06889765350133859878 ) ) ;
#662 =( BOUNDED_SURFACE ( )  B_SPLINE_SURFACE ( 3, 3, ( 
 ( #1935, #1393, #2597, #2871 ),
 ( #159, #1424, #1441, #2616 ),
 ( #453, #2898, #1677, #2649 ),
 ( #2155, #1874, #3129, #2363 ) ),
 .UNSPECIFIED., .F., .F., .F. ) 
 B_SPLINE_SURFACE_WITH_KNOTS ( ( 4, 4 ),
 ( 4, 4 ),
 ( 0.000000000000000000, 1.000000000000000000 ),
 ( 0.000000000000000000, 1.000000000000000000 ),
 .UNSPECIFIED. ) 
 GEOMETRIC_REPRESENTATION_ITEM ( )  RATIONAL_B_SPLINE_SURFACE ( (
 ( 1.000000000000000000, 0.8047378541231862137, 0.8047378541231862137, 1.000000000000000000),
 ( 0.8047378541243066508, 0.6476030138596922114, 0.6476030138596922114, 0.8047378541243066508),
 ( 0.8047378541243066508, 0.6476030138596922114, 0.6476030138596922114, 0.8047378541243066508),
 ( 1.000000000000000000, 0.8047378541231862137, 0.8047378541231862137, 1.000000000000000000) ) ) 
 REPRESENTATION_ITEM ( '' )  SURFACE ( )  );
#663 = DIRECTION ( 'NONE',  ( -0.000000000000000000, -1.000000000000000000, -0.000000000000000000 ) ) ;
#664 = EDGE_CURVE ( 'NONE', #790, #2395, #2439, .T. ) ;
#665 = AXIS2_PLACEMENT_3D ( 'NONE', #901, #136, #1621 ) ;
#666 = CARTESIAN_POINT ( 'NONE',  ( -0.04913387320413386411, 0.01496062992125984405, 0.06551182672968504372 ) ) ;
#667 =( CONVERSION_BASED_UNIT ( 'INCH', #1381 ) LENGTH_UNIT ( ) NAMED_UNIT ( #1571 ) );
#668 = VERTEX_POINT ( 'NONE', #682 ) ;
#669 = LINE ( 'NONE', #228, #238 ) ;
#670 = CARTESIAN_POINT ( 'NONE',  ( -0.04724410942460630092, 0.01181102362204661596, -0.04921258271913385440 ) ) ;
#671 = FACE_OUTER_BOUND ( 'NONE', #2758, .T. ) ;
#672 = VERTEX_POINT ( 'NONE', #1177 ) ;
#673 = VERTEX_POINT ( 'NONE', #982 ) ;
#674 = CARTESIAN_POINT ( 'NONE',  ( -0.04119870034611719523, 0.03858267716535550979, -0.05374312443242566101 ) ) ;
#675 = CARTESIAN_POINT ( 'NONE',  ( -1.493641733477730790E-08, 0.0007874015748031495954, -0.03161415752227953596 ) ) ;
#676 =( CONVERSION_BASED_UNIT ( 'INCH', #2900 ) LENGTH_UNIT ( ) NAMED_UNIT ( #2986 ) );
#677 = ORIENTED_EDGE ( 'NONE', *, *, #1313, .F. ) ;
#678 = DIRECTION ( 'NONE',  ( 1.000000000000000000, 0.000000000000000000, 0.000000000000000000 ) ) ;
#679 = EDGE_CURVE ( 'NONE', #207, #2474, #1211, .T. ) ;
#680 = ADVANCED_FACE ( 'NONE', ( #1243 ), #458, .F. ) ;
#681 = ORIENTED_EDGE ( 'NONE', *, *, #462, .T. ) ;
#682 = CARTESIAN_POINT ( 'NONE',  ( 0.02362203230766930784, 0.0003937007874015454158, -0.01106297641991732354 ) ) ;
#683 = DIRECTION ( 'NONE',  ( 0.000000000000000000, 0.000000000000000000, -1.000000000000000000 ) ) ;
#684 = EDGE_CURVE ( 'NONE', #2496, #2922, #1682, .T. ) ;
#685 = DIRECTION ( 'NONE',  ( 0.000000000000000000, 0.000000000000000000, 1.000000000000000000 ) ) ;
#686 = AXIS2_PLACEMENT_3D ( 'NONE', #1060, #598, #1341 ) ;
#687 =( NAMED_UNIT ( * ) SI_UNIT ( $, .STERADIAN. ) SOLID_ANGLE_UNIT ( ) );
#688 = DIRECTION ( 'NONE',  ( -1.000000000000000000, -0.000000000000000000, -0.000000000000000000 ) ) ;
#689 = VECTOR ( 'NONE', #2184, 39.37007874015748143 ) ;
#690 = EDGE_LOOP ( 'NONE', ( #16, #1438 ) ) ;
#691 = AXIS2_PLACEMENT_3D ( 'NONE', #361, #121, #1388 ) ;
#692 = ORIENTED_EDGE ( 'NONE', *, *, #502, .F. ) ;
#693 = LINE ( 'NONE', #189, #73 ) ;
#694 = EDGE_LOOP ( 'NONE', ( #908, #861, #2169, #1869 ) ) ;
#695 = UNCERTAINTY_MEASURE_WITH_UNIT (LENGTH_MEASURE( 1.000000000000000082E-05 ), #421, 'distance_accuracy_value', 'NONE');
#696 = LENGTH_MEASURE_WITH_UNIT ( LENGTH_MEASURE( 0.02539999999999999897 ), #2019 );
#697 = ORIENTED_EDGE ( 'NONE', *, *, #2580, .F. ) ;
#698 = PLANE ( 'NONE',  #341 ) ;
#699 = EDGE_CURVE ( 'NONE', #3098, #2410, #2654, .T. ) ;
#700 = CARTESIAN_POINT ( 'NONE',  ( 0.03543305592971654483, 0.02874015748031496023, -0.04921258271913072496 ) ) ;
#701 = DIRECTION ( 'NONE',  ( 1.000000000000000000, 0.000000000000000000, 0.000000000000000000 ) ) ;
#702 = B_SPLINE_CURVE_WITH_KNOTS ( 'NONE', 3,
 ( #2240, #1316, #2055, #770 ),
 .UNSPECIFIED., .F., .F.,
 ( 4, 4 ),
 ( 0.000000000000000000, 1.000000000000000000 ),
 .UNSPECIFIED. ) ;
#703 = AXIS2_PLACEMENT_3D ( 'NONE', #2813, #608, #1387 ) ;
#704 = ADVANCED_FACE ( 'NONE', ( #733 ), #698, .F. ) ;
#705 = DIRECTION ( 'NONE',  ( -0.000000000000000000, -1.000000000000000000, -0.000000000000000000 ) ) ;
#706 = CARTESIAN_POINT ( 'NONE',  ( 0.03346455199269542102, 0.02874015748031496023, -0.05118108665614001102 ) ) ;
#707 = VECTOR ( 'NONE', #3119, 39.37007874015748143 ) ;
#708 = ORIENTED_EDGE ( 'NONE', *, *, #1611, .T. ) ;
#709 = CYLINDRICAL_SURFACE ( 'NONE', #2049, 0.009842519685047224770 ) ;
#710 = AXIS2_PLACEMENT_3D ( 'NONE', #863, #837, #1591 ) ;
#711 = SURFACE_STYLE_FILL_AREA ( #466 ) ;
#712 = CARTESIAN_POINT ( 'NONE',  ( -0.03346458186555693187, 0.02874015748031496023, -0.05118108665614172492 ) ) ;
#713 = VERTEX_POINT ( 'NONE', #963 ) ;
#714 = LINE ( 'NONE', #912, #1276 ) ;
#715 = VECTOR ( 'NONE', #1899, 39.37007874015748143 ) ;
#716 = ORIENTED_EDGE ( 'NONE', *, *, #2972, .T. ) ;
#717 = CARTESIAN_POINT ( 'NONE',  ( -0.04913387320413386411, 0.000000000000000000, 0.06241930704464566937 ) ) ;
#718 = AXIS2_PLACEMENT_3D ( 'NONE', #1071, #2767, #1054 ) ;
#719 = CARTESIAN_POINT ( 'NONE',  ( -1.493641733477730790E-08, 0.0007874015748031495954, -0.03161415752227953596 ) ) ;
#720 = FACE_OUTER_BOUND ( 'NONE', #1471, .T. ) ;
#721 = CARTESIAN_POINT ( 'NONE',  ( -0.04913387320413386411, 0.000000000000000000, 0.06241930704464566937 ) ) ;
#722 = DIRECTION ( 'NONE',  ( 1.000000000000000000, -0.000000000000000000, -0.000000000000000000 ) ) ;
#723 = EDGE_CURVE ( 'NONE', #1175, #1773, #2210, .T. ) ;
#724 = VERTEX_POINT ( 'NONE', #2684 ) ;
#725 = EDGE_CURVE ( 'NONE', #1319, #1493, #472, .T. ) ;
#726 = ORIENTED_EDGE ( 'NONE', *, *, #1530, .T. ) ;
#727 = LINE ( 'NONE', #2002, #1944 ) ;
#728 = FILL_AREA_STYLE_COLOUR ( '', #379 ) ;
#729 = FILL_AREA_STYLE_COLOUR ( '', #1650 ) ;
#730 = ORIENTED_EDGE ( 'NONE', *, *, #846, .T. ) ;
#731 = CYLINDRICAL_SURFACE ( 'NONE', #2450, 0.009842519685039361269 ) ;
#732 = ORIENTED_EDGE ( 'NONE', *, *, #523, .F. ) ;
#733 = FACE_OUTER_BOUND ( 'NONE', #890, .T. ) ;
#734 = FACE_OUTER_BOUND ( 'NONE', #1015, .T. ) ;
#735 = FACE_OUTER_BOUND ( 'NONE', #2901, .T. ) ;
#736 = PLANE ( 'NONE',  #2623 ) ;
#737 = CARTESIAN_POINT ( 'NONE',  ( 0.03346455199270867431, 0.01181102362204661596, 0.06299214169031495947 ) ) ;
#738 = EDGE_LOOP ( 'NONE', ( #1026, #64, #1839, #380 ) ) ;
#739 = DIRECTION ( 'NONE',  ( 0.000000000000000000, 0.000000000000000000, -1.000000000000000000 ) ) ;
#740 = AXIS2_PLACEMENT_3D ( 'NONE', #257, #2449, #2968 ) ;
#741 = EDGE_CURVE ( 'NONE', #1407, #2586, #441, .T. ) ;
#742 = LENGTH_MEASURE_WITH_UNIT ( LENGTH_MEASURE( 0.02539999999999999897 ), #2935 );
#743 = AXIS2_PLACEMENT_3D ( 'NONE', #2316, #1306, #1825 ) ;
#744 = EDGE_LOOP ( 'NONE', ( #2709, #2961, #235, #2587 ) ) ;
#745 = EDGE_CURVE ( 'NONE', #387, #2343, #2452, .T. ) ;
#746 = CARTESIAN_POINT ( 'NONE',  ( -0.03543308580256693263, 0.02874015748031496023, -0.04921258271913376420 ) ) ;
#747 = VECTOR ( 'NONE', #2862, 39.37007874015748143 ) ;
#748 = VERTEX_POINT ( 'NONE', #6 ) ;
#749 = DIRECTION ( 'NONE',  ( -0.000000000000000000, -0.000000000000000000, 1.000000000000000000 ) ) ;
#750 = DIRECTION ( 'NONE',  ( 0.000000000000000000, 0.000000000000000000, -1.000000000000000000 ) ) ;
#751 = ORIENTED_EDGE ( 'NONE', *, *, #2207, .T. ) ;
#752 = FACE_OUTER_BOUND ( 'NONE', #1259, .T. ) ;
#753 = SURFACE_SIDE_STYLE ('',( #1750 ) ) ;
#754 = DIRECTION ( 'NONE',  ( 0.000000000000000000, 0.000000000000000000, -1.000000000000000000 ) ) ;
#755 = ORIENTED_EDGE ( 'NONE', *, *, #664, .F. ) ;
#756 = AXIS2_PLACEMENT_3D ( 'NONE', #2800, #345, #3120 ) ;
#757 = ORIENTED_EDGE ( 'NONE', *, *, #989, .T. ) ;
#758 = DIRECTION ( 'NONE',  ( -0.000000000000000000, -1.000000000000000000, -0.000000000000000000 ) ) ;
#759 = SURFACE_STYLE_USAGE ( .BOTH. , #1709 ) ;
#760 = COLOUR_RGB ( '',1.000000000000000000, 1.000000000000000000, 0.5294117647058823595 ) ;
#761 = ORIENTED_EDGE ( 'NONE', *, *, #3148, .F. ) ;
#762 = VECTOR ( 'NONE', #2940, 39.37007874015748143 ) ;
#763 = DIRECTION ( 'NONE',  ( -1.000000000000000000, 0.000000000000000000, 0.000000000000000000 ) ) ;
#764 = DIMENSIONAL_EXPONENTS ( 1.000000000000000000, 0.000000000000000000, 0.000000000000000000, 0.000000000000000000, 0.000000000000000000, 0.000000000000000000, 0.000000000000000000 ) ;
#765 = ORIENTED_EDGE ( 'NONE', *, *, #3090, .T. ) ;
#766 = EDGE_CURVE ( 'NONE', #2688, #387, #2163, .T. ) ;
#767 = DIRECTION ( 'NONE',  ( -0.000000000000000000, 1.000000000000000000, -0.000000000000000000 ) ) ;
#768 = ORIENTED_EDGE ( 'NONE', *, *, #1330, .F. ) ;
#769 = STYLED_ITEM ( 'NONE', ( #561 ), #2729 ) ;
#770 = CARTESIAN_POINT ( 'NONE',  ( -0.03543308580256115253, 0.03858267716535433017, -0.04921258271913378501 ) ) ;
#771 = CARTESIAN_POINT ( 'NONE',  ( 0.04724407955177091500, 0.0003937007874015747977, -0.04342518114433070037 ) ) ;
#772 = CARTESIAN_POINT ( 'NONE',  ( -1.493642629438502267E-08, 0.0009842519685038257551, 0.02795277161157874377 ) ) ;
#773 = ORIENTED_EDGE ( 'NONE', *, *, #3009, .T. ) ;
#774 = DIRECTION ( 'NONE',  ( -1.000000000000000000, 0.000000000000000000, 0.000000000000000000 ) ) ;
#775 = CARTESIAN_POINT ( 'NONE',  ( 0.03543305592973279572, 0.03858267716535433017, 0.04921261413125792988 ) ) ;
#776 = SURFACE_STYLE_USAGE ( .BOTH. , #2033 ) ;
#777 = VECTOR ( 'NONE', #2091, 39.37007874015748143 ) ;
#778 = ORIENTED_EDGE ( 'NONE', *, *, #1514, .F. ) ;
#779 = CARTESIAN_POINT ( 'NONE',  ( 0.04330707167775588173, 0.01102362204724363637, 0.04921261413126272466 ) ) ;
#780 = ORIENTED_EDGE ( 'NONE', *, *, #1029, .F. ) ;
#781 = LINE ( 'NONE', #323, #918 ) ;
#782 = EDGE_CURVE ( 'NONE', #2140, #1894, #2713, .T. ) ;
#783 = EDGE_CURVE ( 'NONE', #2395, #3, #2668, .T. ) ;
#784 = ORIENTED_EDGE ( 'NONE', *, *, #1882, .F. ) ;
#785 = DIMENSIONAL_EXPONENTS ( 1.000000000000000000, 0.000000000000000000, 0.000000000000000000, 0.000000000000000000, 0.000000000000000000, 0.000000000000000000, 0.000000000000000000 ) ;
#786 = DIRECTION ( 'NONE',  ( -0.000000000000000000, -1.000000000000000000, -0.000000000000000000 ) ) ;
#787 = CARTESIAN_POINT ( 'NONE',  ( 0.03346455199269873781, 0.03858267716535433017, -0.05118108665614010816 ) ) ;
#788 = EDGE_CURVE ( 'NONE', #2974, #2359, #1980, .T. ) ;
#789 = CARTESIAN_POINT ( 'NONE',  ( 0.03346455199270867431, 0.01181102362204598626, 0.04921261413125983808 ) ) ;
#790 = VERTEX_POINT ( 'NONE', #1429 ) ;
#791 = CARTESIAN_POINT ( 'NONE',  ( 0.04724407955177165053, 0.0006062094298606300787, -0.04301415752228347766 ) ) ;
#792 =( LENGTH_UNIT ( ) NAMED_UNIT ( * ) SI_UNIT ( $, .METRE. ) );
#793 = APPLICATION_PROTOCOL_DEFINITION ( 'draft international standard', 'automotive_design', 1998, #112 ) ;
#794 = VECTOR ( 'NONE', #1121, 39.37007874015748143 ) ;
#795 = ORIENTED_EDGE ( 'NONE', *, *, #833, .T. ) ;
#796 = CARTESIAN_POINT ( 'NONE',  ( -1.493641733477730790E-08, 0.0003937007874015747977, -0.04342518114433070037 ) ) ;
#797 = VECTOR ( 'NONE', #610, 39.37007874015748143 ) ;
#798 = ORIENTED_EDGE ( 'NONE', *, *, #1122, .F. ) ;
#799 = FILL_AREA_STYLE ('',( #1063 ) ) ;
#800 = STYLED_ITEM ( 'NONE', ( #1209 ), #1861 ) ;
#801 = CARTESIAN_POINT ( 'NONE',  ( -0.04724410942460638418, 0.0003937007874015747977, -0.06397636224669291105 ) ) ;
#802 = ORIENTED_EDGE ( 'NONE', *, *, #2192, .T. ) ;
#803 = CIRCLE ( 'NONE', #530, 0.01181102362204329743 ) ;
#804 = CARTESIAN_POINT ( 'NONE',  ( -0.02456694407028347377, 0.03838188976377952810, 0.03937009444622046467 ) ) ;
#805 = EDGE_CURVE ( 'NONE', #2410, #1765, #1943, .T. ) ;
#806 = DIRECTION ( 'NONE',  ( 0.000000000000000000, 0.000000000000000000, 1.000000000000000000 ) ) ;
#807 = FILL_AREA_STYLE ('',( #2294 ) ) ;
#808 = LINE ( 'NONE', #1804, #864 ) ;
#809 = EDGE_CURVE ( 'NONE', #2183, #3062, #1927, .T. ) ;
#810 = UNCERTAINTY_MEASURE_WITH_UNIT (LENGTH_MEASURE( 1.000000000000000082E-05 ), #1945, 'distance_accuracy_value', 'NONE');
#811 = ORIENTED_EDGE ( 'NONE', *, *, #1266, .F. ) ;
#812 = DIRECTION ( 'NONE',  ( -0.000000000000000000, -1.000000000000000000, -0.000000000000000000 ) ) ;
#813 = CYLINDRICAL_SURFACE ( 'NONE', #1198, 0.003937007874014649030 ) ;
#814 = VECTOR ( 'NONE', #655, 39.37007874015748143 ) ;
#815 = EDGE_LOOP ( 'NONE', ( #1610, #2287, #2037, #2443 ) ) ;
#816 = AXIS2_PLACEMENT_3D ( 'NONE', #2129, #3058, #1895 ) ;
#817 = DIRECTION ( 'NONE',  ( 0.000000000000000000, 0.000000000000000000, -1.000000000000000000 ) ) ;
#818 = VECTOR ( 'NONE', #1579, 39.37007874015748143 ) ;
#819 = ORIENTED_EDGE ( 'NONE', *, *, #2544, .T. ) ;
#820 = AXIS2_PLACEMENT_3D ( 'NONE', #712, #1205, #2187 ) ;
#821 = AXIS2_PLACEMENT_3D ( 'NONE', #2333, #3054, #1631 ) ;
#822 = CARTESIAN_POINT ( 'NONE',  ( -0.03346458186555976988, 0.01181102362204661596, -0.06299211027818897579 ) ) ;
#823 = ORIENTED_EDGE ( 'NONE', *, *, #1703, .T. ) ;
#824 = CARTESIAN_POINT ( 'NONE',  ( -0.02456694407028347377, 0.03838582677165354451, 0.04094489759582677080 ) ) ;
#825 = CARTESIAN_POINT ( 'NONE',  ( 0.04724407955177165053, 0.0009842519685039124912, 0.02891733854071062634 ) ) ;
#826 = VECTOR ( 'NONE', #1216, 39.37007874015748143 ) ;
#827 = PLANE ( 'NONE',  #290 ) ;
#828 = ORIENTED_EDGE ( 'NONE', *, *, #267, .T. ) ;
#829 = PRESENTATION_LAYER_ASSIGNMENT (  '', '', ( #406 ) ) ;
#830 = DIRECTION ( 'NONE',  ( 1.000000000000000000, -0.000000000000000000, -0.000000000000000000 ) ) ;
#831 = SURFACE_STYLE_USAGE ( .BOTH. , #860 ) ;
#832 = EDGE_CURVE ( 'NONE', #2389, #1544, #1561, .T. ) ;
#833 = EDGE_CURVE ( 'NONE', #2383, #40, #2727, .T. ) ;
#834 = ORIENTED_EDGE ( 'NONE', *, *, #1882, .T. ) ;
#835 = DIRECTION ( 'NONE',  ( 1.000000000000000000, 0.000000000000000000, 0.000000000000000000 ) ) ;
#836 = ORIENTED_EDGE ( 'NONE', *, *, #111, .F. ) ;
#837 = DIRECTION ( 'NONE',  ( -1.000000000000000000, 0.000000000000000000, 0.000000000000000000 ) ) ;
#838 = SURFACE_STYLE_FILL_AREA ( #3041 ) ;
#839 = EDGE_LOOP ( 'NONE', ( #597, #5, #3147, #194 ) ) ;
#840 = LINE ( 'NONE', #2517, #1809 ) ;
#841 = CARTESIAN_POINT ( 'NONE',  ( 0.01181100868562205003, 0.0003937007874015747977, -0.06397636224669291105 ) ) ;
#842 = LINE ( 'NONE', #1335, #1905 ) ;
#843 = ORIENTED_EDGE ( 'NONE', *, *, #2690, .T. ) ;
#844 = CARTESIAN_POINT ( 'NONE',  ( -1.493642629046760117E-08, 0.0009842519685038257551, 0.05994096058795560233 ) ) ;
#845 = ORIENTED_EDGE ( 'NONE', *, *, #1842, .F. ) ;
#846 = EDGE_CURVE ( 'NONE', #399, #2789, #1312, .T. ) ;
#847 = DIRECTION ( 'NONE',  ( -1.000000000000000000, 0.000000000000000000, 0.000000000000000000 ) ) ;
#848 = CARTESIAN_POINT ( 'NONE',  ( 0.03346455199269272873, 0.02874015748031453002, -0.06102360634117937055 ) ) ;
#849 = ORIENTED_EDGE ( 'NONE', *, *, #1143, .F. ) ;
#850 = EDGE_CURVE ( 'NONE', #564, #2251, #781, .T. ) ;
#851 = CARTESIAN_POINT ( 'NONE',  ( 0.03454620182097110914, 0.03858267716535433711, 0.05116777983738313856 ) ) ;
#852 = VERTEX_POINT ( 'NONE', #2532 ) ;
#853 = CARTESIAN_POINT ( 'NONE',  ( 0.02362203230766929049, 0.03838582677165353757, 1.570606299148304935E-08 ) ) ;
#854 = PRESENTATION_LAYER_ASSIGNMENT (  '', '', ( #2903 ) ) ;
#855 = CARTESIAN_POINT ( 'NONE',  ( 0.03543305592971654483, 0.02874015748031496023, 0.04921261413125976175 ) ) ;
#856 = VECTOR ( 'NONE', #1991, 39.37007874015748143 ) ;
#857 = LINE ( 'NONE', #393, #2009 ) ;
#858 = ORIENTED_EDGE ( 'NONE', *, *, #2966, .T. ) ;
#859 = DIRECTION ( 'NONE',  ( 0.000000000000000000, 0.000000000000000000, -1.000000000000000000 ) ) ;
#860 = SURFACE_SIDE_STYLE ('',( #2300 ) ) ;
#861 = ORIENTED_EDGE ( 'NONE', *, *, #2039, .T. ) ;
#862 = CARTESIAN_POINT ( 'NONE',  ( -1.493641733050879455E-08, 0.0007874015748031495954, -0.06889762208921260123 ) ) ;
#863 = CARTESIAN_POINT ( 'NONE',  ( 0.04330707167775590255, 0.01081111340478346436, -0.05118108665614172492 ) ) ;
#864 = VECTOR ( 'NONE', #333, 39.37007874015748143 ) ;
#865 = DIRECTION ( 'NONE',  ( -0.000000000000000000, 1.000000000000000000, -0.000000000000000000 ) ) ;
#866 = EDGE_CURVE ( 'NONE', #2715, #2027, #1510, .T. ) ;
#867 = EDGE_CURVE ( 'NONE', #186, #1084, #1048, .T. ) ;
#868 = EDGE_LOOP ( 'NONE', ( #1066, #2205, #3084, #1442, #616, #2135 ) ) ;
#869 = SURFACE_STYLE_FILL_AREA ( #1849 ) ;
#870 = VECTOR ( 'NONE', #1082, 39.37007874015748143 ) ;
#871 = PLANE ( 'NONE',  #1659 ) ;
#872 = FACE_OUTER_BOUND ( 'NONE', #2796, .T. ) ;
#873 = VERTEX_POINT ( 'NONE', #2989 ) ;
#874 = CARTESIAN_POINT ( 'NONE',  ( -1.493642629518536954E-08, 0.007874015748032881998, 0.02795277161157874377 ) ) ;
#875 = LINE ( 'NONE', #2846, #2980 ) ;
#876 = AXIS2_PLACEMENT_3D ( 'NONE', #2567, #282, #2750 ) ;
#877 = ORIENTED_EDGE ( 'NONE', *, *, #382, .T. ) ;
#878 = DIRECTION ( 'NONE',  ( -1.000000000000000000, 0.000000000000000000, 0.000000000000000000 ) ) ;
#879 = CARTESIAN_POINT ( 'NONE',  ( -0.03346458186555905517, 0.01181102362204816160, 0.04921261413125983808 ) ) ;
#880 = FACE_OUTER_BOUND ( 'NONE', #1504, .T. ) ;
#881 = CARTESIAN_POINT ( 'NONE',  ( -0.04724410942460633561, 0.0003937007874015747977, -0.01106297641991732528 ) ) ;
#882 = DIRECTION ( 'NONE',  ( -0.000000000000000000, 1.000000000000000000, -0.000000000000000000 ) ) ;
#883 = ORIENTED_EDGE ( 'NONE', *, *, #2509, .F. ) ;
#884 = CARTESIAN_POINT ( 'NONE',  ( -0.03346458186555905517, 0.01181102362204598626, -0.04921258271913385440 ) ) ;
#885 = EDGE_CURVE ( 'NONE', #2541, #2776, #2742, .T. ) ;
#886 = CARTESIAN_POINT ( 'NONE',  ( -0.03346458186555905517, 0.01102362204724317840, -0.04921258271913385440 ) ) ;
#887 = EDGE_CURVE ( 'NONE', #256, #1832, #2712, .T. ) ;
#888 =( LENGTH_UNIT ( ) NAMED_UNIT ( * ) SI_UNIT ( $, .METRE. ) );
#889 = CARTESIAN_POINT ( 'NONE',  ( -0.01574804643248819622, 0.03838582677165353757, -0.03149604728605905762 ) ) ;
#890 = EDGE_LOOP ( 'NONE', ( #1339, #3113, #677, #1290 ) ) ;
#891 = EDGE_LOOP ( 'NONE', ( #2482, #1274, #3042, #156 ) ) ;
#892 = PLANE ( 'NONE',  #587 ) ;
#893 = DIRECTION ( 'NONE',  ( 1.000000000000000000, -0.000000000000000000, 0.000000000000000000 ) ) ;
#894 = DIRECTION ( 'NONE',  ( -0.000000000000000000, -1.000000000000000000, -0.000000000000000000 ) ) ;
#895 = DIRECTION ( 'NONE',  ( -1.000000000000000000, 0.000000000000000000, 0.000000000000000000 ) ) ;
#896 = CARTESIAN_POINT ( 'NONE',  ( -1.493642629518536954E-08, 0.007874015748032881998, 0.02795277161157874377 ) ) ;
#897 = ORIENTED_EDGE ( 'NONE', *, *, #1702, .F. ) ;
#898 = CARTESIAN_POINT ( 'NONE',  ( 0.04913384333129920678, 0.001196760610962992275, -0.006141716577397636836 ) ) ;
#899 = AXIS2_PLACEMENT_3D ( 'NONE', #2126, #401, #910 ) ;
#900 = PRESENTATION_LAYER_ASSIGNMENT (  '', '', ( #2297 ) ) ;
#901 = CARTESIAN_POINT ( 'NONE',  ( -0.01574804643248819622, 0.03858267716535432323, -0.03149604728605905762 ) ) ;
#902 = DIRECTION ( 'NONE',  ( 0.000000000000000000, 0.000000000000000000, 1.000000000000000000 ) ) ;
#903 = DIRECTION ( 'NONE',  ( -0.000000000000000000, -1.000000000000000000, -0.000000000000000000 ) ) ;
#904 = AXIS2_PLACEMENT_3D ( 'NONE', #2278, #2260, #368 ) ;
#905 = DIRECTION ( 'NONE',  ( 0.000000000000000000, -1.000000000000000000, 0.000000000000000000 ) ) ;
#906 = EDGE_CURVE ( 'NONE', #375, #577, #1257, .T. ) ;
#907 = EDGE_LOOP ( 'NONE', ( #438, #2031, #1933, #1712 ) ) ;
#908 = ORIENTED_EDGE ( 'NONE', *, *, #2503, .F. ) ;
#909 = DIRECTION ( 'NONE',  ( -0.000000000000000000, 1.000000000000000000, 0.000000000000000000 ) ) ;
#910 = DIRECTION ( 'NONE',  ( 0.000000000000000000, 0.000000000000000000, 1.000000000000000000 ) ) ;
#911 = CARTESIAN_POINT ( 'NONE',  ( -1.493641733050879455E-08, 0.0009842519685039369942, 0.06397639365881889473 ) ) ;
#912 = CARTESIAN_POINT ( 'NONE',  ( -0.02362206218051969217, 0.0007874015748031497038, -0.03998029925456496325 ) ) ;
#913 = EDGE_LOOP ( 'NONE', ( #1557, #2993, #2604, #1679 ) ) ;
#914 = VECTOR ( 'NONE', #1996, 39.37007874015748143 ) ;
#915 = LINE ( 'NONE', #1365, #1025 ) ;
#916 =( GEOMETRIC_REPRESENTATION_CONTEXT ( 3 ) GLOBAL_UNCERTAINTY_ASSIGNED_CONTEXT ( ( #2189 ) ) GLOBAL_UNIT_ASSIGNED_CONTEXT ( ( #1417, #1348, #2826 ) ) REPRESENTATION_CONTEXT ( 'NONE', 'WORKASPACE' ) );
#917 = LINE ( 'NONE', #3078, #2107 ) ;
#918 = VECTOR ( 'NONE', #259, 39.37007874015748143 ) ;
#919 = DIRECTION ( 'NONE',  ( 0.000000000000000000, 1.000000000000000000, 0.000000000000000000 ) ) ;
#920 = CARTESIAN_POINT ( 'NONE',  ( -0.05216536926712602579, 0.0003937007874015747977, -0.03161415752228050741 ) ) ;
#921 = EDGE_LOOP ( 'NONE', ( #773, #1044, #1519, #3182, #2153, #1239, #3104, #2849, #2490, #2136, #307, #757, #2023, #2171, #2238, #2069 ) ) ;
#922 = VERTEX_POINT ( 'NONE', #518 ) ;
#923 = FACE_OUTER_BOUND ( 'NONE', #80, .T. ) ;
#924 = EDGE_CURVE ( 'NONE', #2937, #2208, #83, .T. ) ;
#925 = EDGE_CURVE ( 'NONE', #2858, #2352, #2780, .T. ) ;
#926 = DIRECTION ( 'NONE',  ( 0.000000000000000000, 0.000000000000000000, -1.000000000000000000 ) ) ;
#927 = VECTOR ( 'NONE', #2489, 39.37007874015748143 ) ;
#928 = LINE ( 'NONE', #1462, #3025 ) ;
#929 = ORIENTED_EDGE ( 'NONE', *, *, #941, .F. ) ;
#930 = ADVANCED_FACE ( 'NONE', ( #67, #555 ), #1278, .T. ) ;
#931 = CARTESIAN_POINT ( 'NONE',  ( -1.493641733477730790E-08, 0.0003937007874015747977, -0.06397636224669291105 ) ) ;
#932 = ORIENTED_EDGE ( 'NONE', *, *, #684, .T. ) ;
#933 = CARTESIAN_POINT ( 'NONE',  ( -0.05216536926712598415, 0.0003937007874015747977, 1.570606300002007275E-08 ) ) ;
#934 = DIRECTION ( 'NONE',  ( 1.000000000000000000, -0.000000000000000000, -0.000000000000000000 ) ) ;
#935 = DIRECTION ( 'NONE',  ( 0.000000000000000000, 0.000000000000000000, 1.000000000000000000 ) ) ;
#936 = CARTESIAN_POINT ( 'NONE',  ( -0.04527560548759843040, 0.01468503937007874065, -0.05118108665614172492 ) ) ;
#937 = ORIENTED_EDGE ( 'NONE', *, *, #783, .F. ) ;
#938 = EDGE_LOOP ( 'NONE', ( #2232, #2421, #2077, #1550 ) ) ;
#939 = CARTESIAN_POINT ( 'NONE',  ( -0.04038331931716131890, 0.02874015748031394368, -0.06102360634189466643 ) ) ;
#940 = CARTESIAN_POINT ( 'NONE',  ( -0.03543308580256693263, 0.03858267716535433711, 1.570606299575155940E-08 ) ) ;
#941 = EDGE_CURVE ( 'NONE', #40, #3039, #3102, .T. ) ;
#942 = FACE_OUTER_BOUND ( 'NONE', #494, .T. ) ;
#943 = EDGE_LOOP ( 'NONE', ( #1062, #1770, #545, #828 ) ) ;
#944 = VERTEX_POINT ( 'NONE', #3087 ) ;
#945 = EDGE_CURVE ( 'NONE', #852, #370, #1648, .T. ) ;
#946 = CARTESIAN_POINT ( 'NONE',  ( -1.493641733050879455E-08, 0.01181102362204724567, 0.06299214169031495947 ) ) ;
#947 = CARTESIAN_POINT ( 'NONE',  ( -1.493641732624028120E-08, 0.01102362204724409434, 0.05905513381629921149 ) ) ;
#948 = CARTESIAN_POINT ( 'NONE',  ( -0.03346458186555905517, 0.01496062992125985272, -0.04921258271913385440 ) ) ;
#949 = COLOUR_RGB ( '',0.2352941176470588203, 0.2352941176470588203, 0.2352941176470588203 ) ;
#950 = DIRECTION ( 'NONE',  ( 0.000000000000000000, 0.000000000000000000, -1.000000000000000000 ) ) ;
#951 = DIRECTION ( 'NONE',  ( -0.000000000000000000, -0.000000000000000000, 1.000000000000000000 ) ) ;
#952 = AXIS2_PLACEMENT_3D ( 'NONE', #2756, #596, #2265 ) ;
#953 = EDGE_LOOP ( 'NONE', ( #1400, #2034, #1690, #1911 ) ) ;
#954 = AXIS2_PLACEMENT_3D ( 'NONE', #874, #2406, #859 ) ;
#955 = ORIENTED_EDGE ( 'NONE', *, *, #2330, .T. ) ;
#956 = LINE ( 'NONE', #2677, #3112 ) ;
#957 = LINE ( 'NONE', #976, #3168 ) ;
#958 = AXIS2_PLACEMENT_3D ( 'NONE', #65, #2529, #1559 ) ;
#959 = LINE ( 'NONE', #911, #2615 ) ;
#960 = ORIENTED_EDGE ( 'NONE', *, *, #2992, .F. ) ;
#961 = UNCERTAINTY_MEASURE_WITH_UNIT (LENGTH_MEASURE( 1.000000000000000082E-05 ), #676, 'distance_accuracy_value', 'NONE');
#962 = ORIENTED_EDGE ( 'NONE', *, *, #1606, .F. ) ;
#963 = CARTESIAN_POINT ( 'NONE',  ( -0.04330710155059055988, 0.01102362204724363463, 0.04921261413125983808 ) ) ;
#964 = EDGE_CURVE ( 'NONE', #416, #2541, #2420, .T. ) ;
#965 = LINE ( 'NONE', #1964, #352 ) ;
#966 = ADVANCED_FACE ( 'NONE', ( #2600 ), #1445, .F. ) ;
#967 = DIRECTION ( 'NONE',  ( -0.000000000000000000, -0.000000000000000000, -1.000000000000000000 ) ) ;
#968 = CARTESIAN_POINT ( 'NONE',  ( 0.01181100868562992394, 0.005708661417322834566, -0.06889762208921260123 ) ) ;
#969 = DIRECTION ( 'NONE',  ( -1.000000000000000000, -0.000000000000000000, 2.838389245862771304E-13 ) ) ;
#970 = AXIS2_PLACEMENT_3D ( 'NONE', #2334, #114, #1112 ) ;
#971 = CIRCLE ( 'NONE', #1602, 0.01377952755905511271 ) ;
#972 = ORIENTED_EDGE ( 'NONE', *, *, #2250, .F. ) ;
#973 = ORIENTED_EDGE ( 'NONE', *, *, #1984, .F. ) ;
#974 = LINE ( 'NONE', #2704, #2594 ) ;
#975 = VECTOR ( 'NONE', #2936, 39.37007874015748143 ) ;
#976 = CARTESIAN_POINT ( 'NONE',  ( -0.03346458186556048459, 0.01338582677165354486, -0.06299211027818896191 ) ) ;
#977 = LINE ( 'NONE', #2650, #1966 ) ;
#978 = ORIENTED_EDGE ( 'NONE', *, *, #1496, .T. ) ;
#979 = DIRECTION ( 'NONE',  ( 1.000000000000000000, 0.000000000000000000, 0.000000000000000000 ) ) ;
#980 = AXIS2_PLACEMENT_3D ( 'NONE', #855, #1532, #3044 ) ;
#981 = ORIENTED_EDGE ( 'NONE', *, *, #1431, .T. ) ;
#982 = CARTESIAN_POINT ( 'NONE',  ( -0.03346458186555905517, 0.01496062992125985272, -0.06102360634118108446 ) ) ;
#983 = CIRCLE ( 'NONE', #2778, 0.009842519685039378616 ) ;
#984 = PLANE ( 'NONE',  #1355 ) ;
#985 = CARTESIAN_POINT ( 'NONE',  ( -1.493642629438502267E-08, 0.001968503937007746053, 0.02795277161157874377 ) ) ;
#986 = EDGE_CURVE ( 'NONE', #2352, #2541, #2218, .T. ) ;
#987 = CARTESIAN_POINT ( 'NONE',  ( 0.01181100868562204829, 3.334775382890946312E-20, -0.05616140161677166814 ) ) ;
#988 = CARTESIAN_POINT ( 'NONE',  ( -1.493642629518536954E-08, 0.007874015748032881998, 0.02795277161157874377 ) ) ;
#989 = EDGE_CURVE ( 'NONE', #2527, #2737, #404, .T. ) ;
#990 = ORIENTED_EDGE ( 'NONE', *, *, #3035, .T. ) ;
#991 = CARTESIAN_POINT ( 'NONE',  ( 0.02362203230766929396, 0.0007874015748031497038, -0.03998029925456496325 ) ) ;
#992 = CARTESIAN_POINT ( 'NONE',  ( 0.03458392229914881294, 0.03858267716535433711, -0.05116728327983866009 ) ) ;
#993 = ORIENTED_EDGE ( 'NONE', *, *, #1803, .T. ) ;
#994 = DIRECTION ( 'NONE',  ( -1.000000000000000000, -0.000000000000000000, -0.000000000000000000 ) ) ;
#995 = DIMENSIONAL_EXPONENTS ( 1.000000000000000000, 0.000000000000000000, 0.000000000000000000, 0.000000000000000000, 0.000000000000000000, 0.000000000000000000, 0.000000000000000000 ) ;
#996 = EDGE_LOOP ( 'NONE', ( #1149, #1681, #1354, #515 ) ) ;
#997 = CARTESIAN_POINT ( 'NONE',  ( -1.493642629438502267E-08, 0.001968503937007746053, 0.02795277161157874377 ) ) ;
#998 = LINE ( 'NONE', #3153, #1762 ) ;
#999 = ORIENTED_EDGE ( 'NONE', *, *, #1007, .T. ) ;
#1000 = DIRECTION ( 'NONE',  ( 1.000000000000000000, -0.000000000000000000, -0.000000000000000000 ) ) ;
#1001 =( NAMED_UNIT ( * ) PLANE_ANGLE_UNIT ( ) SI_UNIT ( $, .RADIAN. ) );
#1002 = DIRECTION ( 'NONE',  ( 1.000000000000000000, -0.000000000000000000, -0.000000000000000000 ) ) ;
#1003 = ORIENTED_EDGE ( 'NONE', *, *, #2638, .F. ) ;
#1004 = PLANE ( 'NONE',  #2501 ) ;
#1005 = AXIS2_PLACEMENT_3D ( 'NONE', #1973, #2202, #1988 ) ;
#1006 = CARTESIAN_POINT ( 'NONE',  ( 0.03346455199269786351, 0.03450577202388756259, 0.06102363775332560192 ) ) ;
#1007 = EDGE_CURVE ( 'NONE', #672, #1382, #353, .T. ) ;
#1008 = CIRCLE ( 'NONE', #2599, 0.009842519685039361269 ) ;
#1009 = ORIENTED_EDGE ( 'NONE', *, *, #1984, .T. ) ;
#1010 = CARTESIAN_POINT ( 'NONE',  ( 0.02362203230766929049, 0.03848425196850394081, 0.03937009444622046467 ) ) ;
#1011 = CIRCLE ( 'NONE', #954, 0.003937007874014649030 ) ;
#1012 = VERTEX_POINT ( 'NONE', #2585 ) ;
#1013 = CARTESIAN_POINT ( 'NONE',  ( 0.03346455199270867431, 0.02185039370078740301, 0.06102363775330708895 ) ) ;
#1014 = SURFACE_SIDE_STYLE ('',( #1592 ) ) ;
#1015 = EDGE_LOOP ( 'NONE', ( #143, #334, #177, #266 ) ) ;
#1016 = DIMENSIONAL_EXPONENTS ( 1.000000000000000000, 0.000000000000000000, 0.000000000000000000, 0.000000000000000000, 0.000000000000000000, 0.000000000000000000, 0.000000000000000000 ) ;
#1017 = CARTESIAN_POINT ( 'NONE',  ( 0.01181100868562402068, 0.0003937007874015747977, -0.06889762208921258735 ) ) ;
#1018 = CARTESIAN_POINT ( 'NONE',  ( 0.02362203230766943621, 0.0003937007874015158171, -0.03161415752227953596 ) ) ;
#1019 = CARTESIAN_POINT ( 'NONE',  ( -0.03789371572382283643, 3.334775382890946312E-20, -0.03161415752227953596 ) ) ;
#1020 = ORIENTED_EDGE ( 'NONE', *, *, #150, .T. ) ;
#1021 = EDGE_LOOP ( 'NONE', ( #2247, #1594, #2510, #1104, #732, #1041 ) ) ;
#1022 = SURFACE_STYLE_USAGE ( .BOTH. , #2492 ) ;
#1023 = PRESENTATION_LAYER_ASSIGNMENT (  '', '', ( #2211 ) ) ;
#1024 = DIRECTION ( 'NONE',  ( -1.000000000000000000, 0.000000000000000000, 0.000000000000000000 ) ) ;
#1025 = VECTOR ( 'NONE', #1879, 39.37007874015748143 ) ;
#1026 = ORIENTED_EDGE ( 'NONE', *, *, #1742, .F. ) ;
#1027 = VECTOR ( 'NONE', #3135, 39.37007874015748143 ) ;
#1028 = EDGE_CURVE ( 'NONE', #2051, #187, #2212, .T. ) ;
#1029 = EDGE_CURVE ( 'NONE', #1693, #1627, #160, .T. ) ;
#1030 = CARTESIAN_POINT ( 'NONE',  ( 0.05216533939429133376, 0.0007874015748031495954, 1.570606299575155940E-08 ) ) ;
#1031 = ORIENTED_EDGE ( 'NONE', *, *, #485, .F. ) ;
#1032 = PRESENTATION_STYLE_ASSIGNMENT (( #2038 ) ) ;
#1033 = ADVANCED_FACE ( 'NONE', ( #113 ), #3069, .T. ) ;
#1034 = CARTESIAN_POINT ( 'NONE',  ( -0.02362206218051953951, 0.0003937007874015158171, -0.03161415752227953596 ) ) ;
#1035 = ORIENTED_EDGE ( 'NONE', *, *, #1706, .T. ) ;
#1036 = VECTOR ( 'NONE', #1821, 39.37007874015748143 ) ;
#1037 = PLANE ( 'NONE',  #653 ) ;
#1038 = LINE ( 'NONE', #1767, #1636 ) ;
#1039 =( NAMED_UNIT ( * ) PLANE_ANGLE_UNIT ( ) SI_UNIT ( $, .RADIAN. ) );
#1040 = DIRECTION ( 'NONE',  ( -0.000000000000000000, 1.000000000000000000, 0.000000000000000000 ) ) ;
#1041 = ORIENTED_EDGE ( 'NONE', *, *, #443, .F. ) ;
#1042 = CARTESIAN_POINT ( 'NONE',  ( -0.04724410942460666174, 4.168469228613682889E-21, -0.03161415752227953596 ) ) ;
#1043 = DIRECTION ( 'NONE',  ( 0.000000000000000000, 0.000000000000000000, 1.000000000000000000 ) ) ;
#1044 = ORIENTED_EDGE ( 'NONE', *, *, #2151, .F. ) ;
#1045 = LINE ( 'NONE', #17, #2190 ) ;
#1046 = ADVANCED_FACE ( 'NONE', ( #880 ), #3040, .F. ) ;
#1047 = ORIENTED_EDGE ( 'NONE', *, *, #2405, .T. ) ;
#1048 = LINE ( 'NONE', #2272, #397 ) ;
#1049 = FILL_AREA_STYLE_COLOUR ( '', #1909 ) ;
#1050 = EDGE_CURVE ( 'NONE', #2234, #193, #2821, .T. ) ;
#1051 = ORIENTED_EDGE ( 'NONE', *, *, #1069, .F. ) ;
#1052 = DIRECTION ( 'NONE',  ( 0.000000000000000000, 1.000000000000000000, 0.000000000000000000 ) ) ;
#1053 = CARTESIAN_POINT ( 'NONE',  ( -0.05216536926712599109, 0.0003937007874015748519, 0.06889765350133859878 ) ) ;
#1054 = DIRECTION ( 'NONE',  ( -1.000000000000000000, 0.000000000000000000, 0.000000000000000000 ) ) ;
#1055 = DIRECTION ( 'NONE',  ( 1.000000000000000000, 0.000000000000000000, 0.000000000000000000 ) ) ;
#1056 = VERTEX_POINT ( 'NONE', #338 ) ;
#1057 =( CONVERSION_BASED_UNIT ( 'INCH', #2079 ) LENGTH_UNIT ( ) NAMED_UNIT ( #1268 ) );
#1058 = VECTOR ( 'NONE', #847, 39.37007874015748143 ) ;
#1059 = ORIENTED_EDGE ( 'NONE', *, *, #1517, .F. ) ;
#1060 = CARTESIAN_POINT ( 'NONE',  ( 0.04771652049665353612, 0.0006062094298606300787, -0.06397636224669291105 ) ) ;
#1061 = VECTOR ( 'NONE', #2432, 39.37007874015748143 ) ;
#1062 = ORIENTED_EDGE ( 'NONE', *, *, #887, .T. ) ;
#1063 = FILL_AREA_STYLE_COLOUR ( '', #2161 ) ;
#1064 = AXIS2_PLACEMENT_3D ( 'NONE', #2602, #617, #806 ) ;
#1065 = LINE ( 'NONE', #1346, #1136 ) ;
#1066 = ORIENTED_EDGE ( 'NONE', *, *, #2207, .F. ) ;
#1067 = DIRECTION ( 'NONE',  ( -0.000000000000000000, -0.000000000000000000, 1.000000000000000000 ) ) ;
#1068 = EDGE_CURVE ( 'NONE', #922, #668, #2322, .T. ) ;
#1069 = EDGE_CURVE ( 'NONE', #40, #2737, #1936, .T. ) ;
#1070 = CARTESIAN_POINT ( 'NONE',  ( -0.01181103855847244304, 4.168469228613682889E-21, -0.06397636224669291105 ) ) ;
#1071 = CARTESIAN_POINT ( 'NONE',  ( 0.05425195356751968262, 0.0003937007874015748519, 0.07165355901314961196 ) ) ;
#1072 = CARTESIAN_POINT ( 'NONE',  ( 0.04724407955177165053, 0.0003937007874015748519, 1.570606299148304935E-08 ) ) ;
#1073 = UNCERTAINTY_MEASURE_WITH_UNIT (LENGTH_MEASURE( 1.000000000000000082E-05 ), #622, 'distance_accuracy_value', 'NONE');
#1074 = ORIENTED_EDGE ( 'NONE', *, *, #3170, .T. ) ;
#1075 = CARTESIAN_POINT ( 'NONE',  ( -0.03346458186555905517, 0.01102362204724317667, 0.04921261413125983808 ) ) ;
#1076 = AXIS2_PLACEMENT_3D ( 'NONE', #772, #315, #2263 ) ;
#1077 = ORIENTED_EDGE ( 'NONE', *, *, #1028, .F. ) ;
#1078 = FACE_OUTER_BOUND ( 'NONE', #512, .T. ) ;
#1079 = VECTOR ( 'NONE', #1099, 39.37007874015748143 ) ;
#1080 = ORIENTED_EDGE ( 'NONE', *, *, #2448, .F. ) ;
#1081 = AXIS2_PLACEMENT_3D ( 'NONE', #2127, #894, #599 ) ;
#1082 = DIRECTION ( 'NONE',  ( 0.000000000000000000, 1.000000000000000000, 0.000000000000000000 ) ) ;
#1083 =( GEOMETRIC_REPRESENTATION_CONTEXT ( 3 ) GLOBAL_UNCERTAINTY_ASSIGNED_CONTEXT ( ( #961 ) ) GLOBAL_UNIT_ASSIGNED_CONTEXT ( ( #676, #437, #1664 ) ) REPRESENTATION_CONTEXT ( 'NONE', 'WORKASPACE' ) );
#1084 = VERTEX_POINT ( 'NONE', #2916 ) ;
#1085 = FACE_BOUND ( 'NONE', #258, .T. ) ;
#1086 = FACE_OUTER_BOUND ( 'NONE', #738, .T. ) ;
#1087 = AXIS2_PLACEMENT_3D ( 'NONE', #789, #2550, #332 ) ;
#1088 = EDGE_CURVE ( 'NONE', #535, #496, #1910, .T. ) ;
#1089 = FACE_OUTER_BOUND ( 'NONE', #2912, .T. ) ;
#1090 = ORIENTED_EDGE ( 'NONE', *, *, #3010, .F. ) ;
#1091 = CIRCLE ( 'NONE', #1565, 0.001968503937007883529 ) ;
#1092 = CARTESIAN_POINT ( 'NONE',  ( -0.03346458186555905517, 0.01181102362204598626, 0.04921261413125983808 ) ) ;
#1093 = CARTESIAN_POINT ( 'NONE',  ( -0.04724410942460702950, 0.0003937007874015747977, -0.03161415752227952902 ) ) ;
#1094 = EDGE_CURVE ( 'NONE', #613, #1587, #2446, .T. ) ;
#1095 = VERTEX_POINT ( 'NONE', #3162 ) ;
#1096 = DIRECTION ( 'NONE',  ( 7.052966104933741469E-32, 1.000000000000000000, -1.084202172485505790E-16 ) ) ;
#1097 = DIRECTION ( 'NONE',  ( 0.9995065603657314890, -0.03141075907812799356, -2.784231178942775387E-13 ) ) ;
#1098 = ORIENTED_EDGE ( 'NONE', *, *, #1946, .T. ) ;
#1099 = DIRECTION ( 'NONE',  ( 0.000000000000000000, -1.000000000000000000, 0.000000000000000000 ) ) ;
#1100 = VERTEX_POINT ( 'NONE', #176 ) ;
#1101 = FACE_OUTER_BOUND ( 'NONE', #2264, .T. ) ;
#1102 = CARTESIAN_POINT ( 'NONE',  ( 0.04724407955177165747, 0.000000000000000000, -0.002017700829370082469 ) ) ;
#1103 = VECTOR ( 'NONE', #1553, 39.37007874015748143 ) ;
#1104 = ORIENTED_EDGE ( 'NONE', *, *, #347, .F. ) ;
#1105 =( LENGTH_UNIT ( ) NAMED_UNIT ( * ) SI_UNIT ( $, .METRE. ) );
#1106 = ORIENTED_EDGE ( 'NONE', *, *, #699, .F. ) ;
#1107 = EDGE_CURVE ( 'NONE', #2251, #2933, #1726, .T. ) ;
#1108 = LINE ( 'NONE', #2759, #2897 ) ;
#1109 = CIRCLE ( 'NONE', #1794, 0.009842519685039361269 ) ;
#1110 = CARTESIAN_POINT ( 'NONE',  ( -0.03543308580256693263, 0.02874015748031496023, -0.04921258271913376420 ) ) ;
#1111 = CIRCLE ( 'NONE', #2393, 0.01377952755906297448 ) ;
#1112 = DIRECTION ( 'NONE',  ( 0.000000000000000000, 0.000000000000000000, -1.000000000000000000 ) ) ;
#1113 = ORIENTED_EDGE ( 'NONE', *, *, #126, .F. ) ;
#1114 = LINE ( 'NONE', #853, #707 ) ;
#1115 = DIRECTION ( 'NONE',  ( 0.000000000000000000, -1.000000000000000000, 0.000000000000000000 ) ) ;
#1116 = VERTEX_POINT ( 'NONE', #1711 ) ;
#1117 =( CONVERSION_BASED_UNIT ( 'INCH', #2833 ) LENGTH_UNIT ( ) NAMED_UNIT ( #578 ) );
#1118 = LINE ( 'NONE', #2834, #3185 ) ;
#1119 = ORIENTED_EDGE ( 'NONE', *, *, #3094, .F. ) ;
#1120 = FACE_OUTER_BOUND ( 'NONE', #2094, .T. ) ;
#1121 = DIRECTION ( 'NONE',  ( -1.000000000000000000, 0.000000000000000000, 0.000000000000000000 ) ) ;
#1122 = EDGE_CURVE ( 'NONE', #3, #1715, #977, .T. ) ;
#1123 = VECTOR ( 'NONE', #1115, 39.37007874015748143 ) ;
#1124 =( LENGTH_UNIT ( ) NAMED_UNIT ( * ) SI_UNIT ( $, .METRE. ) );
#1125 = VECTOR ( 'NONE', #2973, 39.37007874015748143 ) ;
#1126 = CIRCLE ( 'NONE', #86, 0.003937007874014649030 ) ;
#1127 = ORIENTED_EDGE ( 'NONE', *, *, #2173, .T. ) ;
#1128 = EDGE_CURVE ( 'NONE', #2586, #47, #556, .T. ) ;
#1129 = VECTOR ( 'NONE', #1692, 39.37007874015748143 ) ;
#1130 = DIRECTION ( 'NONE',  ( 0.000000000000000000, 0.000000000000000000, 1.000000000000000000 ) ) ;
#1131 = CARTESIAN_POINT ( 'NONE',  ( -1.493642520378008181E-08, 0.03838582677165353757, 0.03937009444622046467 ) ) ;
#1132 = FACE_OUTER_BOUND ( 'NONE', #938, .T. ) ;
#1133 = VECTOR ( 'NONE', #3137, 39.37007874015748143 ) ;
#1134 = LINE ( 'NONE', #2591, #2323 ) ;
#1135 = ORIENTED_EDGE ( 'NONE', *, *, #2546, .F. ) ;
#1136 = VECTOR ( 'NONE', #53, 39.37007874015748143 ) ;
#1137 = VERTEX_POINT ( 'NONE', #2679 ) ;
#1138 = CARTESIAN_POINT ( 'NONE',  ( -0.03346458186430489173, 0.02874015748031394368, -0.06102360634115998328 ) ) ;
#1139 = DIRECTION ( 'NONE',  ( -2.738503868116026752E-13, -0.000000000000000000, -1.000000000000000000 ) ) ;
#1140 = DIRECTION ( 'NONE',  ( 0.000000000000000000, -1.000000000000000000, 0.000000000000000000 ) ) ;
#1141 = ORIENTED_EDGE ( 'NONE', *, *, #2095, .F. ) ;
#1142 = DIRECTION ( 'NONE',  ( -1.000000000000000000, 0.000000000000000000, 0.000000000000000000 ) ) ;
#1143 = EDGE_CURVE ( 'NONE', #2688, #1095, #2175, .T. ) ;
#1144 =( NAMED_UNIT ( * ) PLANE_ANGLE_UNIT ( ) SI_UNIT ( $, .RADIAN. ) );
#1145 = DIRECTION ( 'NONE',  ( 0.000000000000000000, 1.000000000000000000, -1.084202172484639029E-16 ) ) ;
#1146 = PRESENTATION_STYLE_ASSIGNMENT (( #1624 ) ) ;
#1147 = DIRECTION ( 'NONE',  ( 0.000000000000000000, 0.000000000000000000, 1.000000000000000000 ) ) ;
#1148 = ORIENTED_EDGE ( 'NONE', *, *, #426, .T. ) ;
#1149 = ORIENTED_EDGE ( 'NONE', *, *, #227, .F. ) ;
#1150 = DIRECTION ( 'NONE',  ( 1.000000000000000000, 0.000000000000000000, 0.000000000000000000 ) ) ;
#1151 = CARTESIAN_POINT ( 'NONE',  ( 0.03346455199270867431, 0.01496062992125985272, 0.04921261413125983808 ) ) ;
#1152 = FILL_AREA_STYLE ('',( #729 ) ) ;
#1153 = ORIENTED_EDGE ( 'NONE', *, *, #2133, .F. ) ;
#1154 = CARTESIAN_POINT ( 'NONE',  ( -1.493642629470322582E-08, 0.007874015748032881998, 0.03188977948559339193 ) ) ;
#1155 = EDGE_LOOP ( 'NONE', ( #1031, #1324, #1570, #1141 ) ) ;
#1156 = CARTESIAN_POINT ( 'NONE',  ( -0.04724410942460646051, 0.0001968503937007283098, -0.01106297641991732354 ) ) ;
#1157 = AXIS2_PLACEMENT_3D ( 'NONE', #2111, #817, #2083 ) ;
#1158 = AXIS2_PLACEMENT_3D ( 'NONE', #1371, #46, #1043 ) ;
#1159 = DIRECTION ( 'NONE',  ( 1.000000000000000000, 0.000000000000000000, 0.000000000000000000 ) ) ;
#1160 = CIRCLE ( 'NONE', #534, 0.01377952755905511271 ) ;
#1161 = DIRECTION ( 'NONE',  ( 0.000000000000000000, 0.000000000000000000, 1.000000000000000000 ) ) ;
#1162 = EDGE_CURVE ( 'NONE', #1315, #1959, #959, .T. ) ;
#1163 = EDGE_CURVE ( 'NONE', #852, #36, #2768, .T. ) ;
#1164 = CARTESIAN_POINT ( 'NONE',  ( 0.03346455199270867431, 0.01181102362204661596, -0.06299211027818897579 ) ) ;
#1165 = STYLED_ITEM ( 'NONE', ( #2056 ), #1844 ) ;
#1166 = PLANE ( 'NONE',  #2721 ) ;
#1167 = ORIENTED_EDGE ( 'NONE', *, *, #12, .T. ) ;
#1168 = EDGE_CURVE ( 'NONE', #713, #273, #928, .T. ) ;
#1169 = ORIENTED_EDGE ( 'NONE', *, *, #1050, .F. ) ;
#1170 = CARTESIAN_POINT ( 'NONE',  ( 0.04724407955177128277, 0.0003937007874015747977, -0.03161415752227952902 ) ) ;
#1171 = FACE_OUTER_BOUND ( 'NONE', #1476, .T. ) ;
#1172 = CARTESIAN_POINT ( 'NONE',  ( -0.01574804643248819622, 0.03858267716535432323, -0.03149604728605905762 ) ) ;
#1173 = ORIENTED_EDGE ( 'NONE', *, *, #3009, .F. ) ;
#1174 = SURFACE_STYLE_USAGE ( .BOTH. , #2437 ) ;
#1175 = VERTEX_POINT ( 'NONE', #1191 ) ;
#1176 = VECTOR ( 'NONE', #2626, 39.37007874015748143 ) ;
#1177 = CARTESIAN_POINT ( 'NONE',  ( 0.04527557561476378001, 0.01496062992125984752, -0.04921258271913385440 ) ) ;
#1178 = VECTOR ( 'NONE', #2697, 39.37007874015748143 ) ;
#1179 = CARTESIAN_POINT ( 'NONE',  ( -1.493641733477730790E-08, 0.0003937007874015747977, -0.01106297641991733742 ) ) ;
#1180 = AXIS2_PLACEMENT_3D ( 'NONE', #1958, #2983, #3150 ) ;
#1181 = CARTESIAN_POINT ( 'NONE',  ( -0.01574804643248819622, 0.03838582677165354451, -0.03346455122306694202 ) ) ;
#1182 = MECHANICAL_DESIGN_GEOMETRIC_PRESENTATION_REPRESENTATION (  '', ( #2015 ), #1291 ) ;
#1183 = CARTESIAN_POINT ( 'NONE',  ( 0.03346455199270867431, 0.01181102362204816160, -0.04921258271913385440 ) ) ;
#1184 = ADVANCED_FACE ( 'NONE', ( #942 ), #2414, .F. ) ;
#1185 = ORIENTED_EDGE ( 'NONE', *, *, #2230, .F. ) ;
#1186 = ORIENTED_EDGE ( 'NONE', *, *, #1512, .T. ) ;
#1187 = CARTESIAN_POINT ( 'NONE',  ( -0.03346458186430489173, 0.03450577202388725034, -0.06102360634116058696 ) ) ;
#1188 = FILL_AREA_STYLE ('',( #1646 ) ) ;
#1189 = EDGE_CURVE ( 'NONE', #2651, #2979, #1903, .T. ) ;
#1190 =( GEOMETRIC_REPRESENTATION_CONTEXT ( 3 ) GLOBAL_UNCERTAINTY_ASSIGNED_CONTEXT ( ( #2553 ) ) GLOBAL_UNIT_ASSIGNED_CONTEXT ( ( #542, #1039, #1283 ) ) REPRESENTATION_CONTEXT ( 'NONE', 'WORKASPACE' ) );
#1191 = CARTESIAN_POINT ( 'NONE',  ( 0.01181100868562205003, 4.168469228613682889E-21, -0.06397636224669291105 ) ) ;
#1192 = ORIENTED_EDGE ( 'NONE', *, *, #3165, .T. ) ;
#1193 = UNCERTAINTY_MEASURE_WITH_UNIT (LENGTH_MEASURE( 1.000000000000000082E-05 ), #200, 'distance_accuracy_value', 'NONE');
#1194 =( NAMED_UNIT ( * ) PLANE_ANGLE_UNIT ( ) SI_UNIT ( $, .RADIAN. ) );
#1195 = ORIENTED_EDGE ( 'NONE', *, *, #1088, .F. ) ;
#1196 = CARTESIAN_POINT ( 'NONE',  ( 0.05216533939429133376, 0.005708661417322834566, 0.06889765350133858490 ) ) ;
#1197 = CARTESIAN_POINT ( 'NONE',  ( 0.03346455199270816777, 0.01102362204724318014, -0.05905510240417714135 ) ) ;
#1198 = AXIS2_PLACEMENT_3D ( 'NONE', #2772, #580, #335 ) ;
#1199 = CARTESIAN_POINT ( 'NONE',  ( -0.01181103855847244304, 0.0003937007874015747977, -0.05616140161677165427 ) ) ;
#1200 = SURFACE_STYLE_USAGE ( .BOTH. , #753 ) ;
#1201 = CYLINDRICAL_SURFACE ( 'NONE', #1710, 0.009842519685047224770 ) ;
#1202 = ORIENTED_EDGE ( 'NONE', *, *, #1377, .F. ) ;
#1203 = VERTEX_POINT ( 'NONE', #2836 ) ;
#1204 = CARTESIAN_POINT ( 'NONE',  ( -1.493641733477730790E-08, 0.0003937007874015747977, -0.06889762208921258735 ) ) ;
#1205 = DIRECTION ( 'NONE',  ( -1.000000000000000000, 0.000000000000000000, 0.000000000000000000 ) ) ;
#1206 = AXIS2_PLACEMENT_3D ( 'NONE', #2318, #362, #547 ) ;
#1207 = ADVANCED_FACE ( 'NONE', ( #1921 ), #2867, .T. ) ;
#1208 = EDGE_CURVE ( 'NONE', #1310, #873, #381, .T. ) ;
#1209 = PRESENTATION_STYLE_ASSIGNMENT (( #1174 ) ) ;
#1210 = ORIENTED_EDGE ( 'NONE', *, *, #2675, .T. ) ;
#1211 = LINE ( 'NONE', #1716, #2710 ) ;
#1212 =( LENGTH_UNIT ( ) NAMED_UNIT ( * ) SI_UNIT ( $, .METRE. ) );
#1213 = CARTESIAN_POINT ( 'NONE',  ( 0.01181100868562205523, 8.336938457227365779E-21, -0.04342518114433070037 ) ) ;
#1214 = CIRCLE ( 'NONE', #2601, 0.009842519685039375146 ) ;
#1215 = CARTESIAN_POINT ( 'NONE',  ( -1.493642629438502267E-08, -6.402768735150616918E-18, 0.02795277161157874377 ) ) ;
#1216 = DIRECTION ( 'NONE',  ( 0.000000000000000000, 0.000000000000000000, -1.000000000000000000 ) ) ;
#1217 = AXIS2_PLACEMENT_3D ( 'NONE', #1237, #1221, #2248 ) ;
#1218 = VERTEX_POINT ( 'NONE', #661 ) ;
#1219 = MECHANICAL_DESIGN_GEOMETRIC_PRESENTATION_REPRESENTATION (  '', ( #2050 ), #175 ) ;
#1220 = EDGE_LOOP ( 'NONE', ( #2882, #2548, #157, #843 ) ) ;
#1221 = DIRECTION ( 'NONE',  ( 0.000000000000000000, 1.000000000000000000, 0.000000000000000000 ) ) ;
#1222 = SURFACE_SIDE_STYLE ('',( #3131 ) ) ;
#1223 = ORIENTED_EDGE ( 'NONE', *, *, #1645, .F. ) ;
#1224 = FACE_OUTER_BOUND ( 'NONE', #172, .T. ) ;
#1225 = EDGE_CURVE ( 'NONE', #2964, #1587, #1653, .T. ) ;
#1226 = ORIENTED_EDGE ( 'NONE', *, *, #766, .F. ) ;
#1227 = DIRECTION ( 'NONE',  ( 0.000000000000000000, 0.000000000000000000, -1.000000000000000000 ) ) ;
#1228 = DIRECTION ( 'NONE',  ( -1.000000000000000000, -0.000000000000000000, -0.000000000000000000 ) ) ;
#1229 = AXIS2_PLACEMENT_3D ( 'NONE', #623, #1403, #428 ) ;
#1230 = EDGE_CURVE ( 'NONE', #2858, #252, #693, .T. ) ;
#1231 = CARTESIAN_POINT ( 'NONE',  ( 0.04724407955177174767, 0.0009842519685039187796, -0.006141716577397680205 ) ) ;
#1232 = FILL_AREA_STYLE ('',( #264 ) ) ;
#1233 = CARTESIAN_POINT ( 'NONE',  ( -0.02362206218051969564, 3.334775382890946312E-20, -0.02133856697109842715 ) ) ;
#1234 = VECTOR ( 'NONE', #2366, 39.37007874015748143 ) ;
#1235 = EDGE_LOOP ( 'NONE', ( #2506, #708, #823, #2304 ) ) ;
#1236 = ORIENTED_EDGE ( 'NONE', *, *, #3094, .T. ) ;
#1237 = CARTESIAN_POINT ( 'NONE',  ( -0.01574804643248819622, 0.03838582677165354451, -0.03149604728605905762 ) ) ;
#1238 = DIRECTION ( 'NONE',  ( 0.000000000000000000, 1.000000000000000000, 0.000000000000000000 ) ) ;
#1239 = ORIENTED_EDGE ( 'NONE', *, *, #2233, .T. ) ;
#1240 = CARTESIAN_POINT ( 'NONE',  ( -1.493641732624028120E-08, 0.01102362204724409434, -0.06889762208921258735 ) ) ;
#1241 = AXIS2_PLACEMENT_3D ( 'NONE', #1183, #430, #396 ) ;
#1242 = ORIENTED_EDGE ( 'NONE', *, *, #1741, .T. ) ;
#1243 = FACE_OUTER_BOUND ( 'NONE', #558, .T. ) ;
#1244 = MECHANICAL_DESIGN_GEOMETRIC_PRESENTATION_REPRESENTATION (  '', ( #1919 ), #3038 ) ;
#1245 = CARTESIAN_POINT ( 'NONE',  ( 0.02362203230766929049, 0.03838582677165354451, 0.03937009444622046467 ) ) ;
#1246 = PLANE ( 'NONE',  #1907 ) ;
#1247 = ADVANCED_FACE ( 'NONE', ( #400 ), #2425, .F. ) ;
#1248 =( CONVERSION_BASED_UNIT ( 'INCH', #492 ) LENGTH_UNIT ( ) NAMED_UNIT ( #533 ) );
#1249 = CARTESIAN_POINT ( 'NONE',  ( 0.05216533939429133376, 0.005708661417322834566, -0.04342518114433069343 ) ) ;
#1250 = ORIENTED_EDGE ( 'NONE', *, *, #783, .T. ) ;
#1251 = ORIENTED_EDGE ( 'NONE', *, *, #2790, .T. ) ;
#1252 = CARTESIAN_POINT ( 'NONE',  ( 0.03346455199270867431, 0.01102362204724317840, 0.04921261413125983808 ) ) ;
#1253 = CARTESIAN_POINT ( 'NONE',  ( 0.04119867047330583176, 0.03858267716535550979, 0.04921261413125633394 ) ) ;
#1254 = ORIENTED_EDGE ( 'NONE', *, *, #1725, .F. ) ;
#1255 = PLANE ( 'NONE',  #686 ) ;
#1256 = ORIENTED_EDGE ( 'NONE', *, *, #887, .F. ) ;
#1257 = LINE ( 'NONE', #2305, #452 ) ;
#1258 = PRESENTATION_STYLE_ASSIGNMENT (( #2470 ) ) ;
#1259 = EDGE_LOOP ( 'NONE', ( #1847, #2225, #2020, #581 ) ) ;
#1260 = DIRECTION ( 'NONE',  ( -0.000000000000000000, 1.000000000000000000, -0.000000000000000000 ) ) ;
#1261 = SURFACE_STYLE_FILL_AREA ( #1232 ) ;
#1262 = CARTESIAN_POINT ( 'NONE',  ( 0.04330707167775588173, 0.01102362204724363637, -0.04921258271913384746 ) ) ;
#1263 = AXIS2_PLACEMENT_3D ( 'NONE', #1922, #2664, #435 ) ;
#1264 = ADVANCED_FACE ( 'NONE', ( #1120 ), #892, .T. ) ;
#1265 = ORIENTED_EDGE ( 'NONE', *, *, #1122, .T. ) ;
#1266 = EDGE_CURVE ( 'NONE', #3, #1542, #1111, .T. ) ;
#1267 = ORIENTED_EDGE ( 'NONE', *, *, #2429, .T. ) ;
#1268 = DIMENSIONAL_EXPONENTS ( 1.000000000000000000, 0.000000000000000000, 0.000000000000000000, 0.000000000000000000, 0.000000000000000000, 0.000000000000000000, 0.000000000000000000 ) ;
#1269 = DIRECTION ( 'NONE',  ( -0.000000000000000000, -0.000000000000000000, 1.000000000000000000 ) ) ;
#1270 =( GEOMETRIC_REPRESENTATION_CONTEXT ( 3 ) GLOBAL_UNCERTAINTY_ASSIGNED_CONTEXT ( ( #2919 ) ) GLOBAL_UNIT_ASSIGNED_CONTEXT ( ( #2282, #2802, #93 ) ) REPRESENTATION_CONTEXT ( 'NONE', 'WORKASPACE' ) );
#1271 = DIRECTION ( 'NONE',  ( -1.000000000000000000, 0.000000000000000000, 0.000000000000000000 ) ) ;
#1272 = ADVANCED_FACE ( 'NONE', ( #923 ), #1423, .T. ) ;
#1273 = CIRCLE ( 'NONE', #376, 0.03198818897637685510 ) ;
#1274 = ORIENTED_EDGE ( 'NONE', *, *, #589, .T. ) ;
#1275 = LINE ( 'NONE', #2949, #2092 ) ;
#1276 = VECTOR ( 'NONE', #3103, 39.37007874015748143 ) ;
#1277 = ORIENTED_EDGE ( 'NONE', *, *, #288, .T. ) ;
#1278 = PLANE ( 'NONE',  #1081 ) ;
#1279 = DIRECTION ( 'NONE',  ( 0.000000000000000000, 0.000000000000000000, -1.000000000000000000 ) ) ;
#1280 = ORIENTED_EDGE ( 'NONE', *, *, #745, .F. ) ;
#1281 = DIRECTION ( 'NONE',  ( 0.000000000000000000, -1.000000000000000000, 0.000000000000000000 ) ) ;
#1282 = FACE_OUTER_BOUND ( 'NONE', #588, .T. ) ;
#1283 =( NAMED_UNIT ( * ) SI_UNIT ( $, .STERADIAN. ) SOLID_ANGLE_UNIT ( ) );
#1284 = CYLINDRICAL_SURFACE ( 'NONE', #1801, 0.03198818897637685510 ) ;
#1285 = COLOUR_RGB ( '',0.2352941176470588203, 0.2352941176470588203, 0.2352941176470588203 ) ;
#1286 = VERTEX_POINT ( 'NONE', #1170 ) ;
#1287 = DIRECTION ( 'NONE',  ( 0.000000000000000000, -1.000000000000000000, 0.000000000000000000 ) ) ;
#1288 = EDGE_CURVE ( 'NONE', #2343, #1056, #1643, .T. ) ;
#1289 = CIRCLE ( 'NONE', #2060, 0.009842519685039378616 ) ;
#1290 = ORIENTED_EDGE ( 'NONE', *, *, #1946, .F. ) ;
#1291 =( GEOMETRIC_REPRESENTATION_CONTEXT ( 3 ) GLOBAL_UNCERTAINTY_ASSIGNED_CONTEXT ( ( #208 ) ) GLOBAL_UNIT_ASSIGNED_CONTEXT ( ( #2254, #2762, #3020 ) ) REPRESENTATION_CONTEXT ( 'NONE', 'WORKASPACE' ) );
#1292 = ADVANCED_FACE ( 'NONE', ( #2379 ), #1873, .F. ) ;
#1293 = DIRECTION ( 'NONE',  ( 2.168404344971006896E-15, 1.000000000000000000, 0.000000000000000000 ) ) ;
#1294 = DIMENSIONAL_EXPONENTS ( 1.000000000000000000, 0.000000000000000000, 0.000000000000000000, 0.000000000000000000, 0.000000000000000000, 0.000000000000000000, 0.000000000000000000 ) ;
#1295 = VERTEX_POINT ( 'NONE', #1676 ) ;
#1296 = SURFACE_STYLE_FILL_AREA ( #799 ) ;
#1297 = FACE_OUTER_BOUND ( 'NONE', #1465, .T. ) ;
#1298 = ORIENTED_EDGE ( 'NONE', *, *, #2965, .T. ) ;
#1299 = VECTOR ( 'NONE', #2134, 39.37007874015748143 ) ;
#1300 = DIRECTION ( 'NONE',  ( 0.000000000000000000, 1.000000000000000000, 0.000000000000000000 ) ) ;
#1301 = SURFACE_SIDE_STYLE ('',( #2976 ) ) ;
#1302 = DIRECTION ( 'NONE',  ( 0.000000000000000000, 1.000000000000000000, 0.000000000000000000 ) ) ;
#1303 = DIRECTION ( 'NONE',  ( 1.000000000000000000, 0.000000000000000000, 0.000000000000000000 ) ) ;
#1304 = UNCERTAINTY_MEASURE_WITH_UNIT (LENGTH_MEASURE( 1.000000000000000082E-05 ), #667, 'distance_accuracy_value', 'NONE');
#1305 = ORIENTED_EDGE ( 'NONE', *, *, #1007, .F. ) ;
#1306 = DIRECTION ( 'NONE',  ( 1.000000000000000000, 0.000000000000000000, -2.168404344971006649E-16 ) ) ;
#1307 =( NAMED_UNIT ( * ) SI_UNIT ( $, .STERADIAN. ) SOLID_ANGLE_UNIT ( ) );
#1308 = ORIENTED_EDGE ( 'NONE', *, *, #2133, .T. ) ;
#1309 = DIRECTION ( 'NONE',  ( -0.000000000000000000, -1.000000000000000000, -0.000000000000000000 ) ) ;
#1310 = VERTEX_POINT ( 'NONE', #2648 ) ;
#1311 = EDGE_CURVE ( 'NONE', #1507, #420, #956, .T. ) ;
#1312 = LINE ( 'NONE', #2953, #1343 ) ;
#1313 = EDGE_CURVE ( 'NONE', #3057, #2801, #974, .T. ) ;
#1314 = DIRECTION ( 'NONE',  ( 0.000000000000000000, 0.000000000000000000, -1.000000000000000000 ) ) ;
#1315 = VERTEX_POINT ( 'NONE', #514 ) ;
#1316 = CARTESIAN_POINT ( 'NONE',  ( -0.03454623169367298380, 0.03858267716535433711, -0.05116774842533011736 ) ) ;
#1317 = CYLINDRICAL_SURFACE ( 'NONE', #1064, 0.01377952755905511271 ) ;
#1318 = CARTESIAN_POINT ( 'NONE',  ( -0.04913387320413386411, 0.01181102362204724567, 0.06551182672968504372 ) ) ;
#1319 = VERTEX_POINT ( 'NONE', #1459 ) ;
#1320 = DIRECTION ( 'NONE',  ( -0.000000000000000000, -0.000000000000000000, -1.000000000000000000 ) ) ;
#1321 = DIRECTION ( 'NONE',  ( 1.000000000000000000, -0.000000000000000000, 0.000000000000000000 ) ) ;
#1322 = APPLICATION_CONTEXT ( 'automotive_design' ) ;
#1323 = AXIS2_PLACEMENT_3D ( 'NONE', #2380, #3101, #1904 ) ;
#1324 = ORIENTED_EDGE ( 'NONE', *, *, #2562, .T. ) ;
#1325 = CARTESIAN_POINT ( 'NONE',  ( -0.04330710155059055988, 0.01141732283464566740, 0.04921261413125983808 ) ) ;
#1326 = AXIS2_PLACEMENT_3D ( 'NONE', #791, #1551, #2771 ) ;
#1327 = EDGE_LOOP ( 'NONE', ( #1722, #681, #44, #1267 ) ) ;
#1328 = DIRECTION ( 'NONE',  ( -0.000000000000000000, -0.000000000000000000, 1.000000000000000000 ) ) ;
#1329 = PRESENTATION_LAYER_ASSIGNMENT (  '', '', ( #1165 ) ) ;
#1330 = EDGE_CURVE ( 'NONE', #1137, #2937, #1489, .T. ) ;
#1331 = VERTEX_POINT ( 'NONE', #2981 ) ;
#1332 = LINE ( 'NONE', #2011, #2259 ) ;
#1333 = ADVANCED_FACE ( 'NONE', ( #497 ), #1505, .T. ) ;
#1334 = DIRECTION ( 'NONE',  ( -0.000000000000000000, -1.000000000000000000, -0.000000000000000000 ) ) ;
#1335 = CARTESIAN_POINT ( 'NONE',  ( -1.493642518884029005E-08, 0.02874015748031496370, 0.06102363775330708895 ) ) ;
#1336 = ORIENTED_EDGE ( 'NONE', *, *, #1941, .F. ) ;
#1337 = LINE ( 'NONE', #567, #777 ) ;
#1338 = CLOSED_SHELL ( 'NONE', ( #566, #287, #10, #383, #2987, #221, #2409, #2061, #1292, #1396, #1046, #2642, #1781, #3070, #2658, #2848, #209, #69, #75, #2729, #1372, #1593, #2116, #1861, #2869, #2487, #2186, #2310, #930, #680, #2213, #422, #1810, #2177, #569, #1272, #149, #1207, #2748, #644, #2005, #584, #2025, #92, #1900, #1663, #2081, #1555, #704, #403, #1184, #1668, #248, #1477, #167, #606, #1264, #107, #2147, #1607, #1844, #1906, #3108, #2434, #1764, #363, #2843, #2540, #2385, #130, #327, #30, #1033, #2268, #1457, #2327, #2774, #966, #2711, #1247, #1455, #624, #2794, #2828, #467, #2286, #2365, #2309, #449, #2404, #1333, #2345, #2566 ) ) ;
#1339 = ORIENTED_EDGE ( 'NONE', *, *, #1512, .F. ) ;
#1340 = AXIS2_PLACEMENT_3D ( 'NONE', #1635, #2118, #620 ) ;
#1341 = DIRECTION ( 'NONE',  ( -1.000000000000000000, 0.000000000000000000, 0.000000000000000000 ) ) ;
#1342 =( GEOMETRIC_REPRESENTATION_CONTEXT ( 3 ) GLOBAL_UNCERTAINTY_ASSIGNED_CONTEXT ( ( #3031 ) ) GLOBAL_UNIT_ASSIGNED_CONTEXT ( ( #2143, #3091, #2603 ) ) REPRESENTATION_CONTEXT ( 'NONE', 'WORKASPACE' ) );
#1343 = VECTOR ( 'NONE', #749, 39.37007874015748143 ) ;
#1344 = CARTESIAN_POINT ( 'NONE',  ( 0.04119867047328584775, 0.03858267716535551672, -0.04921258271911025522 ) ) ;
#1345 = ORIENTED_EDGE ( 'NONE', *, *, #150, .F. ) ;
#1346 = CARTESIAN_POINT ( 'NONE',  ( -0.02362206218051969217, 0.0003937007874015158171, -0.01106297641991732181 ) ) ;
#1347 = ORIENTED_EDGE ( 'NONE', *, *, #1266, .T. ) ;
#1348 =( NAMED_UNIT ( * ) PLANE_ANGLE_UNIT ( ) SI_UNIT ( $, .RADIAN. ) );
#1349 = EDGE_CURVE ( 'NONE', #1439, #2108, #1708, .T. ) ;
#1350 = LINE ( 'NONE', #1608, #1867 ) ;
#1351 = AXIS2_PLACEMENT_3D ( 'NONE', #3111, #643, #1640 ) ;
#1352 = DIRECTION ( 'NONE',  ( 1.000000000000000000, 0.000000000000000000, -0.000000000000000000 ) ) ;
#1353 = EDGE_CURVE ( 'NONE', #538, #2988, #1723, .T. ) ;
#1354 = ORIENTED_EDGE ( 'NONE', *, *, #1373, .F. ) ;
#1355 = AXIS2_PLACEMENT_3D ( 'NONE', #2195, #3169, #7 ) ;
#1356 = DIRECTION ( 'NONE',  ( -0.000000000000000000, 1.000000000000000000, -0.000000000000000000 ) ) ;
#1357 = DIRECTION ( 'NONE',  ( 0.000000000000000000, 0.000000000000000000, -1.000000000000000000 ) ) ;
#1358 = VERTEX_POINT ( 'NONE', #2017 ) ;
#1359 = DIRECTION ( 'NONE',  ( 0.000000000000000000, 2.168404344971010840E-16, 1.000000000000000000 ) ) ;
#1360 = VECTOR ( 'NONE', #1885, 39.37007874015748143 ) ;
#1361 = CARTESIAN_POINT ( 'NONE',  ( -1.493642629438502267E-08, 0.0009842519685038257551, 0.02795277161157874377 ) ) ;
#1362 = ORIENTED_EDGE ( 'NONE', *, *, #2638, .T. ) ;
#1363 = LINE ( 'NONE', #1154, #1079 ) ;
#1364 = ORIENTED_EDGE ( 'NONE', *, *, #2269, .T. ) ;
#1365 = CARTESIAN_POINT ( 'NONE',  ( -1.493642629438502267E-08, 0.001968503937007746053, 0.007775606257249129995 ) ) ;
#1366 = LENGTH_MEASURE_WITH_UNIT ( LENGTH_MEASURE( 0.02539999999999999897 ), #654 );
#1367 = CARTESIAN_POINT ( 'NONE',  ( 0.03346455199270867431, 0.01181102362204598626, -0.04921258271913385440 ) ) ;
#1368 = CIRCLE ( 'NONE', #1776, 0.009842519685039361269 ) ;
#1369 = ORIENTED_EDGE ( 'NONE', *, *, #2505, .F. ) ;
#1370 = PLANE ( 'NONE',  #537 ) ;
#1371 = CARTESIAN_POINT ( 'NONE',  ( 0.03346455199270867431, 0.01496062992125985272, -0.04921258271913385440 ) ) ;
#1372 = ADVANCED_FACE ( 'NONE', ( #1 ), #1004, .F. ) ;
#1373 = EDGE_CURVE ( 'NONE', #2027, #1524, #2899, .T. ) ;
#1374 = ORIENTED_EDGE ( 'NONE', *, *, #1517, .T. ) ;
#1375 = CARTESIAN_POINT ( 'NONE',  ( -0.03543308580254379836, 0.03858267716535433017, -0.04921258271913347970 ) ) ;
#1376 = LINE ( 'NONE', #110, #1785 ) ;
#1377 = EDGE_CURVE ( 'NONE', #1990, #2451, #1739, .T. ) ;
#1378 = PRESENTATION_LAYER_ASSIGNMENT (  '', '', ( #2743 ) ) ;
#1379 = CARTESIAN_POINT ( 'NONE',  ( 0.03346455199269272873, 0.03450577202388756953, -0.06102360634117964117 ) ) ;
#1380 = VECTOR ( 'NONE', #3159, 39.37007874015748143 ) ;
#1381 = LENGTH_MEASURE_WITH_UNIT ( LENGTH_MEASURE( 0.02539999999999999897 ), #1398 );
#1382 = VERTEX_POINT ( 'NONE', #2946 ) ;
#1383 = DIRECTION ( 'NONE',  ( 0.000000000000000000, 0.000000000000000000, 1.000000000000000000 ) ) ;
#1384 =( GEOMETRIC_REPRESENTATION_CONTEXT ( 3 ) GLOBAL_UNCERTAINTY_ASSIGNED_CONTEXT ( ( #2417 ) ) GLOBAL_UNIT_ASSIGNED_CONTEXT ( ( #1248, #1001, #687 ) ) REPRESENTATION_CONTEXT ( 'NONE', 'WORKASPACE' ) );
#1385 = LINE ( 'NONE', #1670, #2878 ) ;
#1386 = AXIS2_PLACEMENT_3D ( 'NONE', #1974, #1522, #1024 ) ;
#1387 = DIRECTION ( 'NONE',  ( 0.000000000000000000, 0.000000000000000000, 1.000000000000000000 ) ) ;
#1388 = DIRECTION ( 'NONE',  ( 0.000000000000000000, 0.000000000000000000, 1.000000000000000000 ) ) ;
#1389 = LINE ( 'NONE', #3141, #196 ) ;
#1390 = VERTEX_POINT ( 'NONE', #269 ) ;
#1391 = ORIENTED_EDGE ( 'NONE', *, *, #1068, .T. ) ;
#1392 = EDGE_CURVE ( 'NONE', #1894, #2140, #1893, .T. ) ;
#1393 = CARTESIAN_POINT ( 'NONE',  ( -0.04527560548763371467, 0.02874015748031451961, 0.05613135158353183690 ) ) ;
#1394 = AXIS2_PLACEMENT_3D ( 'NONE', #1583, #2059, #3030 ) ;
#1395 = MECHANICAL_DESIGN_GEOMETRIC_PRESENTATION_REPRESENTATION (  '', ( #3174 ), #339 ) ;
#1396 = ADVANCED_FACE ( 'NONE', ( #2663 ), #709, .T. ) ;
#1397 = DIRECTION ( 'NONE',  ( 1.000000000000000000, 0.000000000000000000, -0.000000000000000000 ) ) ;
#1398 =( LENGTH_UNIT ( ) NAMED_UNIT ( * ) SI_UNIT ( $, .METRE. ) );
#1399 = VECTOR ( 'NONE', #967, 39.37007874015748143 ) ;
#1400 = ORIENTED_EDGE ( 'NONE', *, *, #1415, .T. ) ;
#1401 = FACE_OUTER_BOUND ( 'NONE', #253, .T. ) ;
#1402 = AXIS2_PLACEMENT_3D ( 'NONE', #2691, #206, #1425 ) ;
#1403 = DIRECTION ( 'NONE',  ( -1.000000000000000000, 0.000000000000000000, 0.000000000000000000 ) ) ;
#1404 = CARTESIAN_POINT ( 'NONE',  ( 0.05425195356751968262, 0.0007874015748031497038, -0.009906283506531495670 ) ) ;
#1405 = AXIS2_PLACEMENT_3D ( 'NONE', #2624, #1637, #1159 ) ;
#1406 = DIRECTION ( 'NONE',  ( -0.000000000000000000, -1.000000000000000000, -0.000000000000000000 ) ) ;
#1407 = VERTEX_POINT ( 'NONE', #14 ) ;
#1408 = COLOUR_RGB ( '',1.000000000000000000, 1.000000000000000000, 1.000000000000000000 ) ;
#1409 = ORIENTED_EDGE ( 'NONE', *, *, #3124, .T. ) ;
#1410 = CARTESIAN_POINT ( 'NONE',  ( -0.04119870034611710502, 0.03858267716535550979, -0.04921258271913369481 ) ) ;
#1411 = CARTESIAN_POINT ( 'NONE',  ( 0.04724407955177165053, 0.01338582677165354486, -0.04921258271913385440 ) ) ;
#1412 = CARTESIAN_POINT ( 'NONE',  ( -1.493641733477730790E-08, 0.0007874015748031495954, -0.04342518114433070037 ) ) ;
#1413 = ORIENTED_EDGE ( 'NONE', *, *, #906, .F. ) ;
#1414 =( NAMED_UNIT ( * ) SI_UNIT ( $, .STERADIAN. ) SOLID_ANGLE_UNIT ( ) );
#1415 = EDGE_CURVE ( 'NONE', #1310, #564, #727, .T. ) ;
#1416 = ORIENTED_EDGE ( 'NONE', *, *, #1986, .T. ) ;
#1417 =( CONVERSION_BASED_UNIT ( 'INCH', #637 ) LENGTH_UNIT ( ) NAMED_UNIT ( #785 ) );
#1418 = FACE_OUTER_BOUND ( 'NONE', #568, .T. ) ;
#1419 = DIRECTION ( 'NONE',  ( 9.403954806578326338E-32, 1.000000000000000000, -1.084202172485506283E-16 ) ) ;
#1420 = CARTESIAN_POINT ( 'NONE',  ( -0.04330710155059055988, 0.01181102362204822231, 0.04921261413125983808 ) ) ;
#1421 = ORIENTED_EDGE ( 'NONE', *, *, #1415, .F. ) ;
#1422 = ORIENTED_EDGE ( 'NONE', *, *, #3170, .F. ) ;
#1423 = PLANE ( 'NONE',  #2397 ) ;
#1424 = CARTESIAN_POINT ( 'NONE',  ( -0.04527560548763398529, 0.03450577202388756259, 0.05613135158353198262 ) ) ;
#1425 = DIRECTION ( 'NONE',  ( 0.000000000000000000, 0.000000000000000000, -1.000000000000000000 ) ) ;
#1426 = ORIENTED_EDGE ( 'NONE', *, *, #2598, .F. ) ;
#1427 = CARTESIAN_POINT ( 'NONE',  ( -1.493642629438502267E-08, -6.402768735150616918E-18, 0.02795277161157874377 ) ) ;
#1428 = ORIENTED_EDGE ( 'NONE', *, *, #185, .F. ) ;
#1429 = CARTESIAN_POINT ( 'NONE',  ( -0.03346458186555905517, 0.01496062992126040089, 0.06299214169031495947 ) ) ;
#1430 = CIRCLE ( 'NONE', #952, 0.003937007874014649030 ) ;
#1431 = EDGE_CURVE ( 'NONE', #944, #420, #1952, .T. ) ;
#1432 = DIRECTION ( 'NONE',  ( 0.000000000000000000, -1.000000000000000000, 0.000000000000000000 ) ) ;
#1433 = FACE_OUTER_BOUND ( 'NONE', #2537, .T. ) ;
#1434 = EDGE_CURVE ( 'NONE', #399, #1012, #236, .T. ) ;
#1435 =( NAMED_UNIT ( * ) PLANE_ANGLE_UNIT ( ) SI_UNIT ( $, .RADIAN. ) );
#1436 =( GEOMETRIC_REPRESENTATION_CONTEXT ( 3 ) GLOBAL_UNCERTAINTY_ASSIGNED_CONTEXT ( ( #695 ) ) GLOBAL_UNIT_ASSIGNED_CONTEXT ( ( #421, #1194, #2396 ) ) REPRESENTATION_CONTEXT ( 'NONE', 'WORKASPACE' ) );
#1437 = DIRECTION ( 'NONE',  ( -0.000000000000000000, -0.000000000000000000, 1.000000000000000000 ) ) ;
#1438 = ORIENTED_EDGE ( 'NONE', *, *, #1611, .F. ) ;
#1439 = VERTEX_POINT ( 'NONE', #465 ) ;
#1440 = CARTESIAN_POINT ( 'NONE',  ( -0.03543308580254402040, 0.03858267716535433711, -0.05036570562793139111 ) ) ;
#1441 = CARTESIAN_POINT ( 'NONE',  ( -0.04038331931785819201, 0.03450577202388756259, 0.06102363775331896834 ) ) ;
#1442 = ORIENTED_EDGE ( 'NONE', *, *, #382, .F. ) ;
#1443 = DIRECTION ( 'NONE',  ( 1.000000000000000000, 0.000000000000000000, 0.000000000000000000 ) ) ;
#1444 = SHAPE_DEFINITION_REPRESENTATION ( #2683, #1953 ) ;
#1445 =( BOUNDED_SURFACE ( )  B_SPLINE_SURFACE ( 3, 3, ( 
 ( #1830, #2793, #1875, #848 ),
 ( #367, #2806, #2381, #1379 ),
 ( #1344, #2838, #2618, #585 ),
 ( #633, #1843, #615, #2349 ) ),
 .UNSPECIFIED., .F., .F., .T. ) 
 B_SPLINE_SURFACE_WITH_KNOTS ( ( 4, 4 ),
 ( 4, 4 ),
 ( 0.000000000000000000, 1.000000000000000000 ),
 ( 0.000000000000000000, 1.000000000000000000 ),
 .UNSPECIFIED. ) 
 GEOMETRIC_REPRESENTATION_ITEM ( )  RATIONAL_B_SPLINE_SURFACE ( (
 ( 1.000000000000000000, 0.8047378541231937632, 0.8047378541231937632, 1.000000000000000000),
 ( 0.8047378541243066508, 0.6476030138596983177, 0.6476030138596983177, 0.8047378541243066508),
 ( 0.8047378541243066508, 0.6476030138596983177, 0.6476030138596983177, 0.8047378541243066508),
 ( 1.000000000000000000, 0.8047378541231937632, 0.8047378541231937632, 1.000000000000000000) ) ) 
 REPRESENTATION_ITEM ( '' )  SURFACE ( )  );
#1446 = ORIENTED_EDGE ( 'NONE', *, *, #1168, .T. ) ;
#1447 = CARTESIAN_POINT ( 'NONE',  ( -1.493642518884029005E-08, 0.01181102362204828650, 0.05905513381629920455 ) ) ;
#1448 = CIRCLE ( 'NONE', #970, 0.02017716535432961464 ) ;
#1449 = VECTOR ( 'NONE', #2422, 39.37007874015748143 ) ;
#1450 = CARTESIAN_POINT ( 'NONE',  ( 0.04724407955177165053, 0.01496062992126035406, -0.04921258271913385440 ) ) ;
#1451 = LINE ( 'NONE', #1199, #1399 ) ;
#1452 = VECTOR ( 'NONE', #2228, 39.37007874015748143 ) ;
#1453 = LINE ( 'NONE', #2426, #3164 ) ;
#1454 = DIRECTION ( 'NONE',  ( -0.000000000000000000, -0.000000000000000000, 1.000000000000000000 ) ) ;
#1455 = ADVANCED_FACE ( 'NONE', ( #2689, #1755 ), #2722, .F. ) ;
#1456 = FILL_AREA_STYLE_COLOUR ( '', #1285 ) ;
#1457 = ADVANCED_FACE ( 'NONE', ( #45 ), #1788, .T. ) ;
#1458 = ORIENTED_EDGE ( 'NONE', *, *, #2693, .F. ) ;
#1459 = CARTESIAN_POINT ( 'NONE',  ( -0.03346458186555752862, 0.01181102362204822578, 0.05905513381629919761 ) ) ;
#1460 = CARTESIAN_POINT ( 'NONE',  ( 0.04724407955177156032, 0.0003937007874015281770, 0.06397639365881892248 ) ) ;
#1461 = VECTOR ( 'NONE', #1302, 39.37007874015748143 ) ;
#1462 = CARTESIAN_POINT ( 'NONE',  ( -0.04330710155059055988, 0.01102362204724409434, 1.570606300002007275E-08 ) ) ;
#1463 = ORIENTED_EDGE ( 'NONE', *, *, #1311, .T. ) ;
#1464 = UNCERTAINTY_MEASURE_WITH_UNIT (LENGTH_MEASURE( 1.000000000000000082E-05 ), #2493, 'distance_accuracy_value', 'NONE');
#1465 = EDGE_LOOP ( 'NONE', ( #2874, #2302, #2703, #2082 ) ) ;
#1466 = DIRECTION ( 'NONE',  ( 0.000000000000000000, 0.000000000000000000, 1.000000000000000000 ) ) ;
#1467 = CARTESIAN_POINT ( 'NONE',  ( -1.493642629518536954E-08, 0.001968503937007936872, 0.02795277161157874377 ) ) ;
#1468 =( CONVERSION_BASED_UNIT ( 'INCH', #2456 ) LENGTH_UNIT ( ) NAMED_UNIT ( #2760 ) );
#1469 = DIRECTION ( 'NONE',  ( -1.000000000000000000, 0.000000000000000000, 0.000000000000000000 ) ) ;
#1470 =( NAMED_UNIT ( * ) SI_UNIT ( $, .STERADIAN. ) SOLID_ANGLE_UNIT ( ) );
#1471 = EDGE_LOOP ( 'NONE', ( #1932, #1098, #595, #1047 ) ) ;
#1472 = FILL_AREA_STYLE_COLOUR ( '', #2747 ) ;
#1473 = EDGE_CURVE ( 'NONE', #944, #1693, #2090, .T. ) ;
#1474 =( NAMED_UNIT ( * ) PLANE_ANGLE_UNIT ( ) SI_UNIT ( $, .RADIAN. ) );
#1475 = CARTESIAN_POINT ( 'NONE',  ( -0.04913387320413386411, 0.000000000000000000, 0.06241930704464566937 ) ) ;
#1476 = EDGE_LOOP ( 'NONE', ( #2415, #973, #409, #1950 ) ) ;
#1477 = ADVANCED_FACE ( 'NONE', ( #348 ), #1538, .F. ) ;
#1478 = CARTESIAN_POINT ( 'NONE',  ( -0.01181103855847047239, 0.0003937007874015747977, -0.06889762208921258735 ) ) ;
#1479 = VERTEX_POINT ( 'NONE', #318 ) ;
#1480 = DIRECTION ( 'NONE',  ( 1.000000000000000000, -0.000000000000000000, -0.000000000000000000 ) ) ;
#1481 = CARTESIAN_POINT ( 'NONE',  ( 0.04724407955177174767, 0.0003937007874015048666, -0.006141716577397680205 ) ) ;
#1482 = CARTESIAN_POINT ( 'NONE',  ( -0.01574804643248819622, 0.03838582677165354451, -0.03149604728605905762 ) ) ;
#1483 = AXIS2_PLACEMENT_3D ( 'NONE', #81, #2584, #366 ) ;
#1484 = FACE_OUTER_BOUND ( 'NONE', #913, .T. ) ;
#1485 = AXIS2_PLACEMENT_3D ( 'NONE', #2614, #158, #2344 ) ;
#1486 = ORIENTED_EDGE ( 'NONE', *, *, #1986, .F. ) ;
#1487 = MECHANICAL_DESIGN_GEOMETRIC_PRESENTATION_REPRESENTATION (  '', ( #1165 ), #1947 ) ;
#1488 = ORIENTED_EDGE ( 'NONE', *, *, #766, .T. ) ;
#1489 = LINE ( 'NONE', #991, #1061 ) ;
#1490 = B_SPLINE_CURVE_WITH_KNOTS ( 'NONE', 3,
 ( #2508, #2266, #992, #237 ),
 .UNSPECIFIED., .F., .F.,
 ( 4, 4 ),
 ( 0.000000000000000000, 1.000000000000000000 ),
 .UNSPECIFIED. ) ;
#1491 = CARTESIAN_POINT ( 'NONE',  ( 0.04527557561477443815, 0.03450577202388756259, 0.04921261413125521678 ) ) ;
#1492 = CARTESIAN_POINT ( 'NONE',  ( 0.03346455199270867431, 0.01338582677165354486, -0.06299211027818897579 ) ) ;
#1493 = VERTEX_POINT ( 'NONE', #579 ) ;
#1494 = LINE ( 'NONE', #1240, #638 ) ;
#1495 = ORIENTED_EDGE ( 'NONE', *, *, #2115, .T. ) ;
#1496 = EDGE_CURVE ( 'NONE', #1084, #2395, #1160, .T. ) ;
#1497 = CARTESIAN_POINT ( 'NONE',  ( -0.01574804643248819622, 0.03838582677165354451, -0.02952754334905117670 ) ) ;
#1498 = AXIS2_PLACEMENT_3D ( 'NONE', #58, #2552, #1055 ) ;
#1499 = DIRECTION ( 'NONE',  ( 1.000000000000000000, -0.000000000000000000, -0.000000000000000000 ) ) ;
#1500 = DIRECTION ( 'NONE',  ( 0.000000000000000000, 1.000000000000000000, -1.084202172484639275E-16 ) ) ;
#1501 =( GEOMETRIC_REPRESENTATION_CONTEXT ( 3 ) GLOBAL_UNCERTAINTY_ASSIGNED_CONTEXT ( ( #316 ) ) GLOBAL_UNIT_ASSIGNED_CONTEXT ( ( #2744, #557, #1563 ) ) REPRESENTATION_CONTEXT ( 'NONE', 'WORKASPACE' ) );
#1502 = VECTOR ( 'NONE', #99, 39.37007874015748143 ) ;
#1503 = ORIENTED_EDGE ( 'NONE', *, *, #2099, .T. ) ;
#1504 = EDGE_LOOP ( 'NONE', ( #1202, #1127, #1818, #2732 ) ) ;
#1505 = CYLINDRICAL_SURFACE ( 'NONE', #1217, 0.001968503937007883529 ) ;
#1506 = VECTOR ( 'NONE', #3100, 39.37007874015748143 ) ;
#1507 = VERTEX_POINT ( 'NONE', #62 ) ;
#1508 = DIRECTION ( 'NONE',  ( -0.000000000000000000, -1.000000000000000000, -0.000000000000000000 ) ) ;
#1509 = COLOUR_RGB ( '',0.2352941176470588203, 0.4705882352941176405, 0.000000000000000000 ) ;
#1510 = LINE ( 'NONE', #2008, #3128 ) ;
#1511 = VECTOR ( 'NONE', #683, 39.37007874015748143 ) ;
#1512 = EDGE_CURVE ( 'NONE', #3039, #724, #1771, .T. ) ;
#1513 = CARTESIAN_POINT ( 'NONE',  ( 0.02362203230766932865, 0.0007874015748031495954, -0.04342518114433071424 ) ) ;
#1514 = EDGE_CURVE ( 'NONE', #2933, #268, #3016, .T. ) ;
#1515 = ORIENTED_EDGE ( 'NONE', *, *, #1392, .T. ) ;
#1516 = CARTESIAN_POINT ( 'NONE',  ( -0.02362206218051772152, 0.0003937007874015747977, -0.06889762208921258735 ) ) ;
#1517 = EDGE_CURVE ( 'NONE', #36, #252, #2738, .T. ) ;
#1518 = CARTESIAN_POINT ( 'NONE',  ( 0.02362203230766929049, 3.334775382890946312E-20, -0.05616140161677165427 ) ) ;
#1519 = ORIENTED_EDGE ( 'NONE', *, *, #1330, .T. ) ;
#1520 = ORIENTED_EDGE ( 'NONE', *, *, #1924, .T. ) ;
#1521 = FILL_AREA_STYLE ('',( #1472 ) ) ;
#1522 = DIRECTION ( 'NONE',  ( -0.000000000000000000, -1.000000000000000000, -0.000000000000000000 ) ) ;
#1523 = FILL_AREA_STYLE_COLOUR ( '', #2468 ) ;
#1524 = VERTEX_POINT ( 'NONE', #1807 ) ;
#1525 = DIRECTION ( 'NONE',  ( 0.000000000000000000, -1.000000000000000000, 0.000000000000000000 ) ) ;
#1526 = VERTEX_POINT ( 'NONE', #285 ) ;
#1527 =( LENGTH_UNIT ( ) NAMED_UNIT ( * ) SI_UNIT ( $, .METRE. ) );
#1528 = ORIENTED_EDGE ( 'NONE', *, *, #745, .T. ) ;
#1529 = CARTESIAN_POINT ( 'NONE',  ( 0.02362203230766932865, 1.250540768584104867E-20, -0.03161415752227953596 ) ) ;
#1530 = EDGE_CURVE ( 'NONE', #187, #2281, #528, .T. ) ;
#1531 =( CONVERSION_BASED_UNIT ( 'INCH', #524 ) LENGTH_UNIT ( ) NAMED_UNIT ( #2036 ) );
#1532 = DIRECTION ( 'NONE',  ( -4.336808689942013299E-16, -0.000000000000000000, -1.000000000000000000 ) ) ;
#1533 = VECTOR ( 'NONE', #2805, 39.37007874015748143 ) ;
#1534 = CARTESIAN_POINT ( 'NONE',  ( -1.493642629438502267E-08, 0.0009842519685038257551, 0.02795277161157874377 ) ) ;
#1535 = B_SPLINE_CURVE_WITH_KNOTS ( 'NONE', 3,
 ( #1604, #851, #2636, #1666 ),
 .UNSPECIFIED., .F., .F.,
 ( 4, 4 ),
 ( 0.000000000000000000, 1.000000000000000000 ),
 .UNSPECIFIED. ) ;
#1536 = EDGE_CURVE ( 'NONE', #2583, #1779, #1430, .T. ) ;
#1537 = EDGE_LOOP ( 'NONE', ( #2117, #2894, #2764, #1979, #1814, #1051 ) ) ;
#1538 = PLANE ( 'NONE',  #119 ) ;
#1539 = CARTESIAN_POINT ( 'NONE',  ( 0.04527557561477418141, 0.02874015748031453002, 0.04921261413125520984 ) ) ;
#1540 = ORIENTED_EDGE ( 'NONE', *, *, #15, .F. ) ;
#1541 = CARTESIAN_POINT ( 'NONE',  ( -0.04724410942460630092, 0.0009842519685039309227, 0.06397639365881890861 ) ) ;
#1542 = VERTEX_POINT ( 'NONE', #1599 ) ;
#1543 = LINE ( 'NONE', #3021, #1125 ) ;
#1544 = VERTEX_POINT ( 'NONE', #1042 ) ;
#1545 = CARTESIAN_POINT ( 'NONE',  ( -0.04724410942460630092, 0.0003937007874015281770, 0.06397639365881893636 ) ) ;
#1546 = CARTESIAN_POINT ( 'NONE',  ( 0.03346455199270867431, 0.01141732283464566740, 0.05905513381629919761 ) ) ;
#1547 = FACE_OUTER_BOUND ( 'NONE', #2390, .T. ) ;
#1548 = FACE_OUTER_BOUND ( 'NONE', #868, .T. ) ;
#1549 = CIRCLE ( 'NONE', #703, 0.01377952755905511271 ) ;
#1550 = ORIENTED_EDGE ( 'NONE', *, *, #679, .F. ) ;
#1551 = DIRECTION ( 'NONE',  ( -1.000000000000000000, -0.000000000000000000, -0.000000000000000000 ) ) ;
#1552 =( GEOMETRIC_REPRESENTATION_CONTEXT ( 3 ) GLOBAL_UNCERTAINTY_ASSIGNED_CONTEXT ( ( #59 ) ) GLOBAL_UNIT_ASSIGNED_CONTEXT ( ( #271, #32, #2419 ) ) REPRESENTATION_CONTEXT ( 'NONE', 'WORKASPACE' ) );
#1553 = DIRECTION ( 'NONE',  ( -0.000000000000000000, -1.000000000000000000, -0.000000000000000000 ) ) ;
#1554 = VECTOR ( 'NONE', #1067, 39.37007874015748143 ) ;
#1555 = ADVANCED_FACE ( 'NONE', ( #2999 ), #1837, .F. ) ;
#1556 = EDGE_CURVE ( 'NONE', #207, #223, #2524, .T. ) ;
#1557 = ORIENTED_EDGE ( 'NONE', *, *, #2465, .F. ) ;
#1558 = VECTOR ( 'NONE', #1955, 39.37007874015748143 ) ;
#1559 = DIRECTION ( 'NONE',  ( 0.000000000000000000, 0.000000000000000000, 1.000000000000000000 ) ) ;
#1560 = EDGE_LOOP ( 'NONE', ( #2152, #751, #604, #1705 ) ) ;
#1561 = LINE ( 'NONE', #1745, #38 ) ;
#1562 = AXIS2_PLACEMENT_3D ( 'NONE', #2402, #2164, #3106 ) ;
#1563 =( NAMED_UNIT ( * ) SI_UNIT ( $, .STERADIAN. ) SOLID_ANGLE_UNIT ( ) );
#1564 = ORIENTED_EDGE ( 'NONE', *, *, #1189, .F. ) ;
#1565 = AXIS2_PLACEMENT_3D ( 'NONE', #2354, #1654, #1913 ) ;
#1566 = DIRECTION ( 'NONE',  ( 0.000000000000000000, 0.000000000000000000, 1.000000000000000000 ) ) ;
#1567 = DIRECTION ( 'NONE',  ( 0.000000000000000000, 1.000000000000000000, -0.000000000000000000 ) ) ;
#1568 = LENGTH_MEASURE_WITH_UNIT ( LENGTH_MEASURE( 0.02539999999999999897 ), #2279 );
#1569 = LINE ( 'NONE', #1072, #388 ) ;
#1570 = ORIENTED_EDGE ( 'NONE', *, *, #1168, .F. ) ;
#1571 = DIMENSIONAL_EXPONENTS ( 1.000000000000000000, 0.000000000000000000, 0.000000000000000000, 0.000000000000000000, 0.000000000000000000, 0.000000000000000000, 0.000000000000000000 ) ;
#1572 =( NAMED_UNIT ( * ) PLANE_ANGLE_UNIT ( ) SI_UNIT ( $, .RADIAN. ) );
#1573 = ORIENTED_EDGE ( 'NONE', *, *, #1741, .F. ) ;
#1574 = EDGE_CURVE ( 'NONE', #673, #496, #1639, .T. ) ;
#1575 = DIRECTION ( 'NONE',  ( 0.000000000000000000, -1.000000000000000000, 0.000000000000000000 ) ) ;
#1576 = EDGE_LOOP ( 'NONE', ( #244, #1077, #1020, #2499 ) ) ;
#1577 = DIRECTION ( 'NONE',  ( 0.000000000000000000, -1.000000000000000000, 0.000000000000000000 ) ) ;
#1578 = EDGE_CURVE ( 'NONE', #1116, #488, #2880, .T. ) ;
#1579 = DIRECTION ( 'NONE',  ( 0.000000000000000000, -1.000000000000000000, 0.000000000000000000 ) ) ;
#1580 = EDGE_LOOP ( 'NONE', ( #433, #1614 ) ) ;
#1581 = LINE ( 'NONE', #521, #2611 ) ;
#1582 = CYLINDRICAL_SURFACE ( 'NONE', #1087, 0.01377952755906297448 ) ;
#1583 = CARTESIAN_POINT ( 'NONE',  ( -0.03346458186555905517, 0.02874015748031453002, -0.04921258271913385440 ) ) ;
#1584 = EDGE_LOOP ( 'NONE', ( #1601, #2291, #2864, #2819 ) ) ;
#1585 = DIRECTION ( 'NONE',  ( 0.000000000000000000, 0.000000000000000000, 1.000000000000000000 ) ) ;
#1586 = CIRCLE ( 'NONE', #1323, 0.01181102362204724046 ) ;
#1587 = VERTEX_POINT ( 'NONE', #1164 ) ;
#1588 = DIRECTION ( 'NONE',  ( 0.000000000000000000, 0.000000000000000000, -1.000000000000000000 ) ) ;
#1589 = COLOUR_RGB ( '',0.2352941176470588203, 0.4705882352941176405, 0.2352941176470588203 ) ;
#1590 = ORIENTED_EDGE ( 'NONE', *, *, #2546, .T. ) ;
#1591 = DIRECTION ( 'NONE',  ( 0.000000000000000000, 0.000000000000000000, 1.000000000000000000 ) ) ;
#1592 = SURFACE_STYLE_FILL_AREA ( #3005 ) ;
#1593 = ADVANCED_FACE ( 'NONE', ( #1672 ), #2149, .T. ) ;
#1594 = ORIENTED_EDGE ( 'NONE', *, *, #2233, .F. ) ;
#1595 = SURFACE_STYLE_USAGE ( .BOTH. , #1864 ) ;
#1596 = CYLINDRICAL_SURFACE ( 'NONE', #876, 0.02017716535432961464 ) ;
#1597 = FACE_OUTER_BOUND ( 'NONE', #815, .T. ) ;
#1598 = ORIENTED_EDGE ( 'NONE', *, *, #2339, .T. ) ;
#1599 = CARTESIAN_POINT ( 'NONE',  ( 0.04724407955177165747, 0.01181102362204661596, 0.04921261413125983808 ) ) ;
#1600 = PRESENTATION_LAYER_ASSIGNMENT (  '', '', ( #3174 ) ) ;
#1601 = ORIENTED_EDGE ( 'NONE', *, *, #788, .T. ) ;
#1602 = AXIS2_PLACEMENT_3D ( 'NONE', #2783, #1300, #2028 ) ;
#1603 = DIRECTION ( 'NONE',  ( -0.000000000000000000, -1.000000000000000000, -0.000000000000000000 ) ) ;
#1604 = CARTESIAN_POINT ( 'NONE',  ( 0.03346455199270708530, 0.03858267716535433017, 0.05118111806827178173 ) ) ;
#1605 = ORIENTED_EDGE ( 'NONE', *, *, #485, .T. ) ;
#1606 = EDGE_CURVE ( 'NONE', #790, #1715, #2644, .T. ) ;
#1607 = ADVANCED_FACE ( 'NONE', ( #2338 ), #2845, .F. ) ;
#1608 = CARTESIAN_POINT ( 'NONE',  ( 0.02362203230766928355, 0.0005905511811023031075, -0.01106297641991732354 ) ) ;
#1609 = FACE_OUTER_BOUND ( 'NONE', #3019, .T. ) ;
#1610 = ORIENTED_EDGE ( 'NONE', *, *, #2044, .T. ) ;
#1611 = EDGE_CURVE ( 'NONE', #350, #2720, #1011, .T. ) ;
#1612 = CARTESIAN_POINT ( 'NONE',  ( -0.03346458186555904823, 0.02185039370078740301, -0.06102360634118109139 ) ) ;
#1613 = CARTESIAN_POINT ( 'NONE',  ( 0.02456691419743307209, 0.03838188976377952810, -0.03937006303409056052 ) ) ;
#1614 = ORIENTED_EDGE ( 'NONE', *, *, #1392, .F. ) ;
#1615 = PLANE ( 'NONE',  #1483 ) ;
#1616 = VECTOR ( 'NONE', #905, 39.37007874015748143 ) ;
#1617 = DIRECTION ( 'NONE',  ( -0.000000000000000000, 1.000000000000000000, -0.000000000000000000 ) ) ;
#1618 = CARTESIAN_POINT ( 'NONE',  ( -0.04724410942460630092, 0.0003937007874015748519, 1.570606299575155940E-08 ) ) ;
#1619 = ORIENTED_EDGE ( 'NONE', *, *, #586, .F. ) ;
#1620 = CYLINDRICAL_SURFACE ( 'NONE', #2158, 0.01377952755905511271 ) ;
#1621 = DIRECTION ( 'NONE',  ( 0.000000000000000000, 0.000000000000000000, 1.000000000000000000 ) ) ;
#1622 = EDGE_CURVE ( 'NONE', #1390, #1479, #2375, .T. ) ;
#1623 = DIRECTION ( 'NONE',  ( -0.000000000000000000, -1.000000000000000000, -0.000000000000000000 ) ) ;
#1624 = SURFACE_STYLE_USAGE ( .BOTH. , #182 ) ;
#1625 = CARTESIAN_POINT ( 'NONE',  ( -0.05216536926712606048, 0.0007874015748031495954, -0.04342518114433070037 ) ) ;
#1626 = EDGE_CURVE ( 'NONE', #1319, #1100, #2166, .T. ) ;
#1627 = VERTEX_POINT ( 'NONE', #1870 ) ;
#1628 = DIRECTION ( 'NONE',  ( 0.000000000000000000, 0.000000000000000000, -1.000000000000000000 ) ) ;
#1629 = DIRECTION ( 'NONE',  ( 0.000000000000000000, 1.000000000000000000, 0.000000000000000000 ) ) ;
#1630 = VECTOR ( 'NONE', #763, 39.37007874015748143 ) ;
#1631 = DIRECTION ( 'NONE',  ( 0.000000000000000000, 0.000000000000000000, -1.000000000000000000 ) ) ;
#1632 = DIRECTION ( 'NONE',  ( -0.000000000000000000, -0.000000000000000000, 1.000000000000000000 ) ) ;
#1633 = VECTOR ( 'NONE', #2477, 39.37007874015748143 ) ;
#1634 = ORIENTED_EDGE ( 'NONE', *, *, #885, .F. ) ;
#1635 = CARTESIAN_POINT ( 'NONE',  ( -1.493642629438502267E-08, 0.0009842519685038257551, 0.02795277161157874377 ) ) ;
#1636 = VECTOR ( 'NONE', #865, 39.37007874015748143 ) ;
#1637 = DIRECTION ( 'NONE',  ( 0.000000000000000000, 0.000000000000000000, 1.000000000000000000 ) ) ;
#1638 = CARTESIAN_POINT ( 'NONE',  ( -0.03543308580256115253, 0.03858267716535433017, -0.04921258271913378501 ) ) ;
#1639 = LINE ( 'NONE', #1612, #797 ) ;
#1640 = DIRECTION ( 'NONE',  ( 0.000000000000000000, 0.000000000000000000, -1.000000000000000000 ) ) ;
#1641 = ORIENTED_EDGE ( 'NONE', *, *, #1782, .F. ) ;
#1642 = ORIENTED_EDGE ( 'NONE', *, *, #126, .T. ) ;
#1643 = LINE ( 'NONE', #2154, #591 ) ;
#1644 = EDGE_CURVE ( 'NONE', #1439, #748, #1853, .T. ) ;
#1645 = EDGE_CURVE ( 'NONE', #273, #538, #1008, .T. ) ;
#1646 = FILL_AREA_STYLE_COLOUR ( '', #949 ) ;
#1647 = AXIS2_PLACEMENT_3D ( 'NONE', #166, #1145, #2132 ) ;
#1648 = LINE ( 'NONE', #385, #605 ) ;
#1649 = FACE_OUTER_BOUND ( 'NONE', #2378, .T. ) ;
#1650 = COLOUR_RGB ( '',1.000000000000000000, 1.000000000000000000, 0.5294117647058823595 ) ;
#1651 = ORIENTED_EDGE ( 'NONE', *, *, #2528, .T. ) ;
#1652 = CARTESIAN_POINT ( 'NONE',  ( 0.03346455199270867431, 0.01102362204724318014, -0.04921258271913385440 ) ) ;
#1653 = CIRCLE ( 'NONE', #1485, 0.01377952755906297448 ) ;
#1654 = DIRECTION ( 'NONE',  ( -0.000000000000000000, -1.000000000000000000, -0.000000000000000000 ) ) ;
#1655 = DIRECTION ( 'NONE',  ( 0.000000000000000000, 1.000000000000000000, 0.000000000000000000 ) ) ;
#1656 = VECTOR ( 'NONE', #1406, 39.37007874015748143 ) ;
#1657 = CARTESIAN_POINT ( 'NONE',  ( 0.03346455199270816777, 0.01181102362204815813, -0.05905510240417714829 ) ) ;
#1658 = ORIENTED_EDGE ( 'NONE', *, *, #866, .T. ) ;
#1659 = AXIS2_PLACEMENT_3D ( 'NONE', #153, #1866, #2131 ) ;
#1660 = EDGE_LOOP ( 'NONE', ( #60, #1195, #3173, #304 ) ) ;
#1661 = CARTESIAN_POINT ( 'NONE',  ( -0.04038331931716166584, 0.03450577202388724340, -0.06102360634189524236 ) ) ;
#1662 = DIRECTION ( 'NONE',  ( 7.228014483239111456E-16, 0.000000000000000000, 1.000000000000000000 ) ) ;
#1663 = ADVANCED_FACE ( 'NONE', ( #1132 ), #1370, .F. ) ;
#1664 =( NAMED_UNIT ( * ) SI_UNIT ( $, .STERADIAN. ) SOLID_ANGLE_UNIT ( ) );
#1665 = FILL_AREA_STYLE ('',( #1694 ) ) ;
#1666 = CARTESIAN_POINT ( 'NONE',  ( 0.03543305592972492007, 0.03858267716535433017, 0.04921261413125841561 ) ) ;
#1667 = VERTEX_POINT ( 'NONE', #2659 ) ;
#1668 = ADVANCED_FACE ( 'NONE', ( #2717 ), #2958, .F. ) ;
#1669 = DIRECTION ( 'NONE',  ( 1.000000000000000000, 0.000000000000000000, 0.000000000000000000 ) ) ;
#1670 = CARTESIAN_POINT ( 'NONE',  ( -0.04724410942460630092, 0.000000000000000000, -0.02133856697109842715 ) ) ;
#1671 = CARTESIAN_POINT ( 'NONE',  ( -0.04724410942460630092, 0.001196760610962992275, -0.007544078782122046883 ) ) ;
#1672 = FACE_OUTER_BOUND ( 'NONE', #921, .T. ) ;
#1673 = LINE ( 'NONE', #446, #1299 ) ;
#1674 = EDGE_LOOP ( 'NONE', ( #1605, #1495, #2696, #2162, #276, #2782, #1852, #1540 ) ) ;
#1675 = ORIENTED_EDGE ( 'NONE', *, *, #885, .T. ) ;
#1676 = CARTESIAN_POINT ( 'NONE',  ( -0.02362206218051965748, 0.000000000000000000, -0.01106297641991732528 ) ) ;
#1677 = CARTESIAN_POINT ( 'NONE',  ( -0.03799512357848612576, 0.03858267716535550979, 0.05694673261184970275 ) ) ;
#1678 = CARTESIAN_POINT ( 'NONE',  ( -0.02362206218051969217, 0.0003937007874015158171, -0.04342518114433070037 ) ) ;
#1679 = ORIENTED_EDGE ( 'NONE', *, *, #2039, .F. ) ;
#1680 = STYLED_ITEM ( 'NONE', ( #2678 ), #2345 ) ;
#1681 = ORIENTED_EDGE ( 'NONE', *, *, #1827, .T. ) ;
#1682 = LINE ( 'NONE', #212, #1178 ) ;
#1683 = EDGE_CURVE ( 'NONE', #193, #1286, #1453, .T. ) ;
#1684 = DIRECTION ( 'NONE',  ( 0.000000000000000000, 1.000000000000000000, 8.673617379884028570E-16 ) ) ;
#1685 = COLOUR_RGB ( '',1.000000000000000000, 1.000000000000000000, 0.5294117647058823595 ) ;
#1686 = DIRECTION ( 'NONE',  ( -0.000000000000000000, 1.000000000000000000, -0.000000000000000000 ) ) ;
#1687 = MECHANICAL_DESIGN_GEOMETRIC_PRESENTATION_REPRESENTATION (  '', ( #800 ), #1436 ) ;
#1688 = DIRECTION ( 'NONE',  ( 1.000000000000000000, -0.000000000000000000, -0.000000000000000000 ) ) ;
#1689 = EDGE_LOOP ( 'NONE', ( #1254, #798, #1347, #2804 ) ) ;
#1690 = ORIENTED_EDGE ( 'NONE', *, *, #1107, .T. ) ;
#1691 = CARTESIAN_POINT ( 'NONE',  ( -0.03461770477414832792, 0.03858267716535433711, -0.05118108665624081233 ) ) ;
#1692 = DIRECTION ( 'NONE',  ( 1.000000000000000000, -0.000000000000000000, -0.000000000000000000 ) ) ;
#1693 = VERTEX_POINT ( 'NONE', #198 ) ;
#1694 = FILL_AREA_STYLE_COLOUR ( '', #2956 ) ;
#1695 = ORIENTED_EDGE ( 'NONE', *, *, #342, .F. ) ;
#1696 = AXIS2_PLACEMENT_3D ( 'NONE', #2296, #1352, #2521 ) ;
#1697 = CARTESIAN_POINT ( 'NONE',  ( 0.05216533939429133376, 0.0003937007874015747977, 1.570606300002007275E-08 ) ) ;
#1698 = AXIS2_PLACEMENT_3D ( 'NONE', #1482, #2926, #935 ) ;
#1699 = CARTESIAN_POINT ( 'NONE',  ( 0.04724407955177165747, 0.01181102362204661596, -0.04921258271913385440 ) ) ;
#1700 = LINE ( 'NONE', #230, #914 ) ;
#1701 = AXIS2_PLACEMENT_3D ( 'NONE', #1361, #2855, #2070 ) ;
#1702 = EDGE_CURVE ( 'NONE', #54, #527, #3155, .T. ) ;
#1703 = EDGE_CURVE ( 'NONE', #2720, #1779, #460, .T. ) ;
#1704 = LINE ( 'NONE', #1249, #927 ) ;
#1705 = ORIENTED_EDGE ( 'NONE', *, *, #906, .T. ) ;
#1706 = EDGE_CURVE ( 'NONE', #2581, #2281, #21, .T. ) ;
#1707 = ORIENTED_EDGE ( 'NONE', *, *, #1578, .T. ) ;
#1708 = LINE ( 'NONE', #2914, #3008 ) ;
#1709 = SURFACE_SIDE_STYLE ('',( #711 ) ) ;
#1710 = AXIS2_PLACEMENT_3D ( 'NONE', #2930, #1500, #1983 ) ;
#1711 = CARTESIAN_POINT ( 'NONE',  ( 0.05216533939429125744, 0.0003937007874015747977, -0.04342518114433070037 ) ) ;
#1712 = ORIENTED_EDGE ( 'NONE', *, *, #1622, .F. ) ;
#1713 = UNCERTAINTY_MEASURE_WITH_UNIT (LENGTH_MEASURE( 1.000000000000000082E-05 ), #1117, 'distance_accuracy_value', 'NONE');
#1714 = FACE_OUTER_BOUND ( 'NONE', #1806, .T. ) ;
#1715 = VERTEX_POINT ( 'NONE', #3026 ) ;
#1716 = CARTESIAN_POINT ( 'NONE',  ( -1.493641733050879455E-08, 0.000000000000000000, -0.06397636224669292493 ) ) ;
#1717 = CARTESIAN_POINT ( 'NONE',  ( -0.05216536926712598415, 0.0003937007874015747977, 1.570606300002007275E-08 ) ) ;
#1718 = PLANE ( 'NONE',  #603 ) ;
#1719 =( NAMED_UNIT ( * ) PLANE_ANGLE_UNIT ( ) SI_UNIT ( $, .RADIAN. ) );
#1720 = DIRECTION ( 'NONE',  ( -0.000000000000000000, -0.000000000000000000, -1.000000000000000000 ) ) ;
#1721 = EDGE_CURVE ( 'NONE', #2183, #440, #2766, .T. ) ;
#1722 = ORIENTED_EDGE ( 'NONE', *, *, #723, .T. ) ;
#1723 = LINE ( 'NONE', #2222, #689 ) ;
#1724 = FACE_OUTER_BOUND ( 'NONE', #1021, .T. ) ;
#1725 = EDGE_CURVE ( 'NONE', #1715, #2359, #1841, .T. ) ;
#1726 = LINE ( 'NONE', #482, #141 ) ;
#1727 = ORIENTED_EDGE ( 'NONE', *, *, #2753, .T. ) ;
#1728 =( GEOMETRIC_REPRESENTATION_CONTEXT ( 3 ) GLOBAL_UNCERTAINTY_ASSIGNED_CONTEXT ( ( #2667 ) ) GLOBAL_UNIT_ASSIGNED_CONTEXT ( ( #2963, #255, #1307 ) ) REPRESENTATION_CONTEXT ( 'NONE', 'WORKASPACE' ) );
#1729 = CARTESIAN_POINT ( 'NONE',  ( -0.03346458186555905517, 0.01102362204724317840, 0.04921261413125983808 ) ) ;
#1730 = ORIENTED_EDGE ( 'NONE', *, *, #1230, .T. ) ;
#1731 = CARTESIAN_POINT ( 'NONE',  ( -0.02305119603878741028, 0.0009999102172622048763, -0.03161415752227953596 ) ) ;
#1732 = FILL_AREA_STYLE_COLOUR ( '', #2625 ) ;
#1733 = LINE ( 'NONE', #181, #495 ) ;
#1734 = CIRCLE ( 'NONE', #480, 0.009842519685039378616 ) ;
#1735 = CARTESIAN_POINT ( 'NONE',  ( 0.04724407955177128277, 4.168469228613682889E-21, -0.04342518114433071424 ) ) ;
#1736 = VECTOR ( 'NONE', #2356, 39.37007874015748143 ) ;
#1737 = PRESENTATION_LAYER_ASSIGNMENT (  '', '', ( #800 ) ) ;
#1738 = ORIENTED_EDGE ( 'NONE', *, *, #2003, .T. ) ;
#1739 = LINE ( 'NONE', #3176, #1633 ) ;
#1740 = VERTEX_POINT ( 'NONE', #881 ) ;
#1741 = EDGE_CURVE ( 'NONE', #370, #483, #2114, .T. ) ;
#1742 = EDGE_CURVE ( 'NONE', #1382, #2541, #3089, .T. ) ;
#1743 = LINE ( 'NONE', #1774, #2497 ) ;
#1744 = EDGE_LOOP ( 'NONE', ( #2662, #2335, #692, #1486, #3032, #929 ) ) ;
#1745 = CARTESIAN_POINT ( 'NONE',  ( -0.04724410942460775809, 0.0003937007874015158171, -0.03161415752227953596 ) ) ;
#1746 = CARTESIAN_POINT ( 'NONE',  ( -1.493641733050879455E-08, 0.01181102362204724567, -0.06299211027818897579 ) ) ;
#1747 = AXIS2_PLACEMENT_3D ( 'NONE', #985, #2217, #3171 ) ;
#1748 = ORIENTED_EDGE ( 'NONE', *, *, #679, .T. ) ;
#1749 = DIRECTION ( 'NONE',  ( 0.000000000000000000, 0.000000000000000000, 1.000000000000000000 ) ) ;
#1750 = SURFACE_STYLE_FILL_AREA ( #3096 ) ;
#1751 = LINE ( 'NONE', #1019, #2775 ) ;
#1752 = VECTOR ( 'NONE', #20, 39.37007874015748143 ) ;
#1753 = ORIENTED_EDGE ( 'NONE', *, *, #1622, .T. ) ;
#1754 = ORIENTED_EDGE ( 'NONE', *, *, #2509, .T. ) ;
#1755 = FACE_OUTER_BOUND ( 'NONE', #457, .T. ) ;
#1756 =( NAMED_UNIT ( * ) SI_UNIT ( $, .STERADIAN. ) SOLID_ANGLE_UNIT ( ) );
#1757 = ORIENTED_EDGE ( 'NONE', *, *, #2809, .T. ) ;
#1758 = FACE_OUTER_BOUND ( 'NONE', #1560, .T. ) ;
#1759 = VECTOR ( 'NONE', #2977, 39.37007874015748143 ) ;
#1760 = EDGE_CURVE ( 'NONE', #922, #2651, #1038, .T. ) ;
#1761 = EDGE_LOOP ( 'NONE', ( #1942, #1753, #3001, #2491 ) ) ;
#1762 = VECTOR ( 'NONE', #2907, 39.37007874015748143 ) ;
#1763 = PLANE ( 'NONE',  #2866 ) ;
#1764 = ADVANCED_FACE ( 'NONE', ( #1282 ), #2029, .T. ) ;
#1765 = VERTEX_POINT ( 'NONE', #1053 ) ;
#1766 = DIRECTION ( 'NONE',  ( 1.000000000000000000, 0.000000000000000000, 0.000000000000000000 ) ) ;
#1767 = CARTESIAN_POINT ( 'NONE',  ( -0.02362206218051969217, 0.0003937007874015158171, -0.01106297641991732181 ) ) ;
#1768 = CARTESIAN_POINT ( 'NONE',  ( 0.03346455199270867431, 0.02874015748031453002, -0.04921258271913385440 ) ) ;
#1769 = CARTESIAN_POINT ( 'NONE',  ( -0.04724410942460775809, 0.0003937007874015158171, -0.04342518114433070037 ) ) ;
#1770 = ORIENTED_EDGE ( 'NONE', *, *, #2525, .T. ) ;
#1771 = LINE ( 'NONE', #546, #2342 ) ;
#1772 = CARTESIAN_POINT ( 'NONE',  ( -0.05216536926712602579, 0.0003937007874015747977, -0.04342518114433070037 ) ) ;
#1773 = VERTEX_POINT ( 'NONE', #1070 ) ;
#1774 = CARTESIAN_POINT ( 'NONE',  ( 0.03346455199270765429, 0.01141732283464566913, -0.05905510240418107570 ) ) ;
#1775 = ORIENTED_EDGE ( 'NONE', *, *, #2655, .F. ) ;
#1776 = AXIS2_PLACEMENT_3D ( 'NONE', #1075, #63, #2283 ) ;
#1777 = CARTESIAN_POINT ( 'NONE',  ( 0.02362203230766929049, 0.0003937007874015158171, -0.04342518114433072118 ) ) ;
#1778 = DIRECTION ( 'NONE',  ( -1.000000000000000000, 0.000000000000000000, 0.000000000000000000 ) ) ;
#1779 = VERTEX_POINT ( 'NONE', #2242 ) ;
#1780 = CARTESIAN_POINT ( 'NONE',  ( -0.03346458186555852088, 0.02874015748031460288, -0.06102360634118109139 ) ) ;
#1781 = ADVANCED_FACE ( 'NONE', ( #2535 ), #2823, .F. ) ;
#1782 = EDGE_CURVE ( 'NONE', #488, #66, #131, .T. ) ;
#1783 = DIRECTION ( 'NONE',  ( -1.000000000000000000, 0.000000000000000000, 0.000000000000000000 ) ) ;
#1784 = FACE_OUTER_BOUND ( 'NONE', #3178, .T. ) ;
#1785 = VECTOR ( 'NONE', #2068, 39.37007874015748143 ) ;
#1786 = LINE ( 'NONE', #2752, #2565 ) ;
#1787 = EDGE_LOOP ( 'NONE', ( #217, #2810, #1223, #2253 ) ) ;
#1788 = CYLINDRICAL_SURFACE ( 'NONE', #743, 0.009842519685039378616 ) ;
#1789 = PRESENTATION_LAYER_ASSIGNMENT (  '', '', ( #331 ) ) ;
#1790 = SURFACE_STYLE_FILL_AREA ( #2723 ) ;
#1791 = VECTOR ( 'NONE', #3011, 39.37007874015748143 ) ;
#1792 = ORIENTED_EDGE ( 'NONE', *, *, #2598, .T. ) ;
#1793 = CARTESIAN_POINT ( 'NONE',  ( 0.04330707167775590255, 0.01181102362204815813, 0.04921261413126272466 ) ) ;
#1794 = AXIS2_PLACEMENT_3D ( 'NONE', #879, #1096, #1359 ) ;
#1795 = EDGE_LOOP ( 'NONE', ( #583, #2201, #978, #755 ) ) ;
#1796 =( LENGTH_UNIT ( ) NAMED_UNIT ( * ) SI_UNIT ( $, .METRE. ) );
#1797 = CARTESIAN_POINT ( 'NONE',  ( -0.03543308580256299828, 0.000000000000000000, -0.06397636224669291105 ) ) ;
#1798 = ORIENTED_EDGE ( 'NONE', *, *, #1094, .F. ) ;
#1799 = DIRECTION ( 'NONE',  ( 1.000000000000000000, 0.000000000000000000, 0.000000000000000000 ) ) ;
#1800 = DIRECTION ( 'NONE',  ( 0.000000000000000000, 1.000000000000000000, 0.000000000000000000 ) ) ;
#1801 = AXIS2_PLACEMENT_3D ( 'NONE', #1534, #1822, #2328 ) ;
#1802 = CARTESIAN_POINT ( 'NONE',  ( 0.03346455199270380321, 0.02185039370078740301, -0.06102360634118109139 ) ) ;
#1803 = EDGE_CURVE ( 'NONE', #2389, #1740, #2839, .T. ) ;
#1804 = CARTESIAN_POINT ( 'NONE',  ( -0.02362206218051969564, 0.03838582677165353757, 1.570606299148304935E-08 ) ) ;
#1805 = AXIS2_PLACEMENT_3D ( 'NONE', #824, #2292, #72 ) ;
#1806 = EDGE_LOOP ( 'NONE', ( #960, #3022, #2739, #2329, #2754 ) ) ;
#1807 = CARTESIAN_POINT ( 'NONE',  ( 0.03346455199270867431, 0.01102362204724363637, 0.05905513381629921149 ) ) ;
#1808 = CIRCLE ( 'NONE', #3024, 0.02017716535432961464 ) ;
#1809 = VECTOR ( 'NONE', #1281, 39.37007874015748143 ) ;
#1810 = ADVANCED_FACE ( 'NONE', ( #42 ), #1317, .T. ) ;
#1811 = EDGE_LOOP ( 'NONE', ( #1167, #2761, #3166, #346 ) ) ;
#1812 = AXIS2_PLACEMENT_3D ( 'NONE', #997, #2179, #1993 ) ;
#1813 = LINE ( 'NONE', #2777, #794 ) ;
#1814 = ORIENTED_EDGE ( 'NONE', *, *, #1865, .F. ) ;
#1815 = DIRECTION ( 'NONE',  ( -0.000000000000000000, -0.000000000000000000, 1.000000000000000000 ) ) ;
#1816 = VECTOR ( 'NONE', #1454, 39.37007874015748143 ) ;
#1817 = CARTESIAN_POINT ( 'NONE',  ( 0.02362203230766929049, 0.0007874015748031202135, -0.01106297641991732181 ) ) ;
#1818 = ORIENTED_EDGE ( 'NONE', *, *, #866, .F. ) ;
#1819 = PRESENTATION_LAYER_ASSIGNMENT (  '', '', ( #1919 ) ) ;
#1820 = LINE ( 'NONE', #41, #37 ) ;
#1821 = DIRECTION ( 'NONE',  ( 0.000000000000000000, 0.000000000000000000, -1.000000000000000000 ) ) ;
#1822 = DIRECTION ( 'NONE',  ( 0.000000000000000000, -1.000000000000000000, 0.000000000000000000 ) ) ;
#1823 = PRODUCT_DEFINITION_CONTEXT ( 'detailed design', #112, 'design' ) ;
#1824 = EDGE_LOOP ( 'NONE', ( #289, #2807, #226, #2724 ) ) ;
#1825 = DIRECTION ( 'NONE',  ( 0.000000000000000000, 0.000000000000000000, -1.000000000000000000 ) ) ;
#1826 = ORIENTED_EDGE ( 'NONE', *, *, #2528, .F. ) ;
#1827 = EDGE_CURVE ( 'NONE', #1493, #1524, #313, .T. ) ;
#1828 = CARTESIAN_POINT ( 'NONE',  ( -0.01181103855847244304, 0.0003937007874015158171, -0.04342518114433072118 ) ) ;
#1829 = VERTEX_POINT ( 'NONE', #787 ) ;
#1830 = CARTESIAN_POINT ( 'NONE',  ( 0.04527557561475419046, 0.02874015748031453002, -0.04921258271909111082 ) ) ;
#1831 = SURFACE_SIDE_STYLE ('',( #838 ) ) ;
#1832 = VERTEX_POINT ( 'NONE', #1876 ) ;
#1833 = CARTESIAN_POINT ( 'NONE',  ( -1.493642629191403235E-08, 8.190208340380164122E-17, 0.04812993696590835840 ) ) ;
#1834 = CARTESIAN_POINT ( 'NONE',  ( -0.02362206218051965401, 0.0003937007874015747977, -0.06397636224669291105 ) ) ;
#1835 = PLANE ( 'NONE',  #756 ) ;
#1836 = ORIENTED_EDGE ( 'NONE', *, *, #867, .F. ) ;
#1837 = PLANE ( 'NONE',  #1326 ) ;
#1838 = FILL_AREA_STYLE ('',( #2556 ) ) ;
#1839 = ORIENTED_EDGE ( 'NONE', *, *, #2947, .F. ) ;
#1840 = LINE ( 'NONE', #1325, #3004 ) ;
#1841 = CIRCLE ( 'NONE', #432, 0.01377952755906297448 ) ;
#1842 = EDGE_CURVE ( 'NONE', #3062, #2651, #298, .T. ) ;
#1843 = CARTESIAN_POINT ( 'NONE',  ( 0.03543305592971077167, 0.03858267716535433017, -0.05036570562785407101 ) ) ;
#1844 = ADVANCED_FACE ( 'NONE', ( #74 ), #2350, .F. ) ;
#1845 = AXIS2_PLACEMENT_3D ( 'NONE', #2920, #2382, #161 ) ;
#1846 = LINE ( 'NONE', #408, #2518 ) ;
#1847 = ORIENTED_EDGE ( 'NONE', *, *, #2886, .F. ) ;
#1848 = EDGE_CURVE ( 'NONE', #2281, #2581, #1273, .T. ) ;
#1849 = FILL_AREA_STYLE ('',( #2859 ) ) ;
#1850 = LINE ( 'NONE', #1802, #3136 ) ;
#1851 = CARTESIAN_POINT ( 'NONE',  ( 0.04724407955177160889, 0.0003937007874015747977, -0.06397636224669291105 ) ) ;
#1852 = ORIENTED_EDGE ( 'NONE', *, *, #2503, .T. ) ;
#1853 = LINE ( 'NONE', #627, #747 ) ;
#1854 = AXIS2_PLACEMENT_3D ( 'NONE', #886, #1419, #2607 ) ;
#1855 = EDGE_LOOP ( 'NONE', ( #2257, #819, #2089, #981 ) ) ;
#1856 = VECTOR ( 'NONE', #3154, 39.37007874015748143 ) ;
#1857 = FACE_OUTER_BOUND ( 'NONE', #943, .T. ) ;
#1858 = VECTOR ( 'NONE', #1328, 39.37007874015748143 ) ;
#1859 = CARTESIAN_POINT ( 'NONE',  ( -0.03789371572382283643, 3.334775382890946312E-20, -0.04342518114433071424 ) ) ;
#1860 = DIRECTION ( 'NONE',  ( 0.000000000000000000, 0.000000000000000000, 1.000000000000000000 ) ) ;
#1861 = ADVANCED_FACE ( 'NONE', ( #1892 ), #210, .T. ) ;
#1862 = LINE ( 'NONE', #132, #188 ) ;
#1863 = ORIENTED_EDGE ( 'NONE', *, *, #945, .T. ) ;
#1864 = SURFACE_SIDE_STYLE ('',( #869 ) ) ;
#1865 = EDGE_CURVE ( 'NONE', #2737, #2108, #714, .T. ) ;
#1866 = DIRECTION ( 'NONE',  ( -0.000000000000000000, -1.000000000000000000, -0.000000000000000000 ) ) ;
#1867 = VECTOR ( 'NONE', #1432, 39.37007874015748143 ) ;
#1868 = PLANE ( 'NONE',  #2967 ) ;
#1869 = ORIENTED_EDGE ( 'NONE', *, *, #2773, .T. ) ;
#1870 = CARTESIAN_POINT ( 'NONE',  ( 0.02362203230766929049, 0.03858267716535433017, 0.03937009444622047161 ) ) ;
#1871 = PLANE ( 'NONE',  #2728 ) ;
#1872 = EDGE_LOOP ( 'NONE', ( #2053, #424, #730, #477, #105, #1416 ) ) ;
#1873 = PLANE ( 'NONE',  #2093 ) ;
#1874 = CARTESIAN_POINT ( 'NONE',  ( -0.03543308580256508689, 0.03858267716535433017, 0.05036573703998242779 ) ) ;
#1875 = CARTESIAN_POINT ( 'NONE',  ( 0.04038328944500525763, 0.02874015748031452655, -0.06102360634118870336 ) ) ;
#1876 = CARTESIAN_POINT ( 'NONE',  ( -0.04724410942460630092, 0.01496062992126035406, -0.04921258271913385440 ) ) ;
#1877 = SURFACE_STYLE_USAGE ( .BOTH. , #1831 ) ;
#1878 = ORIENTED_EDGE ( 'NONE', *, *, #601, .T. ) ;
#1879 = DIRECTION ( 'NONE',  ( 0.000000000000000000, -1.000000000000000000, 0.000000000000000000 ) ) ;
#1880 = LINE ( 'NONE', #2606, #2929 ) ;
#1881 = CARTESIAN_POINT ( 'NONE',  ( -0.04724410942461024221, 0.01496062992126095774, 0.04921261413126125361 ) ) ;
#1882 = EDGE_CURVE ( 'NONE', #223, #3142, #2159, .T. ) ;
#1883 = EDGE_CURVE ( 'NONE', #2745, #2496, #2275, .T. ) ;
#1884 = CARTESIAN_POINT ( 'NONE',  ( -1.493641733050879455E-08, 0.01496062992125984405, 0.06299214169031495947 ) ) ;
#1885 = DIRECTION ( 'NONE',  ( -0.000000000000000000, -0.000000000000000000, 1.000000000000000000 ) ) ;
#1886 = EDGE_LOOP ( 'NONE', ( #2998, #2200, #464, #2533 ) ) ;
#1887 = ORIENTED_EDGE ( 'NONE', *, *, #2151, .T. ) ;
#1888 = DIRECTION ( 'NONE',  ( 0.000000000000000000, 0.000000000000000000, -1.000000000000000000 ) ) ;
#1889 = FACE_OUTER_BOUND ( 'NONE', #660, .T. ) ;
#1890 = VECTOR ( 'NONE', #2392, 39.37007874015748143 ) ;
#1891 = DIRECTION ( 'NONE',  ( -1.000000000000000000, -0.000000000000000000, -0.000000000000000000 ) ) ;
#1892 = FACE_OUTER_BOUND ( 'NONE', #3072, .T. ) ;
#1893 = CIRCLE ( 'NONE', #2799, 0.02017716535432961464 ) ;
#1894 = VERTEX_POINT ( 'NONE', #1908 ) ;
#1895 = DIRECTION ( 'NONE',  ( 0.000000000000000000, 0.000000000000000000, -1.000000000000000000 ) ) ;
#1896 = CARTESIAN_POINT ( 'NONE',  ( -0.05216536926712598415, 0.0007874015748031495954, 1.570606299575155940E-08 ) ) ;
#1897 = CARTESIAN_POINT ( 'NONE',  ( -0.03346458186555976988, 0.01496062992126035406, -0.06299211027818897579 ) ) ;
#1898 = DIRECTION ( 'NONE',  ( -0.000000000000000000, -1.000000000000000000, -0.000000000000000000 ) ) ;
#1899 = DIRECTION ( 'NONE',  ( -0.000000000000000000, -1.000000000000000000, -0.000000000000000000 ) ) ;
#1900 = ADVANCED_FACE ( 'NONE', ( #1714 ), #2681, .F. ) ;
#1901 = ORIENTED_EDGE ( 'NONE', *, *, #1725, .T. ) ;
#1902 = ORIENTED_EDGE ( 'NONE', *, *, #2690, .F. ) ;
#1903 = LINE ( 'NONE', #3145, #1506 ) ;
#1904 = DIRECTION ( 'NONE',  ( 0.000000000000000000, 0.000000000000000000, 1.000000000000000000 ) ) ;
#1905 = VECTOR ( 'NONE', #2769, 39.37007874015748143 ) ;
#1906 = ADVANCED_FACE ( 'NONE', ( #2367, #1649 ), #2872, .T. ) ;
#1907 = AXIS2_PLACEMENT_3D ( 'NONE', #2440, #3139, #2455 ) ;
#1908 = CARTESIAN_POINT ( 'NONE',  ( -1.493642629191403235E-08, 0.001968503937007746053, 0.04812993696590835840 ) ) ;
#1909 = COLOUR_RGB ( '',0.2352941176470588203, 0.2352941176470588203, 0.2352941176470588203 ) ;
#1910 = CIRCLE ( 'NONE', #820, 0.009842519685039378616 ) ;
#1911 = ORIENTED_EDGE ( 'NONE', *, *, #3052, .T. ) ;
#1912 = PLANE ( 'NONE',  #2569 ) ;
#1913 = DIRECTION ( 'NONE',  ( 0.000000000000000000, 0.000000000000000000, 1.000000000000000000 ) ) ;
#1914 = LINE ( 'NONE', #2374, #1123 ) ;
#1915 = CARTESIAN_POINT ( 'NONE',  ( -0.02362206218051969564, 0.03848425196850394081, 0.03937009444622046467 ) ) ;
#1916 = PRESENTATION_LAYER_ASSIGNMENT (  '', '', ( #95 ) ) ;
#1917 = FACE_OUTER_BOUND ( 'NONE', #1537, .T. ) ;
#1918 = ORIENTED_EDGE ( 'NONE', *, *, #925, .F. ) ;
#1919 = STYLED_ITEM ( 'NONE', ( #1258 ), #2987 ) ;
#1920 = ORIENTED_EDGE ( 'NONE', *, *, #986, .F. ) ;
#1921 = FACE_OUTER_BOUND ( 'NONE', #1584, .T. ) ;
#1922 = CARTESIAN_POINT ( 'NONE',  ( -0.03543308580256693263, 0.02874015748031496023, 0.04921261413125670170 ) ) ;
#1923 = ORIENTED_EDGE ( 'NONE', *, *, #164, .T. ) ;
#1924 = EDGE_CURVE ( 'NONE', #1056, #317, #2270, .T. ) ;
#1925 = CARTESIAN_POINT ( 'NONE',  ( -0.04913387320413386411, 0.000000000000000000, 0.06241930704464566937 ) ) ;
#1926 = EDGE_LOOP ( 'NONE', ( #1409, #2004, #549, #2436 ) ) ;
#1927 = LINE ( 'NONE', #2513, #2319 ) ;
#1928 = CARTESIAN_POINT ( 'NONE',  ( 0.03543305592971654483, 0.03858267716535433711, 1.570606299575155940E-08 ) ) ;
#1929 = DIRECTION ( 'NONE',  ( -1.000000000000000000, 0.000000000000000000, 0.000000000000000000 ) ) ;
#1930 = DIRECTION ( 'NONE',  ( -0.000000000000000000, 1.000000000000000000, 0.000000000000000000 ) ) ;
#1931 = CARTESIAN_POINT ( 'NONE',  ( 0.04527557561476378001, 0.01496062992125984405, 1.570606299575155940E-08 ) ) ;
#1932 = ORIENTED_EDGE ( 'NONE', *, *, #3029, .F. ) ;
#1933 = ORIENTED_EDGE ( 'NONE', *, *, #3048, .F. ) ;
#1934 = CARTESIAN_POINT ( 'NONE',  ( -0.04527560548758518405, 0.02874015748031394368, -0.05613132017199028156 ) ) ;
#1935 = CARTESIAN_POINT ( 'NONE',  ( -0.04527560548760852649, 0.02874015748031453002, 0.04921261413121681694 ) ) ;
#1936 = LINE ( 'NONE', #1678, #2921 ) ;
#1937 = EDGE_LOOP ( 'NONE', ( #645, #3036, #1119, #2438, #2236, #572 ) ) ;
#1938 = UNCERTAINTY_MEASURE_WITH_UNIT (LENGTH_MEASURE( 1.000000000000000082E-05 ), #1531, 'distance_accuracy_value', 'NONE');
#1939 = CARTESIAN_POINT ( 'NONE',  ( -0.03543308580256698814, 0.03858267716535433017, 0.04921261413125747886 ) ) ;
#1940 = AXIS2_PLACEMENT_3D ( 'NONE', #2052, #2347, #835 ) ;
#1941 = EDGE_CURVE ( 'NONE', #2974, #613, #2138, .T. ) ;
#1942 = ORIENTED_EDGE ( 'NONE', *, *, #204, .F. ) ;
#1943 = LINE ( 'NONE', #933, #1027 ) ;
#1944 = VECTOR ( 'NONE', #2962, 39.37007874015748143 ) ;
#1945 =( CONVERSION_BASED_UNIT ( 'INCH', #2423 ) LENGTH_UNIT ( ) NAMED_UNIT ( #1016 ) );
#1946 = EDGE_CURVE ( 'NONE', #724, #3057, #1275, .T. ) ;
#1947 =( GEOMETRIC_REPRESENTATION_CONTEXT ( 3 ) GLOBAL_UNCERTAINTY_ASSIGNED_CONTEXT ( ( #1938 ) ) GLOBAL_UNIT_ASSIGNED_CONTEXT ( ( #1531, #3149, #1414 ) ) REPRESENTATION_CONTEXT ( 'NONE', 'WORKASPACE' ) );
#1948 = LINE ( 'NONE', #1181, #1856 ) ;
#1949 = LINE ( 'NONE', #1518, #2071 ) ;
#1950 = ORIENTED_EDGE ( 'NONE', *, *, #2290, .T. ) ;
#1951 = ORIENTED_EDGE ( 'NONE', *, *, #2447, .T. ) ;
#1952 = LINE ( 'NONE', #202, #220 ) ;
#1953 = ADVANCED_BREP_SHAPE_REPRESENTATION ( 'sph0645lm4h-b', ( #3049, #1180 ), #1342 ) ;
#1954 = CARTESIAN_POINT ( 'NONE',  ( 0.04038328944500201023, 0.02874015748031453002, 0.06102363775333166651 ) ) ;
#1955 = DIRECTION ( 'NONE',  ( -0.000000000000000000, -1.000000000000000000, -0.000000000000000000 ) ) ;
#1956 = ORIENTED_EDGE ( 'NONE', *, *, #2927, .T. ) ;
#1957 = DIRECTION ( 'NONE',  ( 0.000000000000000000, 0.000000000000000000, -1.000000000000000000 ) ) ;
#1958 = CARTESIAN_POINT ( 'NONE',  ( 0.000000000000000000, 0.000000000000000000, 0.000000000000000000 ) ) ;
#1959 = VERTEX_POINT ( 'NONE', #1541 ) ;
#1960 = AXIS2_PLACEMENT_3D ( 'NONE', #1367, #1655, #902 ) ;
#1961 = CARTESIAN_POINT ( 'NONE',  ( -1.493641733050879455E-08, 0.000000000000000000, -0.06397636224669292493 ) ) ;
#1962 = EDGE_CURVE ( 'NONE', #2948, #1627, #2495, .T. ) ;
#1963 = VECTOR ( 'NONE', #3074, 39.37007874015748143 ) ;
#1964 = CARTESIAN_POINT ( 'NONE',  ( 0.01181100868562204829, 0.0007874015748031497038, -0.05616140161677166814 ) ) ;
#1965 = DIRECTION ( 'NONE',  ( 0.000000000000000000, 0.000000000000000000, -1.000000000000000000 ) ) ;
#1966 = VECTOR ( 'NONE', #2633, 39.37007874015748143 ) ;
#1967 = EDGE_CURVE ( 'NONE', #370, #201, #1734, .T. ) ;
#1968 = DIRECTION ( 'NONE',  ( 0.000000000000000000, -1.000000000000000000, 0.000000000000000000 ) ) ;
#1969 = CARTESIAN_POINT ( 'NONE',  ( -1.493641733477730790E-08, 0.0007874015748031495954, -0.04342518114433070037 ) ) ;
#1970 = FILL_AREA_STYLE ('',( #1456 ) ) ;
#1971 = ORIENTED_EDGE ( 'NONE', *, *, #2753, .F. ) ;
#1972 = CIRCLE ( 'NONE', #2022, 0.009842519685039375146 ) ;
#1973 = CARTESIAN_POINT ( 'NONE',  ( 0.03346455199270867431, 0.01102362204724317840, 0.04921261413125983808 ) ) ;
#1974 = CARTESIAN_POINT ( 'NONE',  ( 0.02098423703207873831, 0.001968503937007873988, 0.04896313455606297188 ) ) ;
#1975 = VECTOR ( 'NONE', #2699, 39.37007874015748143 ) ;
#1976 = ORIENTED_EDGE ( 'NONE', *, *, #180, .T. ) ;
#1977 = DIRECTION ( 'NONE',  ( -0.000000000000000000, 1.000000000000000000, -0.000000000000000000 ) ) ;
#1978 = DIMENSIONAL_EXPONENTS ( 1.000000000000000000, 0.000000000000000000, 0.000000000000000000, 0.000000000000000000, 0.000000000000000000, 0.000000000000000000, 0.000000000000000000 ) ;
#1979 = ORIENTED_EDGE ( 'NONE', *, *, #288, .F. ) ;
#1980 = LINE ( 'NONE', #2640, #762 ) ;
#1981 = EDGE_CURVE ( 'NONE', #1894, #513, #1045, .T. ) ;
#1982 = CARTESIAN_POINT ( 'NONE',  ( -1.493641733477730790E-08, 0.0003937007874015747977, -0.01106297641991733742 ) ) ;
#1983 = DIRECTION ( 'NONE',  ( 0.000000000000000000, 2.168404344969278551E-16, 1.000000000000000000 ) ) ;
#1984 = EDGE_CURVE ( 'NONE', #2496, #36, #1214, .T. ) ;
#1985 = VERTEX_POINT ( 'NONE', #2006 ) ;
#1986 = EDGE_CURVE ( 'NONE', #2801, #2325, #3002, .T. ) ;
#1987 = EDGE_LOOP ( 'NONE', ( #292, #932, #2157, #3051, #955, #2665, #1148, #646 ) ) ;
#1988 = DIRECTION ( 'NONE',  ( 0.000000000000000000, 0.000000000000000000, 1.000000000000000000 ) ) ;
#1989 = CARTESIAN_POINT ( 'NONE',  ( 0.05216533939429129907, 0.0003937007874015747977, -0.03161415752228051435 ) ) ;
#1990 = VERTEX_POINT ( 'NONE', #1793 ) ;
#1991 = DIRECTION ( 'NONE',  ( 0.000000000000000000, 0.000000000000000000, -1.000000000000000000 ) ) ;
#1992 = ORIENTED_EDGE ( 'NONE', *, *, #50, .F. ) ;
#1993 = DIRECTION ( 'NONE',  ( 0.000000000000000000, 0.000000000000000000, -1.000000000000000000 ) ) ;
#1994 = SURFACE_SIDE_STYLE ('',( #2180 ) ) ;
#1995 = ORIENTED_EDGE ( 'NONE', *, *, #924, .F. ) ;
#1996 = DIRECTION ( 'NONE',  ( -0.000000000000000000, -1.000000000000000000, -0.000000000000000000 ) ) ;
#1997 = AXIS2_PLACEMENT_3D ( 'NONE', #516, #501, #2021 ) ;
#1998 = FACE_OUTER_BOUND ( 'NONE', #3017, .T. ) ;
#1999 = PRESENTATION_LAYER_ASSIGNMENT (  '', '', ( #171 ) ) ;
#2000 = COLOUR_RGB ( '',1.000000000000000000, 1.000000000000000000, 0.5294117647058823595 ) ;
#2001 = ORIENTED_EDGE ( 'NONE', *, *, #586, .T. ) ;
#2002 = CARTESIAN_POINT ( 'NONE',  ( -0.04724410942460630092, 0.0003937007874015748519, 1.570606299575155940E-08 ) ) ;
#2003 = EDGE_CURVE ( 'NONE', #2010, #1773, #2464, .T. ) ;
#2004 = ORIENTED_EDGE ( 'NONE', *, *, #3109, .T. ) ;
#2005 = ADVANCED_FACE ( 'NONE', ( #1758 ), #2708, .F. ) ;
#2006 = CARTESIAN_POINT ( 'NONE',  ( -0.02362206218051965748, 8.336938457227365779E-21, -0.03161415752227953596 ) ) ;
#2007 = ORIENTED_EDGE ( 'NONE', *, *, #185, .T. ) ;
#2008 = CARTESIAN_POINT ( 'NONE',  ( 0.04330707167775588173, 0.01102362204724409434, 1.570606299575155940E-08 ) ) ;
#2009 = VECTOR ( 'NONE', #1623, 39.37007874015748143 ) ;
#2010 = VERTEX_POINT ( 'NONE', #2725 ) ;
#2011 = CARTESIAN_POINT ( 'NONE',  ( 0.05216533939429133376, 0.005708661417322834566, -0.06889762208921258735 ) ) ;
#2012 = VECTOR ( 'NONE', #571, 39.37007874015748143 ) ;
#2013 = DIRECTION ( 'NONE',  ( -0.000000000000000000, -0.000000000000000000, 1.000000000000000000 ) ) ;
#2014 = CARTESIAN_POINT ( 'NONE',  ( -0.01574804643248819622, 0.03858267716535432323, -0.02952754334905117670 ) ) ;
#2015 = STYLED_ITEM ( 'NONE', ( #1032 ), #930 ) ;
#2016 = VERTEX_POINT ( 'NONE', #1478 ) ;
#2017 = CARTESIAN_POINT ( 'NONE',  ( -1.493642629438502267E-08, 8.190208340380164122E-17, 0.007775606257249129995 ) ) ;
#2018 = CARTESIAN_POINT ( 'NONE',  ( 0.04527557561477688758, 0.02874015748031453002, 0.05613135158355935656 ) ) ;
#2019 =( LENGTH_UNIT ( ) NAMED_UNIT ( * ) SI_UNIT ( $, .METRE. ) );
#2020 = ORIENTED_EDGE ( 'NONE', *, *, #1128, .F. ) ;
#2021 = DIRECTION ( 'NONE',  ( 0.000000000000000000, 0.000000000000000000, -1.000000000000000000 ) ) ;
#2022 = AXIS2_PLACEMENT_3D ( 'NONE', #706, #969, #2220 ) ;
#2023 = ORIENTED_EDGE ( 'NONE', *, *, #1865, .T. ) ;
#2024 = EDGE_CURVE ( 'NONE', #2251, #1315, #4, .T. ) ;
#2025 = ADVANCED_FACE ( 'NONE', ( #1224 ), #2985, .F. ) ;
#2026 = CARTESIAN_POINT ( 'NONE',  ( -0.05216536926712602579, 0.0007874015748031495954, -0.03161415752228051435 ) ) ;
#2027 = VERTEX_POINT ( 'NONE', #779 ) ;
#2028 = DIRECTION ( 'NONE',  ( 0.000000000000000000, 0.000000000000000000, 1.000000000000000000 ) ) ;
#2029 = CYLINDRICAL_SURFACE ( 'NONE', #2348, 0.01181102362204329743 ) ;
#2030 = DIRECTION ( 'NONE',  ( 0.000000000000000000, 0.000000000000000000, -1.000000000000000000 ) ) ;
#2031 = ORIENTED_EDGE ( 'NONE', *, *, #1431, .F. ) ;
#2032 = CARTESIAN_POINT ( 'NONE',  ( 0.04724407955177203911, 0.0006889763779526969154, -0.006141716577397637704 ) ) ;
#2033 = SURFACE_SIDE_STYLE ('',( #1790 ) ) ;
#2034 = ORIENTED_EDGE ( 'NONE', *, *, #850, .T. ) ;
#2035 = CARTESIAN_POINT ( 'NONE',  ( -0.03346458186554569086, 0.02874015748031496023, 0.05118111806826993598 ) ) ;
#2036 = DIMENSIONAL_EXPONENTS ( 1.000000000000000000, 0.000000000000000000, 0.000000000000000000, 0.000000000000000000, 0.000000000000000000, 0.000000000000000000, 0.000000000000000000 ) ;
#2037 = ORIENTED_EDGE ( 'NONE', *, *, #2832, .F. ) ;
#2038 = SURFACE_STYLE_USAGE ( .BOTH. , #504 ) ;
#2039 = EDGE_CURVE ( 'NONE', #2531, #2988, #1743, .T. ) ;
#2040 = DIRECTION ( 'NONE',  ( 1.000000000000000000, -0.000000000000000000, -0.000000000000000000 ) ) ;
#2041 = VERTEX_POINT ( 'NONE', #2206 ) ;
#2042 = LINE ( 'NONE', #573, #138 ) ;
#2043 = SURFACE_STYLE_USAGE ( .BOTH. , #1301 ) ;
#2044 = EDGE_CURVE ( 'NONE', #2315, #2234, #3180, .T. ) ;
#2045 = VECTOR ( 'NONE', #979, 39.37007874015748143 ) ;
#2046 = DIRECTION ( 'NONE',  ( 0.000000000000000000, 2.168404344971010840E-16, 1.000000000000000000 ) ) ;
#2047 = ORIENTED_EDGE ( 'NONE', *, *, #725, .F. ) ;
#2048 = DIRECTION ( 'NONE',  ( 1.000000000000000000, 0.000000000000000000, 0.000000000000000000 ) ) ;
#2049 = AXIS2_PLACEMENT_3D ( 'NONE', #1252, #29, #451 ) ;
#2050 = STYLED_ITEM ( 'NONE', ( #2219 ), #1663 ) ;
#2051 = VERTEX_POINT ( 'NONE', #2694 ) ;
#2052 = CARTESIAN_POINT ( 'NONE',  ( 0.02305116616593700166, 0.0009999102172622048763, -0.04342518114433071424 ) ) ;
#2053 = ORIENTED_EDGE ( 'NONE', *, *, #2966, .F. ) ;
#2054 = ORIENTED_EDGE ( 'NONE', *, *, #1606, .T. ) ;
#2055 = CARTESIAN_POINT ( 'NONE',  ( -0.03541928242623493955, 0.03858267716535433711, -0.05033195302565350582 ) ) ;
#2056 = PRESENTATION_STYLE_ASSIGNMENT (( #2043 ) ) ;
#2057 = AXIS2_PLACEMENT_3D ( 'NONE', #2844, #641, #491 ) ;
#2058 = SURFACE_STYLE_FILL_AREA ( #807 ) ;
#2059 = DIRECTION ( 'NONE',  ( 0.000000000000000000, 1.000000000000000000, 0.000000000000000000 ) ) ;
#2060 = AXIS2_PLACEMENT_3D ( 'NONE', #2716, #701, #8 ) ;
#2061 = ADVANCED_FACE ( 'NONE', ( #2938 ), #731, .T. ) ;
#2062 = ORIENTED_EDGE ( 'NONE', *, *, #410, .F. ) ;
#2063 = PRODUCT_DEFINITION_FORMATION_WITH_SPECIFIED_SOURCE ( 'ANY', '', #2314, .NOT_KNOWN. ) ;
#2064 = FACE_OUTER_BOUND ( 'NONE', #364, .T. ) ;
#2065 = PRESENTATION_LAYER_ASSIGNMENT (  '', '', ( #240 ) ) ;
#2066 = ORIENTED_EDGE ( 'NONE', *, *, #2269, .F. ) ;
#2067 = AXIS2_PLACEMENT_3D ( 'NONE', #2137, #2391, #2361 ) ;
#2068 = DIRECTION ( 'NONE',  ( 0.000000000000000000, 1.000000000000000000, 0.000000000000000000 ) ) ;
#2069 = ORIENTED_EDGE ( 'NONE', *, *, #2471, .T. ) ;
#2070 = DIRECTION ( 'NONE',  ( 0.000000000000000000, 0.000000000000000000, -1.000000000000000000 ) ) ;
#2071 = VECTOR ( 'NONE', #1720, 39.37007874015748143 ) ;
#2072 = ORIENTED_EDGE ( 'NONE', *, *, #1556, .F. ) ;
#2073 = CIRCLE ( 'NONE', #665, 0.001968503937007883529 ) ;
#2074 = CARTESIAN_POINT ( 'NONE',  ( -0.04330710155059055988, 0.01181102362204828650, 1.570606299575155940E-08 ) ) ;
#2075 = CARTESIAN_POINT ( 'NONE',  ( 0.04527557561475787501, 0.01496062992125985272, 0.04921261413125800621 ) ) ;
#2076 = DIRECTION ( 'NONE',  ( 0.000000000000000000, -1.000000000000000000, 0.000000000000000000 ) ) ;
#2077 = ORIENTED_EDGE ( 'NONE', *, *, #2693, .T. ) ;
#2078 = DIRECTION ( 'NONE',  ( 0.000000000000000000, 0.000000000000000000, 1.000000000000000000 ) ) ;
#2079 = LENGTH_MEASURE_WITH_UNIT ( LENGTH_MEASURE( 0.02539999999999999897 ), #792 );
#2080 = EDGE_CURVE ( 'NONE', #1095, #659, #1494, .T. ) ;
#2081 = ADVANCED_FACE ( 'NONE', ( #2480 ), #1255, .F. ) ;
#2082 = ORIENTED_EDGE ( 'NONE', *, *, #1162, .T. ) ;
#2083 = DIRECTION ( 'NONE',  ( 1.000000000000000000, 0.000000000000000000, 0.000000000000000000 ) ) ;
#2084 = EDGE_CURVE ( 'NONE', #1627, #1479, #128, .T. ) ;
#2085 = CARTESIAN_POINT ( 'NONE',  ( 0.03543305592973480106, 0.02874015748031496023, 0.04921261413125794376 ) ) ;
#2086 = ORIENTED_EDGE ( 'NONE', *, *, #2172, .T. ) ;
#2087 = LINE ( 'NONE', #103, #2476 ) ;
#2088 = FACE_OUTER_BOUND ( 'NONE', #2680, .T. ) ;
#2089 = ORIENTED_EDGE ( 'NONE', *, *, #1473, .F. ) ;
#2090 = LINE ( 'NONE', #2555, #275 ) ;
#2091 = DIRECTION ( 'NONE',  ( 0.000000000000000000, -1.000000000000000000, 0.000000000000000000 ) ) ;
#2092 = VECTOR ( 'NONE', #1977, 39.37007874015748143 ) ;
#2093 = AXIS2_PLACEMENT_3D ( 'NONE', #630, #1628, #2596 ) ;
#2094 = EDGE_LOOP ( 'NONE', ( #2883, #2835, #778, #398 ) ) ;
#2095 = EDGE_CURVE ( 'NONE', #2564, #713, #1840, .T. ) ;
#2096 = DIRECTION ( 'NONE',  ( 1.000000000000000000, 0.000000000000000000, 0.000000000000000000 ) ) ;
#2097 = VECTOR ( 'NONE', #2013, 39.37007874015748143 ) ;
#2098 = CARTESIAN_POINT ( 'NONE',  ( 0.04527557561476377307, 0.02185039370078740301, -0.04921258271913385440 ) ) ;
#2099 = EDGE_CURVE ( 'NONE', #673, #2041, #2820, .T. ) ;
#2100 = ORIENTED_EDGE ( 'NONE', *, *, #1578, .F. ) ;
#2101 = FACE_OUTER_BOUND ( 'NONE', #839, .T. ) ;
#2102 = LINE ( 'NONE', #1179, #562 ) ;
#2103 = LINE ( 'NONE', #2148, #814 ) ;
#2104 = ORIENTED_EDGE ( 'NONE', *, *, #2115, .F. ) ;
#2105 = FILL_AREA_STYLE_COLOUR ( '', #2000 ) ;
#2106 = PLANE ( 'NONE',  #1351 ) ;
#2107 = VECTOR ( 'NONE', #2403, 39.37007874015748143 ) ;
#2108 = VERTEX_POINT ( 'NONE', #351 ) ;
#2109 = PRESENTATION_LAYER_ASSIGNMENT (  '', '', ( #392 ) ) ;
#2110 = CARTESIAN_POINT ( 'NONE',  ( 0.03480313466987403070, 0.01159851497958661395, -0.06299211027818897579 ) ) ;
#2111 = CARTESIAN_POINT ( 'NONE',  ( -0.04771655036948819345, 0.0006062094298606300787, -0.01106297641991732354 ) ) ;
#2112 = AXIS2_PLACEMENT_3D ( 'NONE', #1110, #2113, #650 ) ;
#2113 = DIRECTION ( 'NONE',  ( 0.000000000000000000, 0.000000000000000000, 1.000000000000000000 ) ) ;
#2114 = LINE ( 'NONE', #2502, #2454 ) ;
#2115 = EDGE_CURVE ( 'NONE', #2564, #1319, #1109, .T. ) ;
#2116 = ADVANCED_FACE ( 'NONE', ( #1078 ), #3067, .F. ) ;
#2117 = ORIENTED_EDGE ( 'NONE', *, *, #833, .F. ) ;
#2118 = DIRECTION ( 'NONE',  ( 0.000000000000000000, -1.000000000000000000, 0.000000000000000000 ) ) ;
#2119 = DIRECTION ( 'NONE',  ( -0.000000000000000000, -0.000000000000000000, -1.000000000000000000 ) ) ;
#2120 = VECTOR ( 'NONE', #592, 39.37007874015748143 ) ;
#2121 = PLANE ( 'NONE',  #1229 ) ;
#2122 = DIRECTION ( 'NONE',  ( 0.000000000000000000, 0.000000000000000000, -1.000000000000000000 ) ) ;
#2123 = ORIENTED_EDGE ( 'NONE', *, *, #2370, .F. ) ;
#2124 = ORIENTED_EDGE ( 'NONE', *, *, #2886, .T. ) ;
#2125 = DIRECTION ( 'NONE',  ( -0.000000000000000000, 1.000000000000000000, -0.000000000000000000 ) ) ;
#2126 = CARTESIAN_POINT ( 'NONE',  ( 0.03346455199270867431, 0.01496062992125985272, -0.04921258271913385440 ) ) ;
#2127 = CARTESIAN_POINT ( 'NONE',  ( 0.05425195356751968262, 0.0003937007874015748519, 0.07165355901314961196 ) ) ;
#2128 = ORIENTED_EDGE ( 'NONE', *, *, #12, .F. ) ;
#2129 = CARTESIAN_POINT ( 'NONE',  ( 0.03685037876436222937, 0.03858267716535433711, 0.05322836216275590032 ) ) ;
#2130 = EDGE_CURVE ( 'NONE', #2789, #3057, #1108, .T. ) ;
#2131 = DIRECTION ( 'NONE',  ( -1.000000000000000000, 0.000000000000000000, 0.000000000000000000 ) ) ;
#2132 = DIRECTION ( 'NONE',  ( 0.000000000000000000, 0.000000000000000000, 1.000000000000000000 ) ) ;
#2133 = EDGE_CURVE ( 'NONE', #1012, #659, #1376, .T. ) ;
#2134 = DIRECTION ( 'NONE',  ( 0.000000000000000000, 1.000000000000000000, 0.000000000000000000 ) ) ;
#2135 = ORIENTED_EDGE ( 'NONE', *, *, #2003, .F. ) ;
#2136 = ORIENTED_EDGE ( 'NONE', *, *, #3010, .T. ) ;
#2137 = CARTESIAN_POINT ( 'NONE',  ( 0.04724407955177165053, 0.01159851497958661395, 0.05118111806826771554 ) ) ;
#2138 = CIRCLE ( 'NONE', #2198, 0.01377952755906297448 ) ;
#2139 = PRESENTATION_STYLE_ASSIGNMENT (( #2435 ) ) ;
#2140 = VERTEX_POINT ( 'NONE', #614 ) ;
#2141 =( GEOMETRIC_REPRESENTATION_CONTEXT ( 3 ) GLOBAL_UNCERTAINTY_ASSIGNED_CONTEXT ( ( #576 ) ) GLOBAL_UNIT_ASSIGNED_CONTEXT ( ( #1057, #1572, #2788 ) ) REPRESENTATION_CONTEXT ( 'NONE', 'WORKASPACE' ) );
#2142 = CARTESIAN_POINT ( 'NONE',  ( -0.03541974757166688886, 0.03858267716535433711, 0.05029426395951699241 ) ) ;
#2143 =( CONVERSION_BASED_UNIT ( 'INCH', #2368 ) LENGTH_UNIT ( ) NAMED_UNIT ( #995 ) );
#2144 = ORIENTED_EDGE ( 'NONE', *, *, #1536, .T. ) ;
#2145 = DIRECTION ( 'NONE',  ( 0.000000000000000000, 0.000000000000000000, 1.000000000000000000 ) ) ;
#2146 = CARTESIAN_POINT ( 'NONE',  ( 0.03346455199270867431, 0.01496062992125984752, 0.06102363775330708895 ) ) ;
#2147 = ADVANCED_FACE ( 'NONE', ( #97 ), #3053, .F. ) ;
#2148 = CARTESIAN_POINT ( 'NONE',  ( -1.493642518884029005E-08, 0.02874015748031496370, -0.06102360634118109139 ) ) ;
#2149 = PLANE ( 'NONE',  #2854 ) ;
#2150 = DIRECTION ( 'NONE',  ( -0.000000000000000000, -1.000000000000000000, -0.000000000000000000 ) ) ;
#2151 = EDGE_CURVE ( 'NONE', #1137, #54, #337, .T. ) ;
#2152 = ORIENTED_EDGE ( 'NONE', *, *, #2471, .F. ) ;
#2153 = ORIENTED_EDGE ( 'NONE', *, *, #1924, .F. ) ;
#2154 = CARTESIAN_POINT ( 'NONE',  ( 0.05216533939429133376, 0.005708661417322834566, -0.03161415752228346338 ) ) ;
#2155 = CARTESIAN_POINT ( 'NONE',  ( -0.03543308580256714080, 0.03858267716535433017, 0.04921261413126334222 ) ) ;
#2156 = DIRECTION ( 'NONE',  ( 0.000000000000000000, 0.000000000000000000, 1.000000000000000000 ) ) ;
#2157 = ORIENTED_EDGE ( 'NONE', *, *, #3130, .T. ) ;
#2158 = AXIS2_PLACEMENT_3D ( 'NONE', #884, #2588, #1383 ) ;
#2159 = LINE ( 'NONE', #931, #2246 ) ;
#2160 = PRODUCT_CONTEXT ( 'NONE', #1322, 'mechanical' ) ;
#2161 = COLOUR_RGB ( '',0.2352941176470588203, 0.4705882352941176405, 0.000000000000000000 ) ;
#2162 = ORIENTED_EDGE ( 'NONE', *, *, #227, .T. ) ;
#2163 = LINE ( 'NONE', #1196, #2262 ) ;
#2164 = DIRECTION ( 'NONE',  ( -1.000000000000000000, 0.000000000000000000, 0.000000000000000000 ) ) ;
#2165 = LINE ( 'NONE', #1982, #2362 ) ;
#2166 = LINE ( 'NONE', #395, #2301 ) ;
#2167 = VECTOR ( 'NONE', #232, 39.37007874015748143 ) ;
#2168 = CARTESIAN_POINT ( 'NONE',  ( 0.04527557561476047709, 0.02874015748031474513, 0.04921261413125593148 ) ) ;
#2169 = ORIENTED_EDGE ( 'NONE', *, *, #1353, .F. ) ;
#2170 = VECTOR ( 'NONE', #1778, 39.37007874015748143 ) ;
#2171 = ORIENTED_EDGE ( 'NONE', *, *, #1349, .F. ) ;
#2172 = EDGE_CURVE ( 'NONE', #233, #1832, #372, .T. ) ;
#2173 = EDGE_CURVE ( 'NONE', #1990, #2027, #306, .T. ) ;
#2174 = SURFACE_STYLE_FILL_AREA ( #1188 ) ;
#2175 = LINE ( 'NONE', #468, #975 ) ;
#2176 = ORIENTED_EDGE ( 'NONE', *, *, #1068, .F. ) ;
#2177 = ADVANCED_FACE ( 'NONE', ( #1857 ), #1615, .T. ) ;
#2178 = ORIENTED_EDGE ( 'NONE', *, *, #2250, .T. ) ;
#2179 = DIRECTION ( 'NONE',  ( -0.000000000000000000, 1.000000000000000000, -0.000000000000000000 ) ) ;
#2180 = SURFACE_STYLE_FILL_AREA ( #260 ) ;
#2181 = CARTESIAN_POINT ( 'NONE',  ( 0.05216533939429129907, 0.0007874015748031495954, -0.04342518114433070037 ) ) ;
#2182 = CARTESIAN_POINT ( 'NONE',  ( 0.05216533939429133376, 0.0001811023622047244265, 0.07165355901314961196 ) ) ;
#2183 = VERTEX_POINT ( 'NONE', #2321 ) ;
#2184 = DIRECTION ( 'NONE',  ( 1.000000000000000000, 0.000000000000000000, 0.000000000000000000 ) ) ;
#2185 = CARTESIAN_POINT ( 'NONE',  ( 0.04724407955177157420, 0.000000000000000000, -0.01106297641991732528 ) ) ;
#2186 = ADVANCED_FACE ( 'NONE', ( #2285 ), #3037, .F. ) ;
#2187 = DIRECTION ( 'NONE',  ( 4.336808689942014285E-16, 1.000000000000000000, 0.000000000000000000 ) ) ;
#2188 = ORIENTED_EDGE ( 'NONE', *, *, #2370, .T. ) ;
#2189 = UNCERTAINTY_MEASURE_WITH_UNIT (LENGTH_MEASURE( 1.000000000000000082E-05 ), #1417, 'distance_accuracy_value', 'NONE');
#2190 = VECTOR ( 'NONE', #1525, 39.37007874015748143 ) ;
#2191 = ORIENTED_EDGE ( 'NONE', *, *, #2273, .F. ) ;
#2192 = EDGE_CURVE ( 'NONE', #268, #873, #1813, .T. ) ;
#2193 = DIRECTION ( 'NONE',  ( 0.000000000000000000, 0.000000000000000000, 1.000000000000000000 ) ) ;
#2194 = VECTOR ( 'NONE', #1287, 39.37007874015748143 ) ;
#2195 = CARTESIAN_POINT ( 'NONE',  ( -0.05425198344035434689, 0.01102362204724409434, 0.07165355901314961196 ) ) ;
#2196 = CARTESIAN_POINT ( 'NONE',  ( -1.493642518884029005E-08, 0.01496062992125975037, -0.06299211027818897579 ) ) ;
#2197 = SURFACE_SIDE_STYLE ('',( #1261 ) ) ;
#2198 = AXIS2_PLACEMENT_3D ( 'NONE', #532, #2511, #2226 ) ;
#2199 = DIRECTION ( 'NONE',  ( -1.000000000000000000, 0.000000000000000000, 2.168404344971007882E-16 ) ) ;
#2200 = ORIENTED_EDGE ( 'NONE', *, *, #3048, .T. ) ;
#2201 = ORIENTED_EDGE ( 'NONE', *, *, #267, .F. ) ;
#2202 = DIRECTION ( 'NONE',  ( -0.000000000000000000, -1.000000000000000000, 1.084202172484639029E-16 ) ) ;
#2203 = CARTESIAN_POINT ( 'NONE',  ( 0.05273620553602361566, 0.0009999102172622048763, -0.03161415752227953596 ) ) ;
#2204 =( LENGTH_UNIT ( ) NAMED_UNIT ( * ) SI_UNIT ( $, .METRE. ) );
#2205 = ORIENTED_EDGE ( 'NONE', *, *, #1644, .F. ) ;
#2206 = CARTESIAN_POINT ( 'NONE',  ( 0.03346455199270623876, 0.01496062992125985272, -0.06102360634118108446 ) ) ;
#2207 = EDGE_CURVE ( 'NONE', #748, #2010, #570, .T. ) ;
#2208 = VERTEX_POINT ( 'NONE', #2542 ) ;
#2209 = AXIS2_PLACEMENT_3D ( 'NONE', #898, #2145, #1142 ) ;
#2210 = LINE ( 'NONE', #1961, #2818 ) ;
#2211 = STYLED_ITEM ( 'NONE', ( #369 ), #3108 ) ;
#2212 = CIRCLE ( 'NONE', #1701, 0.03198818897637685510 ) ;
#2213 = ADVANCED_FACE ( 'NONE', ( #321 ), #2791, .F. ) ;
#2214 = CARTESIAN_POINT ( 'NONE',  ( -0.04724410942460630092, 0.0009842519685039124912, 0.02891733854071062634 ) ) ;
#2215 = EDGE_CURVE ( 'NONE', #201, #2745, #2885, .T. ) ;
#2216 = DIMENSIONAL_EXPONENTS ( 1.000000000000000000, 0.000000000000000000, 0.000000000000000000, 0.000000000000000000, 0.000000000000000000, 0.000000000000000000, 0.000000000000000000 ) ;
#2217 = DIRECTION ( 'NONE',  ( 0.000000000000000000, -1.000000000000000000, 0.000000000000000000 ) ) ;
#2218 = CIRCLE ( 'NONE', #821, 0.01181102362204329743 ) ;
#2219 = PRESENTATION_STYLE_ASSIGNMENT (( #1200 ) ) ;
#2220 = DIRECTION ( 'NONE',  ( -2.771220752872947819E-13, -0.03141075907813014462, -0.9995065603657314890 ) ) ;
#2221 = ORIENTED_EDGE ( 'NONE', *, *, #1162, .F. ) ;
#2222 = CARTESIAN_POINT ( 'NONE',  ( -1.493641732624028120E-08, 0.01102362204724409434, -0.05905510240417320006 ) ) ;
#2223 = FACE_OUTER_BOUND ( 'NONE', #690, .T. ) ;
#2224 = VECTOR ( 'NONE', #1228, 39.37007874015748143 ) ;
#2225 = ORIENTED_EDGE ( 'NONE', *, *, #309, .T. ) ;
#2226 = DIRECTION ( 'NONE',  ( 0.000000000000000000, 0.000000000000000000, 1.000000000000000000 ) ) ;
#2227 = VERTEX_POINT ( 'NONE', #145 ) ;
#2228 = DIRECTION ( 'NONE',  ( 0.000000000000000000, 1.000000000000000000, 0.000000000000000000 ) ) ;
#2229 = CYLINDRICAL_SURFACE ( 'NONE', #1747, 0.02017716535432961464 ) ;
#2230 = EDGE_CURVE ( 'NONE', #2964, #2974, #384, .T. ) ;
#2231 = LINE ( 'NONE', #9, #612 ) ;
#2232 = ORIENTED_EDGE ( 'NONE', *, *, #2675, .F. ) ;
#2233 = EDGE_CURVE ( 'NONE', #1056, #2183, #174, .T. ) ;
#2234 = VERTEX_POINT ( 'NONE', #2185 ) ;
#2235 = DIRECTION ( 'NONE',  ( 0.000000000000000000, 0.000000000000000000, -1.000000000000000000 ) ) ;
#2236 = ORIENTED_EDGE ( 'NONE', *, *, #2637, .F. ) ;
#2237 = DIRECTION ( 'NONE',  ( 7.052966104933741469E-32, 1.000000000000000000, -1.084202172485505790E-16 ) ) ;
#2238 = ORIENTED_EDGE ( 'NONE', *, *, #1644, .T. ) ;
#2239 = ORIENTED_EDGE ( 'NONE', *, *, #1827, .F. ) ;
#2240 = CARTESIAN_POINT ( 'NONE',  ( -0.03346458186550583386, 0.03858267716535433017, -0.05118108665613594482 ) ) ;
#2241 = MECHANICAL_DESIGN_GEOMETRIC_PRESENTATION_REPRESENTATION (  '', ( #171 ), #2700 ) ;
#2242 = CARTESIAN_POINT ( 'NONE',  ( -1.493642629518536954E-08, 0.001968503937007936872, 0.02401576373756409560 ) ) ;
#2243 = CARTESIAN_POINT ( 'NONE',  ( -1.493642629518536954E-08, 0.007874015748032881998, 0.02401576373756409560 ) ) ;
#2244 = VECTOR ( 'NONE', #3122, 39.37007874015748143 ) ;
#2245 = EDGE_LOOP ( 'NONE', ( #3125, #27, #1863, #1242 ) ) ;
#2246 = VECTOR ( 'NONE', #895, 39.37007874015748143 ) ;
#2247 = ORIENTED_EDGE ( 'NONE', *, *, #1721, .F. ) ;
#2248 = DIRECTION ( 'NONE',  ( 0.000000000000000000, 0.000000000000000000, 1.000000000000000000 ) ) ;
#2249 = CARTESIAN_POINT ( 'NONE',  ( 0.02362203230766936682, 4.168469228613682889E-21, -0.01106297641991732528 ) ) ;
#2250 = EDGE_CURVE ( 'NONE', #2041, #672, #2950, .T. ) ;
#2251 = VERTEX_POINT ( 'NONE', #1460 ) ;
#2252 = DIRECTION ( 'NONE',  ( 1.000000000000000000, -0.000000000000000000, -2.738503868116026752E-13 ) ) ;
#2253 = ORIENTED_EDGE ( 'NONE', *, *, #2562, .F. ) ;
#2254 =( CONVERSION_BASED_UNIT ( 'INCH', #2971 ) LENGTH_UNIT ( ) NAMED_UNIT ( #1294 ) );
#2255 = CARTESIAN_POINT ( 'NONE',  ( 0.02362203230766929049, 0.0003937007874015158171, -0.01106297641991732181 ) ) ;
#2256 = AXIS2_PLACEMENT_3D ( 'NONE', #43, #2736, #2046 ) ;
#2257 = ORIENTED_EDGE ( 'NONE', *, *, #1311, .F. ) ;
#2258 = CARTESIAN_POINT ( 'NONE',  ( -0.04527560548759844428, 0.01496062992125984752, -0.04921258271913385440 ) ) ;
#2259 = VECTOR ( 'NONE', #786, 39.37007874015748143 ) ;
#2260 = DIRECTION ( 'NONE',  ( 0.000000000000000000, 0.000000000000000000, 1.000000000000000000 ) ) ;
#2261 = SURFACE_SIDE_STYLE ('',( #2058 ) ) ;
#2262 = VECTOR ( 'NONE', #425, 39.37007874015748143 ) ;
#2263 = DIRECTION ( 'NONE',  ( 0.000000000000000000, 0.000000000000000000, -1.000000000000000000 ) ) ;
#2264 = EDGE_LOOP ( 'NONE', ( #1992, #726, #2554, #1345 ) ) ;
#2265 = DIRECTION ( 'NONE',  ( 0.000000000000000000, 0.000000000000000000, -1.000000000000000000 ) ) ;
#2266 = CARTESIAN_POINT ( 'NONE',  ( 0.03541971769881284426, 0.03858267716535433711, -0.05029423254738871890 ) ) ;
#2267 = ORIENTED_EDGE ( 'NONE', *, *, #2215, .F. ) ;
#2268 = ADVANCED_FACE ( 'NONE', ( #1171 ), #662, .F. ) ;
#2269 = EDGE_CURVE ( 'NONE', #483, #673, #1586, .T. ) ;
#2270 = LINE ( 'NONE', #1030, #856 ) ;
#2271 = ORIENTED_EDGE ( 'NONE', *, *, #2448, .T. ) ;
#2272 = CARTESIAN_POINT ( 'NONE',  ( -0.04724410942460630092, 0.01181102362204724567, 1.570606299575155940E-08 ) ) ;
#2273 = EDGE_CURVE ( 'NONE', #2776, #2858, #803, .T. ) ;
#2274 = PLANE ( 'NONE',  #2571 ) ;
#2275 = B_SPLINE_CURVE_WITH_KNOTS ( 'NONE', 3,
 ( #1939, #2142, #3117, #2902 ),
 .UNSPECIFIED., .F., .F.,
 ( 4, 4 ),
 ( 0.000000000000000000, 1.000000000000000000 ),
 .UNSPECIFIED. ) ;
#2276 = ORIENTED_EDGE ( 'NONE', *, *, #1574, .F. ) ;
#2277 = CARTESIAN_POINT ( 'NONE',  ( -1.493641732624028120E-08, 0.01102362204724409434, 0.06889765350133859878 ) ) ;
#2278 = CARTESIAN_POINT ( 'NONE',  ( -0.03480316454272440463, 0.01081111340478346436, -0.05905510240417322088 ) ) ;
#2279 =( LENGTH_UNIT ( ) NAMED_UNIT ( * ) SI_UNIT ( $, .METRE. ) );
#2280 = PLANE ( 'NONE',  #1498 ) ;
#2281 = VERTEX_POINT ( 'NONE', #191 ) ;
#2282 =( CONVERSION_BASED_UNIT ( 'INCH', #3033 ) LENGTH_UNIT ( ) NAMED_UNIT ( #2481 ) );
#2283 = DIRECTION ( 'NONE',  ( 0.000000000000000000, 0.000000000000000000, 1.000000000000000000 ) ) ;
#2284 = ORIENTED_EDGE ( 'NONE', *, *, #664, .T. ) ;
#2285 = FACE_OUTER_BOUND ( 'NONE', #1937, .T. ) ;
#2286 = ADVANCED_FACE ( 'NONE', ( #1889 ), #2632, .F. ) ;
#2287 = ORIENTED_EDGE ( 'NONE', *, *, #1050, .T. ) ;
#2288 = CARTESIAN_POINT ( 'NONE',  ( -0.04724410942460630092, 0.01496062992125975037, 1.570606299575155940E-08 ) ) ;
#2289 = LINE ( 'NONE', #2795, #2373 ) ;
#2290 = EDGE_CURVE ( 'NONE', #2745, #852, #2341, .T. ) ;
#2291 = ORIENTED_EDGE ( 'NONE', *, *, #2346, .T. ) ;
#2292 = DIRECTION ( 'NONE',  ( -0.000000000000000000, 1.000000000000000000, 0.000000000000000000 ) ) ;
#2293 = CARTESIAN_POINT ( 'NONE',  ( -1.493641733477730790E-08, 0.0007874015748031498122, -0.01106297641991732181 ) ) ;
#2294 = FILL_AREA_STYLE_COLOUR ( '', #402 ) ;
#2295 = VECTOR ( 'NONE', #1629, 39.37007874015748143 ) ;
#2296 = CARTESIAN_POINT ( 'NONE',  ( -0.01181103855847244304, 0.0009999102172622048763, -0.06940707090811024105 ) ) ;
#2297 = STYLED_ITEM ( 'NONE', ( #2803 ), #2404 ) ;
#2298 = ORIENTED_EDGE ( 'NONE', *, *, #741, .T. ) ;
#2299 = DIMENSIONAL_EXPONENTS ( 1.000000000000000000, 0.000000000000000000, 0.000000000000000000, 0.000000000000000000, 0.000000000000000000, 0.000000000000000000, 0.000000000000000000 ) ;
#2300 = SURFACE_STYLE_FILL_AREA ( #1838 ) ;
#2301 = VECTOR ( 'NONE', #1898, 39.37007874015748143 ) ;
#2302 = ORIENTED_EDGE ( 'NONE', *, *, #2192, .F. ) ;
#2303 = CARTESIAN_POINT ( 'NONE',  ( 0.04330707167775590255, 0.01141732283464566913, 0.04921261413126561818 ) ) ;
#2304 = ORIENTED_EDGE ( 'NONE', *, *, #1536, .F. ) ;
#2305 = CARTESIAN_POINT ( 'NONE',  ( 0.01181100868562204829, 0.0003937007874015158171, -0.04342518114433070037 ) ) ;
#2306 = DIRECTION ( 'NONE',  ( -1.000000000000000000, 0.000000000000000000, 0.000000000000000000 ) ) ;
#2307 = EDGE_LOOP ( 'NONE', ( #1446, #211, #2895, #11, #1658, #3143, #142, #2188 ) ) ;
#2308 = LINE ( 'NONE', #2746, #554 ) ;
#2309 = ADVANCED_FACE ( 'NONE', ( #2837, #2853 ), #2412, .T. ) ;
#2310 = ADVANCED_FACE ( 'NONE', ( #1724 ), #270, .F. ) ;
#2311 = DIRECTION ( 'NONE',  ( 0.000000000000000000, 1.000000000000000000, 0.000000000000000000 ) ) ;
#2312 = DIRECTION ( 'NONE',  ( 0.000000000000000000, 0.000000000000000000, -1.000000000000000000 ) ) ;
#2313 = AXIS2_PLACEMENT_3D ( 'NONE', #1652, #102, #389 ) ;
#2314 = PRODUCT ( 'sph0645lm4h-b', 'sph0645lm4h-b', '', ( #2160 ) ) ;
#2315 = VERTEX_POINT ( 'NONE', #2249 ) ;
#2316 = CARTESIAN_POINT ( 'NONE',  ( -0.03346458186555899966, 0.02874015748031496023, 0.05118111806826771554 ) ) ;
#2317 = MECHANICAL_DESIGN_GEOMETRIC_PRESENTATION_REPRESENTATION (  '', ( #392 ), #1552 ) ;
#2318 = CARTESIAN_POINT ( 'NONE',  ( 0.004149501580047244495, 0.007874015748031495954, 0.03211351736798032097 ) ) ;
#2319 = VECTOR ( 'NONE', #2483, 39.37007874015748143 ) ;
#2320 = ORIENTED_EDGE ( 'NONE', *, *, #1514, .T. ) ;
#2321 = CARTESIAN_POINT ( 'NONE',  ( 0.02362203230766936682, 0.0007874015748031495954, -0.03161415752227953596 ) ) ;
#2322 = LINE ( 'NONE', #192, #1129 ) ;
#2323 = VECTOR ( 'NONE', #2881, 39.37007874015748143 ) ;
#2324 = FACE_OUTER_BOUND ( 'NONE', #109, .T. ) ;
#2325 = VERTEX_POINT ( 'NONE', #1772 ) ;
#2326 = FACE_OUTER_BOUND ( 'NONE', #1689, .T. ) ;
#2327 = ADVANCED_FACE ( 'NONE', ( #31 ), #2740, .F. ) ;
#2328 = DIRECTION ( 'NONE',  ( 0.000000000000000000, 0.000000000000000000, -1.000000000000000000 ) ) ;
#2329 = ORIENTED_EDGE ( 'NONE', *, *, #809, .F. ) ;
#2330 = EDGE_CURVE ( 'NONE', #170, #1829, #1490, .T. ) ;
#2331 = ORIENTED_EDGE ( 'NONE', *, *, #2095, .T. ) ;
#2332 = CARTESIAN_POINT ( 'NONE',  ( 0.02362203230766929049, 0.0009999102172622048763, -0.06940707090811024105 ) ) ;
#2333 = CARTESIAN_POINT ( 'NONE',  ( 0.03346455199270867431, 0.02874015748031453002, 0.04921261413125983808 ) ) ;
#2334 = CARTESIAN_POINT ( 'NONE',  ( -1.493642629438502267E-08, 8.190208340380164122E-17, 0.02795277161157874377 ) ) ;
#2335 = ORIENTED_EDGE ( 'NONE', *, *, #989, .F. ) ;
#2336 = DIRECTION ( 'NONE',  ( 0.000000000000000000, 0.000000000000000000, -1.000000000000000000 ) ) ;
#2337 = ORIENTED_EDGE ( 'NONE', *, *, #2908, .T. ) ;
#2338 = FACE_OUTER_BOUND ( 'NONE', #891, .T. ) ;
#2339 = EDGE_CURVE ( 'NONE', #3055, #233, #957, .T. ) ;
#2340 = LINE ( 'NONE', #123, #715 ) ;
#2341 = CIRCLE ( 'NONE', #1263, 0.009842519685039378616 ) ;
#2342 = VECTOR ( 'NONE', #1320, 39.37007874015748143 ) ;
#2343 = VERTEX_POINT ( 'NONE', #1989 ) ;
#2344 = DIRECTION ( 'NONE',  ( 0.000000000000000000, 0.000000000000000000, 1.000000000000000000 ) ) ;
#2345 = ADVANCED_FACE ( 'NONE', ( #2223 ), #2915, .T. ) ;
#2346 = EDGE_CURVE ( 'NONE', #2359, #1542, #94, .T. ) ;
#2347 = DIRECTION ( 'NONE',  ( 0.000000000000000000, 0.000000000000000000, -1.000000000000000000 ) ) ;
#2348 = AXIS2_PLACEMENT_3D ( 'NONE', #560, #1567, #56 ) ;
#2349 = CARTESIAN_POINT ( 'NONE',  ( 0.03346455199269540715, 0.03858267716535433017, -0.05118108665613799180 ) ) ;
#2350 = PLANE ( 'NONE',  #3116 ) ;
#2351 = DIRECTION ( 'NONE',  ( -0.000000000000000000, -1.000000000000000000, -0.000000000000000000 ) ) ;
#2352 = VERTEX_POINT ( 'NONE', #2526 ) ;
#2353 = FACE_BOUND ( 'NONE', #1886, .T. ) ;
#2354 = CARTESIAN_POINT ( 'NONE',  ( -0.01574804643248819622, 0.03838582677165353757, -0.03149604728605905762 ) ) ;
#2355 = PLANE ( 'NONE',  #550 ) ;
#2356 = DIRECTION ( 'NONE',  ( 0.000000000000000000, 0.000000000000000000, -1.000000000000000000 ) ) ;
#2357 = DIRECTION ( 'NONE',  ( -1.000000000000000000, 0.000000000000000000, 0.000000000000000000 ) ) ;
#2358 = ORIENTED_EDGE ( 'NONE', *, *, #1962, .T. ) ;
#2359 = VERTEX_POINT ( 'NONE', #611 ) ;
#2360 = VECTOR ( 'NONE', #767, 39.37007874015748143 ) ;
#2361 = DIRECTION ( 'NONE',  ( 0.000000000000000000, 0.000000000000000000, -1.000000000000000000 ) ) ;
#2362 = VECTOR ( 'NONE', #1000, 39.37007874015748143 ) ;
#2363 = CARTESIAN_POINT ( 'NONE',  ( -0.03346458186554571168, 0.03858267716535433017, 0.05118111806826793064 ) ) ;
#2364 = AXIS2_PLACEMENT_3D ( 'NONE', #1172, #222, #2156 ) ;
#2365 = ADVANCED_FACE ( 'NONE', ( #2817 ), #2757, .F. ) ;
#2366 = DIRECTION ( 'NONE',  ( 0.000000000000000000, 1.000000000000000000, 0.000000000000000000 ) ) ;
#2367 = FACE_BOUND ( 'NONE', #2574, .T. ) ;
#2368 = LENGTH_MEASURE_WITH_UNIT ( LENGTH_MEASURE( 0.02539999999999999897 ), #3071 );
#2369 = EDGE_LOOP ( 'NONE', ( #1280, #2475, #431, #1754, #993, #360, #1391, #378, #2619, #3092 ) ) ;
#2370 = EDGE_CURVE ( 'NONE', #1100, #713, #1368, .T. ) ;
#2371 = DIRECTION ( 'NONE',  ( 0.000000000000000000, 0.000000000000000000, 1.000000000000000000 ) ) ;
#2372 = LINE ( 'NONE', #1896, #1133 ) ;
#2373 = VECTOR ( 'NONE', #1314, 39.37007874015748143 ) ;
#2374 = CARTESIAN_POINT ( 'NONE',  ( -1.493642629438502267E-08, 0.0009842519685038257551, -0.004035417364798111334 ) ) ;
#2375 = LINE ( 'NONE', #1915, #3013 ) ;
#2376 = DIRECTION ( 'NONE',  ( 0.000000000000000000, 0.000000000000000000, 1.000000000000000000 ) ) ;
#2377 = ORIENTED_EDGE ( 'NONE', *, *, #523, .T. ) ;
#2378 = EDGE_LOOP ( 'NONE', ( #469, #2054, #1901, #2543, #2674, #1695, #2086, #1256 ) ) ;
#2379 = FACE_OUTER_BOUND ( 'NONE', #3158, .T. ) ;
#2380 = CARTESIAN_POINT ( 'NONE',  ( -0.03346458186555905517, 0.01496062992125985272, -0.04921258271913385440 ) ) ;
#2381 = CARTESIAN_POINT ( 'NONE',  ( 0.04038328944500541029, 0.03450577202388756259, -0.06102360634118896704 ) ) ;
#2382 = DIRECTION ( 'NONE',  ( -0.000000000000000000, -1.000000000000000000, -0.000000000000000000 ) ) ;
#2383 = VERTEX_POINT ( 'NONE', #3050 ) ;
#2384 = PLANE ( 'NONE',  #2970 ) ;
#2385 = ADVANCED_FACE ( 'NONE', ( #2064 ), #303, .T. ) ;
#2386 = SURFACE_SIDE_STYLE ('',( #607 ) ) ;
#2387 =( NAMED_UNIT ( * ) SI_UNIT ( $, .STERADIAN. ) SOLID_ANGLE_UNIT ( ) );
#2388 = CARTESIAN_POINT ( 'NONE',  ( -1.493641733477730790E-08, 0.0007874015748031495954, -0.04342518114433070037 ) ) ;
#2389 = VERTEX_POINT ( 'NONE', #1093 ) ;
#2390 = EDGE_LOOP ( 'NONE', ( #877, #1135, #1651, #33 ) ) ;
#2391 = DIRECTION ( 'NONE',  ( 1.000000000000000000, -0.000000000000000000, 0.000000000000000000 ) ) ;
#2392 = DIRECTION ( 'NONE',  ( 0.000000000000000000, 0.000000000000000000, 1.000000000000000000 ) ) ;
#2393 = AXIS2_PLACEMENT_3D ( 'NONE', #2852, #647, #3114 ) ;
#2394 = DIRECTION ( 'NONE',  ( 0.000000000000000000, 0.000000000000000000, -1.000000000000000000 ) ) ;
#2395 = VERTEX_POINT ( 'NONE', #3034 ) ;
#2396 =( NAMED_UNIT ( * ) SI_UNIT ( $, .STERADIAN. ) SOLID_ANGLE_UNIT ( ) );
#2397 = AXIS2_PLACEMENT_3D ( 'NONE', #2110, #173, #878 ) ;
#2398 = PRESENTATION_STYLE_ASSIGNMENT (( #776 ) ) ;
#2399 = ORIENTED_EDGE ( 'NONE', *, *, #1782, .T. ) ;
#2400 = DIRECTION ( 'NONE',  ( -1.000000000000000000, -0.000000000000000000, -0.000000000000000000 ) ) ;
#2401 = PRESENTATION_LAYER_ASSIGNMENT (  '', '', ( #2050 ) ) ;
#2402 = CARTESIAN_POINT ( 'NONE',  ( -0.02362206218051969564, 0.03838188976377952810, -0.04094486618370078018 ) ) ;
#2403 = DIRECTION ( 'NONE',  ( -0.000000000000000000, -0.000000000000000000, -1.000000000000000000 ) ) ;
#2404 = ADVANCED_FACE ( 'NONE', ( #2572 ), #813, .F. ) ;
#2405 = EDGE_CURVE ( 'NONE', #2789, #2383, #1337, .T. ) ;
#2406 = DIRECTION ( 'NONE',  ( -0.000000000000000000, 1.000000000000000000, -0.000000000000000000 ) ) ;
#2407 = CARTESIAN_POINT ( 'NONE',  ( -0.03346458186554903541, 0.03858267716535433017, 0.05118111806826807636 ) ) ;
#2408 = ORIENTED_EDGE ( 'NONE', *, *, #3187, .T. ) ;
#2409 = ADVANCED_FACE ( 'NONE', ( #3065 ), #2539, .F. ) ;
#2410 = VERTEX_POINT ( 'NONE', #920 ) ;
#2411 = CARTESIAN_POINT ( 'NONE',  ( -0.04724410942460630092, 0.0006889763779526969154, -0.006141716577397712297 ) ) ;
#2412 = PLANE ( 'NONE',  #1386 ) ;
#2413 = MECHANICAL_DESIGN_GEOMETRIC_PRESENTATION_REPRESENTATION (  '', ( #2211 ), #3077 ) ;
#2414 = PLANE ( 'NONE',  #243 ) ;
#2415 = ORIENTED_EDGE ( 'NONE', *, *, #1163, .T. ) ;
#2416 = MECHANICAL_DESIGN_GEOMETRIC_PRESENTATION_REPRESENTATION (  '', ( #390 ), #916 ) ;
#2417 = UNCERTAINTY_MEASURE_WITH_UNIT (LENGTH_MEASURE( 1.000000000000000082E-05 ), #1248, 'distance_accuracy_value', 'NONE');
#2418 = SURFACE_STYLE_FILL_AREA ( #1665 ) ;
#2419 =( NAMED_UNIT ( * ) SI_UNIT ( $, .STERADIAN. ) SOLID_ANGLE_UNIT ( ) );
#2420 = CIRCLE ( 'NONE', #2469, 0.009842519685039369942 ) ;
#2421 = ORIENTED_EDGE ( 'NONE', *, *, #2620, .T. ) ;
#2422 = DIRECTION ( 'NONE',  ( -0.000000000000000000, -1.000000000000000000, -0.000000000000000000 ) ) ;
#2423 = LENGTH_MEASURE_WITH_UNIT ( LENGTH_MEASURE( 0.02539999999999999897 ), #1212 );
#2424 = CYLINDRICAL_SURFACE ( 'NONE', #3179, 0.01181102362204724046 ) ;
#2425 =( BOUNDED_SURFACE ( )  B_SPLINE_SURFACE ( 3, 3, ( 
 ( #1138, #939, #1934, #434 ),
 ( #1187, #1661, #127, #365 ),
 ( #3085, #2896, #674, #1410 ),
 ( #2631, #1691, #1440, #1375 ) ),
 .UNSPECIFIED., .F., .F., .F. ) 
 B_SPLINE_SURFACE_WITH_KNOTS ( ( 4, 4 ),
 ( 4, 4 ),
 ( 0.000000000000000000, 1.000000000000000000 ),
 ( 0.000000000000000000, 1.000000000000000000 ),
 .UNSPECIFIED. ) 
 GEOMETRIC_REPRESENTATION_ITEM ( )  RATIONAL_B_SPLINE_SURFACE ( (
 ( 1.000000000000000000, 0.8047378540993367357, 0.8047378540993367357, 1.000000000000000000),
 ( 0.8047378541242924399, 0.6476030138404881287, 0.6476030138404881287, 0.8047378541242924399),
 ( 0.8047378541242924399, 0.6476030138404881287, 0.6476030138404881287, 0.8047378541242924399),
 ( 1.000000000000000000, 0.8047378540993367357, 0.8047378540993367357, 1.000000000000000000) ) ) 
 REPRESENTATION_ITEM ( '' )  SURFACE ( )  );
#2426 = CARTESIAN_POINT ( 'NONE',  ( 0.04724407955177165053, 0.0003937007874015748519, 1.570606299148304935E-08 ) ) ;
#2427 = VECTOR ( 'NONE', #951, 39.37007874015748143 ) ;
#2428 = DIRECTION ( 'NONE',  ( 0.000000000000000000, 1.000000000000000000, 0.000000000000000000 ) ) ;
#2429 = EDGE_CURVE ( 'NONE', #2779, #1175, #628, .T. ) ;
#2430 = LENGTH_MEASURE_WITH_UNIT ( LENGTH_MEASURE( 0.02539999999999999897 ), #3157 );
#2431 = ORIENTED_EDGE ( 'NONE', *, *, #2429, .F. ) ;
#2432 = DIRECTION ( 'NONE',  ( -0.000000000000000000, -0.000000000000000000, 1.000000000000000000 ) ) ;
#2433 = PRESENTATION_STYLE_ASSIGNMENT (( #3146 ) ) ;
#2434 = ADVANCED_FACE ( 'NONE', ( #3097 ), #1871, .T. ) ;
#2435 = SURFACE_STYLE_USAGE ( .BOTH. , #1222 ) ;
#2436 = ORIENTED_EDGE ( 'NONE', *, *, #1703, .F. ) ;
#2437 = SURFACE_SIDE_STYLE ('',( #2418 ) ) ;
#2438 = ORIENTED_EDGE ( 'NONE', *, *, #2706, .F. ) ;
#2439 = LINE ( 'NONE', #2923, #2466 ) ;
#2440 = CARTESIAN_POINT ( 'NONE',  ( -0.03480316454272440463, 0.01468503937007874065, 0.06102363775330708895 ) ) ;
#2441 = CARTESIAN_POINT ( 'NONE',  ( -1.493642629518536954E-08, 0.007874015748032881998, 0.02401576373756409560 ) ) ;
#2442 = CARTESIAN_POINT ( 'NONE',  ( -0.02362206218051960890, 0.0007874015748030907232, -0.01106297641991732354 ) ) ;
#2443 = ORIENTED_EDGE ( 'NONE', *, *, #3073, .T. ) ;
#2444 = CARTESIAN_POINT ( 'NONE',  ( 0.01181100868562204829, 0.0009999102172622048763, -0.04291573232543307442 ) ) ;
#2445 = CARTESIAN_POINT ( 'NONE',  ( 0.03461767490143308895, 0.03858267716535433017, 0.05118111806828434113 ) ) ;
#2446 = LINE ( 'NONE', #1492, #1558 ) ;
#2447 = EDGE_CURVE ( 'NONE', #672, #2776, #140, .T. ) ;
#2448 = EDGE_CURVE ( 'NONE', #1407, #1203, #3144, .T. ) ;
#2449 = DIRECTION ( 'NONE',  ( 0.000000000000000000, 0.000000000000000000, -1.000000000000000000 ) ) ;
#2450 = AXIS2_PLACEMENT_3D ( 'NONE', #1729, #2237, #486 ) ;
#2451 = VERTEX_POINT ( 'NONE', #183 ) ;
#2452 = LINE ( 'NONE', #1697, #190 ) ;
#2453 = LINE ( 'NONE', #947, #98 ) ;
#2454 = VECTOR ( 'NONE', #386, 39.37007874015748143 ) ;
#2455 = DIRECTION ( 'NONE',  ( 1.000000000000000000, 0.000000000000000000, 0.000000000000000000 ) ) ;
#2456 = LENGTH_MEASURE_WITH_UNIT ( LENGTH_MEASURE( 0.02539999999999999897 ), #2910 );
#2457 = CARTESIAN_POINT ( 'NONE',  ( 0.04724407955177165747, 0.01181102362204724567, 1.570606299575155940E-08 ) ) ;
#2458 = PRESENTATION_STYLE_ASSIGNMENT (( #2931 ) ) ;
#2459 = ORIENTED_EDGE ( 'NONE', *, *, #1496, .F. ) ;
#2460 = DIRECTION ( 'NONE',  ( -1.000000000000000000, -0.000000000000000000, -0.000000000000000000 ) ) ;
#2461 = CARTESIAN_POINT ( 'NONE',  ( 0.03346455199270800124, 0.03858267716535433017, 0.05118111806828395255 ) ) ;
#2462 = DIRECTION ( 'NONE',  ( 0.000000000000000000, 0.000000000000000000, -1.000000000000000000 ) ) ;
#2463 = ORIENTED_EDGE ( 'NONE', *, *, #50, .T. ) ;
#2464 = LINE ( 'NONE', #470, #324 ) ;
#2465 = EDGE_CURVE ( 'NONE', #2451, #2531, #146, .T. ) ;
#2466 = VECTOR ( 'NONE', #2467, 39.37007874015748143 ) ;
#2467 = DIRECTION ( 'NONE',  ( -0.000000000000000000, -1.000000000000000000, -0.000000000000000000 ) ) ;
#2468 = COLOUR_RGB ( '',1.000000000000000000, 1.000000000000000000, 1.000000000000000000 ) ;
#2469 = AXIS2_PLACEMENT_3D ( 'NONE', #2085, #1139, #1097 ) ;
#2470 = SURFACE_STYLE_USAGE ( .BOTH. , #1994 ) ;
#2471 = EDGE_CURVE ( 'NONE', #748, #577, #2863, .T. ) ;
#2472 = LINE ( 'NONE', #2957, #2918 ) ;
#2473 = DIRECTION ( 'NONE',  ( 0.000000000000000000, 1.000000000000000000, 0.000000000000000000 ) ) ;
#2474 = VERTEX_POINT ( 'NONE', #3123 ) ;
#2475 = ORIENTED_EDGE ( 'NONE', *, *, #2906, .F. ) ;
#2476 = VECTOR ( 'NONE', #2311, 39.37007874015748143 ) ;
#2477 = DIRECTION ( 'NONE',  ( -0.000000000000000000, -0.000000000000000000, -1.000000000000000000 ) ) ;
#2478 = CARTESIAN_POINT ( 'NONE',  ( 0.04038328944500215595, 0.03450577202388756953, 0.06102363775333192325 ) ) ;
#2479 = EDGE_LOOP ( 'NONE', ( #2104, #2331, #2123, #2570 ) ) ;
#2480 = FACE_OUTER_BOUND ( 'NONE', #471, .T. ) ;
#2481 = DIMENSIONAL_EXPONENTS ( 1.000000000000000000, 0.000000000000000000, 0.000000000000000000, 0.000000000000000000, 0.000000000000000000, 0.000000000000000000, 0.000000000000000000 ) ;
#2482 = ORIENTED_EDGE ( 'NONE', *, *, #2889, .F. ) ;
#2483 = DIRECTION ( 'NONE',  ( -0.000000000000000000, -0.000000000000000000, 1.000000000000000000 ) ) ;
#2484 = CARTESIAN_POINT ( 'NONE',  ( 0.03346455199270708530, 0.03858267716535433017, 0.05118111806827178173 ) ) ;
#2485 = ORIENTED_EDGE ( 'NONE', *, *, #506, .F. ) ;
#2486 = FACE_OUTER_BOUND ( 'NONE', #2913, .T. ) ;
#2487 = ADVANCED_FACE ( 'NONE', ( #1917 ), #1166, .F. ) ;
#2488 = CARTESIAN_POINT ( 'NONE',  ( -0.04913387320413386411, 0.000000000000000000, 0.06241930704464566937 ) ) ;
#2489 = DIRECTION ( 'NONE',  ( -0.000000000000000000, -1.000000000000000000, -0.000000000000000000 ) ) ;
#2490 = ORIENTED_EDGE ( 'NONE', *, *, #1189, .T. ) ;
#2491 = ORIENTED_EDGE ( 'NONE', *, *, #1962, .F. ) ;
#2492 = SURFACE_SIDE_STYLE ('',( #479 ) ) ;
#2493 =( CONVERSION_BASED_UNIT ( 'INCH', #3115 ) LENGTH_UNIT ( ) NAMED_UNIT ( #329 ) );
#2494 = EDGE_LOOP ( 'NONE', ( #1210, #354, #1113, #629 ) ) ;
#2495 = LINE ( 'NONE', #1010, #2695 ) ;
#2496 = VERTEX_POINT ( 'NONE', #2407 ) ;
#2497 = VECTOR ( 'NONE', #1508, 39.37007874015748143 ) ;
#2498 = LINE ( 'NONE', #1034, #2360 ) ;
#2499 = ORIENTED_EDGE ( 'NONE', *, *, #1848, .F. ) ;
#2500 = DIRECTION ( 'NONE',  ( 1.000000000000000000, -0.000000000000000000, -0.000000000000000000 ) ) ;
#2501 = AXIS2_PLACEMENT_3D ( 'NONE', #2444, #2460, #2235 ) ;
#2502 = CARTESIAN_POINT ( 'NONE',  ( -0.04527560548759843040, 0.02185039370078740301, -0.04921258271913384746 ) ) ;
#2503 = EDGE_CURVE ( 'NONE', #2531, #1667, #1389, .T. ) ;
#2504 = CARTESIAN_POINT ( 'NONE',  ( -0.01574804643248819622, 0.03858267716535432323, -0.03346455122306694202 ) ) ;
#2505 = EDGE_CURVE ( 'NONE', #96, #852, #1673, .T. ) ;
#2506 = ORIENTED_EDGE ( 'NONE', *, *, #3109, .F. ) ;
#2507 = CARTESIAN_POINT ( 'NONE',  ( 0.04913384333129920678, 0.001196760610962992275, 0.06397639365881889473 ) ) ;
#2508 = CARTESIAN_POINT ( 'NONE',  ( 0.03543305592971561502, 0.03858267716535433017, -0.04921258271913150212 ) ) ;
#2509 = EDGE_CURVE ( 'NONE', #2410, #2389, #1118, .T. ) ;
#2510 = ORIENTED_EDGE ( 'NONE', *, *, #1288, .F. ) ;
#2511 = DIRECTION ( 'NONE',  ( 0.000000000000000000, 1.000000000000000000, 0.000000000000000000 ) ) ;
#2512 = ORIENTED_EDGE ( 'NONE', *, *, #484, .F. ) ;
#2513 = CARTESIAN_POINT ( 'NONE',  ( 0.02362203230766929396, 0.0007874015748031497038, -0.03998029925456496325 ) ) ;
#2514 = LINE ( 'NONE', #2255, #2012 ) ;
#2515 = CIRCLE ( 'NONE', #1076, 0.03198818897637685510 ) ;
#2516 = ORIENTED_EDGE ( 'NONE', *, *, #945, .F. ) ;
#2517 = CARTESIAN_POINT ( 'NONE',  ( 0.04724407955177019336, 0.0003937007874015158171, -0.04342518114433070037 ) ) ;
#2518 = VECTOR ( 'NONE', #2824, 39.37007874015748143 ) ;
#2519 = DIRECTION ( 'NONE',  ( -0.000000000000000000, -1.000000000000000000, -0.000000000000000000 ) ) ;
#2520 = VECTOR ( 'NONE', #1617, 39.37007874015748143 ) ;
#2521 = DIRECTION ( 'NONE',  ( 0.000000000000000000, 0.000000000000000000, 1.000000000000000000 ) ) ;
#2522 = ORIENTED_EDGE ( 'NONE', *, *, #343, .T. ) ;
#2523 = DIMENSIONAL_EXPONENTS ( 1.000000000000000000, 0.000000000000000000, 0.000000000000000000, 0.000000000000000000, 0.000000000000000000, 0.000000000000000000, 0.000000000000000000 ) ;
#2524 = LINE ( 'NONE', #3110, #18 ) ;
#2525 = EDGE_CURVE ( 'NONE', #1832, #186, #2340, .T. ) ;
#2526 = CARTESIAN_POINT ( 'NONE',  ( 0.03346455199270814002, 0.02874015748031460288, 0.06102363775330610363 ) ) ;
#2527 = VERTEX_POINT ( 'NONE', #1625 ) ;
#2528 = EDGE_CURVE ( 'NONE', #527, #2779, #875, .T. ) ;
#2529 = DIRECTION ( 'NONE',  ( 0.000000000000000000, 1.000000000000000000, 0.000000000000000000 ) ) ;
#2530 = CIRCLE ( 'NONE', #249, 0.01181102362204724046 ) ;
#2531 = VERTEX_POINT ( 'NONE', #1657 ) ;
#2532 = CARTESIAN_POINT ( 'NONE',  ( -0.04527560548760137943, 0.02874015748031460288, 0.04921261413125904705 ) ) ;
#2533 = ORIENTED_EDGE ( 'NONE', *, *, #1029, .T. ) ;
#2534 = CARTESIAN_POINT ( 'NONE',  ( 0.03543305592972492007, 0.03858267716535433017, 0.04921261413125841561 ) ) ;
#2535 = FACE_OUTER_BOUND ( 'NONE', #694, .T. ) ;
#2536 = FACE_OUTER_BOUND ( 'NONE', #1576, .T. ) ;
#2537 = EDGE_LOOP ( 'NONE', ( #1336, #1185, #320, #1798 ) ) ;
#2538 = CARTESIAN_POINT ( 'NONE',  ( -0.04913387320413386411, 0.000000000000000000, 0.06241930704464566937 ) ) ;
#2539 = PLANE ( 'NONE',  #2990 ) ;
#2540 = ADVANCED_FACE ( 'NONE', ( #2628 ), #2106, .T. ) ;
#2541 = VERTEX_POINT ( 'NONE', #2168 ) ;
#2542 = CARTESIAN_POINT ( 'NONE',  ( 0.02362203230766936682, 1.250540768584104867E-20, -0.04342518114433071424 ) ) ;
#2543 = ORIENTED_EDGE ( 'NONE', *, *, #788, .F. ) ;
#2544 = EDGE_CURVE ( 'NONE', #1507, #1693, #1134, .T. ) ;
#2545 = DIRECTION ( 'NONE',  ( -0.000000000000000000, -0.000000000000000000, -1.000000000000000000 ) ) ;
#2546 = EDGE_CURVE ( 'NONE', #527, #2016, #377, .T. ) ;
#2547 = LINE ( 'NONE', #325, #600 ) ;
#2548 = ORIENTED_EDGE ( 'NONE', *, *, #2889, .T. ) ;
#2549 = DIRECTION ( 'NONE',  ( 1.000000000000000000, 0.000000000000000000, 0.000000000000000000 ) ) ;
#2550 = DIRECTION ( 'NONE',  ( 0.000000000000000000, 1.000000000000000000, 0.000000000000000000 ) ) ;
#2551 = VECTOR ( 'NONE', #418, 39.37007874015748143 ) ;
#2552 = DIRECTION ( 'NONE',  ( 0.000000000000000000, 0.000000000000000000, -1.000000000000000000 ) ) ;
#2553 = UNCERTAINTY_MEASURE_WITH_UNIT (LENGTH_MEASURE( 1.000000000000000082E-05 ), #542, 'distance_accuracy_value', 'NONE');
#2554 = ORIENTED_EDGE ( 'NONE', *, *, #1706, .F. ) ;
#2555 = CARTESIAN_POINT ( 'NONE',  ( -1.493642518884029005E-08, 0.03858267716535433711, -0.03937006303409054664 ) ) ;
#2556 = FILL_AREA_STYLE_COLOUR ( '', #2952 ) ;
#2557 = AXIS2_PLACEMENT_3D ( 'NONE', #1215, #1968, #2928 ) ;
#2558 = ORIENTED_EDGE ( 'NONE', *, *, #1349, .T. ) ;
#2559 = DIRECTION ( 'NONE',  ( 1.000000000000000000, 0.000000000000000000, -0.000000000000000000 ) ) ;
#2560 = ORIENTED_EDGE ( 'NONE', *, *, #782, .T. ) ;
#2561 = CARTESIAN_POINT ( 'NONE',  ( 0.04724407955177165053, 0.0001968503937007283098, -0.01106297641991732354 ) ) ;
#2562 = EDGE_CURVE ( 'NONE', #2227, #273, #3082, .T. ) ;
#2563 = LENGTH_MEASURE_WITH_UNIT ( LENGTH_MEASURE( 0.02539999999999999897 ), #1527 );
#2564 = VERTEX_POINT ( 'NONE', #1420 ) ;
#2565 = VECTOR ( 'NONE', #104, 39.37007874015748143 ) ;
#2566 = ADVANCED_FACE ( 'NONE', ( #671 ), #736, .T. ) ;
#2567 = CARTESIAN_POINT ( 'NONE',  ( -1.493642629438502267E-08, 0.001968503937007746053, 0.02795277161157874377 ) ) ;
#2568 = FACE_BOUND ( 'NONE', #1674, .T. ) ;
#2569 = AXIS2_PLACEMENT_3D ( 'NONE', #717, #3152, #1669 ) ;
#2570 = ORIENTED_EDGE ( 'NONE', *, *, #1626, .F. ) ;
#2571 = AXIS2_PLACEMENT_3D ( 'NONE', #2873, #2351, #423 ) ;
#2572 = FACE_OUTER_BOUND ( 'NONE', #1235, .T. ) ;
#2573 = PRESENTATION_LAYER_ASSIGNMENT (  '', '', ( #2015 ) ) ;
#2574 = EDGE_LOOP ( 'NONE', ( #28, #1251, #1364, #1503, #2178, #1951, #2692, #1730 ) ) ;
#2575 = CARTESIAN_POINT ( 'NONE',  ( -1.493641733050879455E-08, 0.01496062992125984405, -0.06102360634118107752 ) ) ;
#2576 = DIRECTION ( 'NONE',  ( -0.000000000000000000, -0.000000000000000000, -1.000000000000000000 ) ) ;
#2577 = VECTOR ( 'NONE', #2893, 39.37007874015748143 ) ;
#2578 = EDGE_LOOP ( 'NONE', ( #2516, #2792, #2267, #2613 ) ) ;
#2579 = CARTESIAN_POINT ( 'NONE',  ( 0.04724407955177165053, 0.0006062094298606300787, -0.01065195279787008002 ) ) ;
#2580 = EDGE_CURVE ( 'NONE', #1829, #1526, #1972, .T. ) ;
#2581 = VERTEX_POINT ( 'NONE', #251 ) ;
#2582 = DIRECTION ( 'NONE',  ( 0.000000000000000000, 2.168404344971010840E-16, 1.000000000000000000 ) ) ;
#2583 = VERTEX_POINT ( 'NONE', #3172 ) ;
#2584 = DIRECTION ( 'NONE',  ( -1.000000000000000000, 0.000000000000000000, 0.000000000000000000 ) ) ;
#2585 = CARTESIAN_POINT ( 'NONE',  ( -0.05216536926712599109, 0.0003937007874015747977, -0.06889762208921258735 ) ) ;
#2586 = VERTEX_POINT ( 'NONE', #2014 ) ;
#2587 = ORIENTED_EDGE ( 'NONE', *, *, #358, .T. ) ;
#2588 = DIRECTION ( 'NONE',  ( 0.000000000000000000, 1.000000000000000000, 0.000000000000000000 ) ) ;
#2589 = FACE_OUTER_BOUND ( 'NONE', #120, .T. ) ;
#2590 = CYLINDRICAL_SURFACE ( 'NONE', #1960, 0.01377952755906297448 ) ;
#2591 = CARTESIAN_POINT ( 'NONE',  ( 0.02362203230766929049, 0.03848425196850394081, -0.03937006303409447405 ) ) ;
#2592 = VECTOR ( 'NONE', #1575, 39.37007874015748143 ) ;
#2593 = EDGE_CURVE ( 'NONE', #2779, #405, #2231, .T. ) ;
#2594 = VECTOR ( 'NONE', #1269, 39.37007874015748143 ) ;
#2595 = VERTEX_POINT ( 'NONE', #771 ) ;
#2596 = DIRECTION ( 'NONE',  ( -1.000000000000000000, 0.000000000000000000, 0.000000000000000000 ) ) ;
#2597 = CARTESIAN_POINT ( 'NONE',  ( -0.04038331931785803935, 0.02874015748031451961, 0.06102363775331870466 ) ) ;
#2598 = EDGE_CURVE ( 'NONE', #1175, #375, #26, .T. ) ;
#2599 = AXIS2_PLACEMENT_3D ( 'NONE', #139, #2816, #2582 ) ;
#2600 = FACE_OUTER_BOUND ( 'NONE', #626, .T. ) ;
#2601 = AXIS2_PLACEMENT_3D ( 'NONE', #2035, #2252, #35 ) ;
#2602 = CARTESIAN_POINT ( 'NONE',  ( -0.03346458186555905517, 0.01181102362204598626, 0.04921261413125983808 ) ) ;
#2603 =( NAMED_UNIT ( * ) SI_UNIT ( $, .STERADIAN. ) SOLID_ANGLE_UNIT ( ) );
#2604 = ORIENTED_EDGE ( 'NONE', *, *, #625, .F. ) ;
#2605 = PLANE ( 'NONE',  #816 ) ;
#2606 = CARTESIAN_POINT ( 'NONE',  ( -1.493641733477730790E-08, 0.0003937007874015747977, 0.06889765350133858490 ) ) ;
#2607 = DIRECTION ( 'NONE',  ( 0.000000000000000000, 2.168404344971010840E-16, 1.000000000000000000 ) ) ;
#2608 = VECTOR ( 'NONE', #2861, 39.37007874015748143 ) ;
#2609 = DIRECTION ( 'NONE',  ( -1.000000000000000000, 0.000000000000000000, 0.000000000000000000 ) ) ;
#2610 = CARTESIAN_POINT ( 'NONE',  ( -0.04330710155059840777, 0.01141732283464566913, -0.04921258271913182131 ) ) ;
#2611 = VECTOR ( 'NONE', #1260, 39.37007874015748143 ) ;
#2612 = ORIENTED_EDGE ( 'NONE', *, *, #2673, .F. ) ;
#2613 = ORIENTED_EDGE ( 'NONE', *, *, #1967, .F. ) ;
#2614 = CARTESIAN_POINT ( 'NONE',  ( 0.03346455199270867431, 0.01181102362204598626, -0.04921258271913385440 ) ) ;
#2615 = VECTOR ( 'NONE', #419, 39.37007874015748143 ) ;
#2616 = CARTESIAN_POINT ( 'NONE',  ( -0.03346458186554301939, 0.03450577202388756953, 0.06102363775330957307 ) ) ;
#2617 = MECHANICAL_DESIGN_GEOMETRIC_PRESENTATION_REPRESENTATION (  '', ( #240 ), #1083 ) ;
#2618 = CARTESIAN_POINT ( 'NONE',  ( 0.03799509370563339955, 0.03858267716535549591, -0.05694670119971971534 ) ) ;
#2619 = ORIENTED_EDGE ( 'NONE', *, *, #1683, .T. ) ;
#2620 = EDGE_CURVE ( 'NONE', #2646, #2208, #2735, .T. ) ;
#2621 = ORIENTED_EDGE ( 'NONE', *, *, #543, .F. ) ;
#2622 =( LENGTH_UNIT ( ) NAMED_UNIT ( * ) SI_UNIT ( $, .METRE. ) );
#2623 = AXIS2_PLACEMENT_3D ( 'NONE', #2911, #2473, #3190 ) ;
#2624 = CARTESIAN_POINT ( 'NONE',  ( -0.05425198344035434689, 0.0001811023622047244265, 0.06889765350133858490 ) ) ;
#2625 = COLOUR_RGB ( '',0.2352941176470588203, 0.2352941176470588203, 0.2352941176470588203 ) ;
#2626 = DIRECTION ( 'NONE',  ( 0.000000000000000000, 0.000000000000000000, -1.000000000000000000 ) ) ;
#2627 = CARTESIAN_POINT ( 'NONE',  ( 0.05216533939429133376, 0.0003937007874015747977, 1.570606300002007275E-08 ) ) ;
#2628 = FACE_OUTER_BOUND ( 'NONE', #2786, .T. ) ;
#2629 = ORIENTED_EDGE ( 'NONE', *, *, #3029, .T. ) ;
#2630 = ORIENTED_EDGE ( 'NONE', *, *, #925, .T. ) ;
#2631 = CARTESIAN_POINT ( 'NONE',  ( -0.03346458186535040957, 0.03858267716535433017, -0.05118108665611859759 ) ) ;
#2632 = PLANE ( 'NONE',  #169 ) ;
#2633 = DIRECTION ( 'NONE',  ( 0.000000000000000000, 1.000000000000000000, 0.000000000000000000 ) ) ;
#2634 = ORIENTED_EDGE ( 'NONE', *, *, #309, .F. ) ;
#2635 = DIRECTION ( 'NONE',  ( -0.000000000000000000, 1.000000000000000000, 0.000000000000000000 ) ) ;
#2636 = CARTESIAN_POINT ( 'NONE',  ( 0.03541925255342667778, 0.03858267716535433711, 0.05033198443771787906 ) ) ;
#2637 = EDGE_CURVE ( 'NONE', #2937, #317, #493, .T. ) ;
#2638 = EDGE_CURVE ( 'NONE', #1382, #1526, #2530, .T. ) ;
#2639 = ORIENTED_EDGE ( 'NONE', *, *, #543, .T. ) ;
#2640 = CARTESIAN_POINT ( 'NONE',  ( 0.04724407955177165053, 0.01496062992125975037, 1.570606299575155940E-08 ) ) ;
#2641 = DIRECTION ( 'NONE',  ( 1.000000000000000000, 0.000000000000000000, 0.000000000000000000 ) ) ;
#2642 = ADVANCED_FACE ( 'NONE', ( #1484 ), #1201, .T. ) ;
#2643 = LINE ( 'NONE', #1131, #2608 ) ;
#2644 = LINE ( 'NONE', #1884, #2244 ) ;
#2645 = DIRECTION ( 'NONE',  ( -1.000000000000000000, 0.000000000000000000, 0.000000000000000000 ) ) ;
#2646 = VERTEX_POINT ( 'NONE', #1735 ) ;
#2647 = EDGE_LOOP ( 'NONE', ( #2176, #2676, #845, #1757 ) ) ;
#2648 = CARTESIAN_POINT ( 'NONE',  ( -0.04724410942460630092, 0.0003937007874015048666, -0.006141716577397655051 ) ) ;
#2649 = CARTESIAN_POINT ( 'NONE',  ( -0.03346458186554412961, 0.03858267716535551672, 0.05694673261184097363 ) ) ;
#2650 = CARTESIAN_POINT ( 'NONE',  ( 0.03346455199270867431, 0.01338582677165354486, 0.06299214169031495947 ) ) ;
#2651 = VERTEX_POINT ( 'NONE', #2442 ) ;
#2652 = VECTOR ( 'NONE', #2519, 39.37007874015748143 ) ;
#2653 = ORIENTED_EDGE ( 'NONE', *, *, #1094, .T. ) ;
#2654 = LINE ( 'NONE', #489, #1449 ) ;
#2655 = EDGE_CURVE ( 'NONE', #1544, #1985, #1751, .T. ) ;
#2656 = CARTESIAN_POINT ( 'NONE',  ( -0.02362206218051965401, 0.0007874015748031495954, -0.03161415752227952902 ) ) ;
#2657 = CARTESIAN_POINT ( 'NONE',  ( -0.01181103855847244304, 0.0003937007874015747977, -0.06397636224669291105 ) ) ;
#2658 = ADVANCED_FACE ( 'NONE', ( #1998 ), #2718, .T. ) ;
#2659 = CARTESIAN_POINT ( 'NONE',  ( -0.03346458186555956865, 0.01181102362204822231, -0.05905510240417321394 ) ) ;
#2660 = CARTESIAN_POINT ( 'NONE',  ( 0.01181100868562204829, 0.0003937007874015158171, -0.06397636224669292493 ) ) ;
#2661 = ORIENTED_EDGE ( 'NONE', *, *, #3165, .F. ) ;
#2662 = ORIENTED_EDGE ( 'NONE', *, *, #1069, .T. ) ;
#2663 = FACE_OUTER_BOUND ( 'NONE', #996, .T. ) ;
#2664 = DIRECTION ( 'NONE',  ( 0.000000000000000000, 0.000000000000000000, 1.000000000000000000 ) ) ;
#2665 = ORIENTED_EDGE ( 'NONE', *, *, #649, .T. ) ;
#2666 = VECTOR ( 'NONE', #540, 39.37007874015748143 ) ;
#2667 = UNCERTAINTY_MEASURE_WITH_UNIT (LENGTH_MEASURE( 1.000000000000000082E-05 ), #2963, 'distance_accuracy_value', 'NONE');
#2668 = LINE ( 'NONE', #946, #500 ) ;
#2669 = FACE_OUTER_BOUND ( 'NONE', #636, .T. ) ;
#2670 = PRESENTATION_STYLE_ASSIGNMENT (( #3188 ) ) ;
#2671 = VECTOR ( 'NONE', #2357, 39.37007874015748143 ) ;
#2672 = DIRECTION ( 'NONE',  ( 0.000000000000000000, 0.000000000000000000, -1.000000000000000000 ) ) ;
#2673 = EDGE_CURVE ( 'NONE', #1542, #2964, #2943, .T. ) ;
#2674 = ORIENTED_EDGE ( 'NONE', *, *, #1941, .T. ) ;
#2675 = EDGE_CURVE ( 'NONE', #2646, #207, #2687, .T. ) ;
#2676 = ORIENTED_EDGE ( 'NONE', *, *, #1760, .T. ) ;
#2677 = CARTESIAN_POINT ( 'NONE',  ( -1.493642520378008181E-08, 0.03838582677165353757, -0.03937006303409055358 ) ) ;
#2678 = PRESENTATION_STYLE_ASSIGNMENT (( #759 ) ) ;
#2679 = CARTESIAN_POINT ( 'NONE',  ( 0.02362203230767125767, 0.0007874015748031495954, -0.06889762208921260123 ) ) ;
#2680 = EDGE_LOOP ( 'NONE', ( #2951, #2337, #765, #1421 ) ) ;
#2681 = PLANE ( 'NONE',  #23 ) ;
#2682 = ORIENTED_EDGE ( 'NONE', *, *, #1230, .F. ) ;
#2683 = PRODUCT_DEFINITION_SHAPE ( 'NONE', 'NONE',  #478 ) ;
#2684 = CARTESIAN_POINT ( 'NONE',  ( -0.04724410942460633561, -4.168469228613682889E-21, -0.06397636224669292493 ) ) ;
#2685 = LINE ( 'NONE', #213, #3189 ) ;
#2686 = DIRECTION ( 'NONE',  ( 0.000000000000000000, 1.000000000000000000, -0.000000000000000000 ) ) ;
#2687 = LINE ( 'NONE', #216, #2167 ) ;
#2688 = VERTEX_POINT ( 'NONE', #511 ) ;
#2689 = FACE_BOUND ( 'NONE', #340, .T. ) ;
#2690 = EDGE_CURVE ( 'NONE', #1985, #1295, #3156, .T. ) ;
#2691 = CARTESIAN_POINT ( 'NONE',  ( -0.03346458186555905517, 0.02874015748031453002, 0.04921261413125983808 ) ) ;
#2692 = ORIENTED_EDGE ( 'NONE', *, *, #2273, .T. ) ;
#2693 = EDGE_CURVE ( 'NONE', #2208, #2474, #1949, .T. ) ;
#2694 = CARTESIAN_POINT ( 'NONE',  ( -1.493642629438502267E-08, 0.0009842519685038257551, -0.004035417364798111334 ) ) ;
#2695 = VECTOR ( 'NONE', #48, 39.37007874015748143 ) ;
#2696 = ORIENTED_EDGE ( 'NONE', *, *, #725, .T. ) ;
#2697 = DIRECTION ( 'NONE',  ( 1.000000000000000000, 0.000000000000000000, 0.000000000000000000 ) ) ;
#2698 = VECTOR ( 'NONE', #1356, 39.37007874015748143 ) ;
#2699 = DIRECTION ( 'NONE',  ( 0.000000000000000000, 0.000000000000000000, 1.000000000000000000 ) ) ;
#2700 =( GEOMETRIC_REPRESENTATION_CONTEXT ( 3 ) GLOBAL_UNCERTAINTY_ASSIGNED_CONTEXT ( ( #1713 ) ) GLOBAL_UNIT_ASSIGNED_CONTEXT ( ( #1117, #1435, #2387 ) ) REPRESENTATION_CONTEXT ( 'NONE', 'WORKASPACE' ) );
#2701 =( LENGTH_UNIT ( ) NAMED_UNIT ( * ) SI_UNIT ( $, .METRE. ) );
#2702 = DIRECTION ( 'NONE',  ( 4.336808689942014285E-16, 0.000000000000000000, 1.000000000000000000 ) ) ;
#2703 = ORIENTED_EDGE ( 'NONE', *, *, #2731, .F. ) ;
#2704 = CARTESIAN_POINT ( 'NONE',  ( -0.04724410942460630092, 0.0003937007874015748519, 1.570606299575155940E-08 ) ) ;
#2705 = CARTESIAN_POINT ( 'NONE',  ( 0.03346455199269786351, 0.02874015748031453002, 0.06102363775332533824 ) ) ;
#2706 = EDGE_CURVE ( 'NONE', #317, #1116, #1704, .T. ) ;
#2707 = ORIENTED_EDGE ( 'NONE', *, *, #832, .F. ) ;
#2708 = PLANE ( 'NONE',  #740 ) ;
#2709 = ORIENTED_EDGE ( 'NONE', *, *, #986, .T. ) ;
#2710 = VECTOR ( 'NONE', #245, 39.37007874015748143 ) ;
#2711 = ADVANCED_FACE ( 'NONE', ( #461 ), #265, .T. ) ;
#2712 = LINE ( 'NONE', #2288, #656 ) ;
#2713 = CIRCLE ( 'NONE', #1812, 0.02017716535432961464 ) ;
#2714 = LINE ( 'NONE', #1717, #1975 ) ;
#2715 = VERTEX_POINT ( 'NONE', #1262 ) ;
#2716 = CARTESIAN_POINT ( 'NONE',  ( 0.03346455199270655101, 0.02874015748031496023, 0.05118111806826771554 ) ) ;
#2717 = FACE_OUTER_BOUND ( 'NONE', #1824, .T. ) ;
#2718 = PLANE ( 'NONE',  #349 ) ;
#2719 =( NAMED_UNIT ( * ) PLANE_ANGLE_UNIT ( ) SI_UNIT ( $, .RADIAN. ) );
#2720 = VERTEX_POINT ( 'NONE', #2243 ) ;
#2721 = AXIS2_PLACEMENT_3D ( 'NONE', #168, #688, #658 ) ;
#2722 = PLANE ( 'NONE',  #2850 ) ;
#2723 = FILL_AREA_STYLE ('',( #1523 ) ) ;
#2724 = ORIENTED_EDGE ( 'NONE', *, *, #164, .F. ) ;
#2725 = CARTESIAN_POINT ( 'NONE',  ( -0.01181103855847244130, 1.250540768584104867E-20, -0.04342518114433071424 ) ) ;
#2726 = EDGE_LOOP ( 'NONE', ( #2459, #1836, #2512, #49, #13, #2612, #811, #937 ) ) ;
#2727 = LINE ( 'NONE', #51, #1858 ) ;
#2728 = AXIS2_PLACEMENT_3D ( 'NONE', #936, #2645, #2376 ) ;
#2729 = ADVANCED_FACE ( 'NONE', ( #1547 ), #574, .T. ) ;
#2730 = LINE ( 'NONE', #1797, #565 ) ;
#2731 = EDGE_CURVE ( 'NONE', #1315, #268, #2996, .T. ) ;
#2732 = ORIENTED_EDGE ( 'NONE', *, *, #203, .F. ) ;
#2733 = CARTESIAN_POINT ( 'NONE',  ( -0.03543308580256299828, 0.000000000000000000, -0.01106297641991732354 ) ) ;
#2734 = EDGE_CURVE ( 'NONE', #2016, #1439, #525, .T. ) ;
#2735 = LINE ( 'NONE', #199, #1759 ) ;
#2736 = DIRECTION ( 'NONE',  ( -9.403954806578326338E-32, -1.000000000000000000, 1.084202172485506283E-16 ) ) ;
#2737 = VERTEX_POINT ( 'NONE', #3060 ) ;
#2738 = LINE ( 'NONE', #3047, #3161 ) ;
#2739 = ORIENTED_EDGE ( 'NONE', *, *, #2809, .F. ) ;
#2740 =( BOUNDED_SURFACE ( )  B_SPLINE_SURFACE ( 3, 3, ( 
 ( #2705, #1954, #2018, #1539 ),
 ( #1006, #2478, #2, #1491 ),
 ( #2982, #529, #286, #1253 ),
 ( #2461, #2445, #3177, #775 ) ),
 .UNSPECIFIED., .F., .F., .T. ) 
 B_SPLINE_SURFACE_WITH_KNOTS ( ( 4, 4 ),
 ( 4, 4 ),
 ( 0.000000000000000000, 1.000000000000000000 ),
 ( 0.000000000000000000, 1.000000000000000000 ),
 .UNSPECIFIED. ) 
 GEOMETRIC_REPRESENTATION_ITEM ( )  RATIONAL_B_SPLINE_SURFACE ( (
 ( 1.000000000000000000, 0.8047378541240569616, 0.8047378541240569616, 1.000000000000000000),
 ( 0.8047378541243063177, 0.6476030138603926511, 0.6476030138603926511, 0.8047378541243063177),
 ( 0.8047378541243063177, 0.6476030138603926511, 0.6476030138603926511, 0.8047378541243063177),
 ( 1.000000000000000000, 0.8047378541240569616, 0.8047378541240569616, 1.000000000000000000) ) ) 
 REPRESENTATION_ITEM ( '' )  SURFACE ( )  );
#2741 = CARTESIAN_POINT ( 'NONE',  ( -1.493641733050879455E-08, 0.000000000000000000, -0.01106297641991732875 ) ) ;
#2742 = LINE ( 'NONE', #308, #3083 ) ;
#2743 = STYLED_ITEM ( 'NONE', ( #2433 ), #2309 ) ;
#2744 =( CONVERSION_BASED_UNIT ( 'INCH', #2563 ) LENGTH_UNIT ( ) NAMED_UNIT ( #1978 ) );
#2745 = VERTEX_POINT ( 'NONE', #2784 ) ;
#2746 = CARTESIAN_POINT ( 'NONE',  ( -0.01181103855847244304, 0.0003937007874015158171, -0.06397636224669292493 ) ) ;
#2747 = COLOUR_RGB ( '',1.000000000000000000, 1.000000000000000000, 0.5294117647058823595 ) ;
#2748 = ADVANCED_FACE ( 'NONE', ( #2326 ), #1582, .T. ) ;
#2749 = FILL_AREA_STYLE_COLOUR ( '', #1685 ) ;
#2750 = DIRECTION ( 'NONE',  ( 0.000000000000000000, 0.000000000000000000, -1.000000000000000000 ) ) ;
#2751 = AXIS2_PLACEMENT_3D ( 'NONE', #721, #3140, #445 ) ;
#2752 = CARTESIAN_POINT ( 'NONE',  ( -0.05216536926712600497, 0.005708661417322834566, 0.06889765350133858490 ) ) ;
#2753 = EDGE_CURVE ( 'NONE', #1526, #2041, #1850, .T. ) ;
#2754 = ORIENTED_EDGE ( 'NONE', *, *, #1721, .T. ) ;
#2755 =( GEOMETRIC_REPRESENTATION_CONTEXT ( 3 ) GLOBAL_UNCERTAINTY_ASSIGNED_CONTEXT ( ( #1464 ) ) GLOBAL_UNIT_ASSIGNED_CONTEXT ( ( #2493, #1474, #1756 ) ) REPRESENTATION_CONTEXT ( 'NONE', 'WORKASPACE' ) );
#2756 = CARTESIAN_POINT ( 'NONE',  ( -1.493642629518536954E-08, 0.001968503937007936872, 0.02795277161157874377 ) ) ;
#2757 = PLANE ( 'NONE',  #522 ) ;
#2758 = EDGE_LOOP ( 'NONE', ( #3006, #609 ) ) ;
#2759 = CARTESIAN_POINT ( 'NONE',  ( -1.493641733477730790E-08, 0.0003937007874015747977, -0.06397636224669291105 ) ) ;
#2760 = DIMENSIONAL_EXPONENTS ( 1.000000000000000000, 0.000000000000000000, 0.000000000000000000, 0.000000000000000000, 0.000000000000000000, 0.000000000000000000, 0.000000000000000000 ) ;
#2761 = ORIENTED_EDGE ( 'NONE', *, *, #1967, .T. ) ;
#2762 =( NAMED_UNIT ( * ) PLANE_ANGLE_UNIT ( ) SI_UNIT ( $, .RADIAN. ) );
#2763 = CIRCLE ( 'NONE', #2256, 0.009842519685039361269 ) ;
#2764 = ORIENTED_EDGE ( 'NONE', *, *, #846, .F. ) ;
#2765 = CARTESIAN_POINT ( 'NONE',  ( -0.03480316454272440463, 0.01159851497958661395, 0.06299214169031495947 ) ) ;
#2766 = LINE ( 'NONE', #1018, #1791 ) ;
#2767 = DIRECTION ( 'NONE',  ( -0.000000000000000000, -1.000000000000000000, -0.000000000000000000 ) ) ;
#2768 = CIRCLE ( 'NONE', #1402, 0.01181102362204329743 ) ;
#2769 = DIRECTION ( 'NONE',  ( -1.000000000000000000, -0.000000000000000000, -0.000000000000000000 ) ) ;
#2770 = ORIENTED_EDGE ( 'NONE', *, *, #1683, .F. ) ;
#2771 = DIRECTION ( 'NONE',  ( 0.000000000000000000, 0.000000000000000000, -1.000000000000000000 ) ) ;
#2772 = CARTESIAN_POINT ( 'NONE',  ( -1.493642629518536954E-08, 0.007874015748032881998, 0.02795277161157874377 ) ) ;
#2773 = EDGE_CURVE ( 'NONE', #538, #1667, #2087, .T. ) ;
#2774 = ADVANCED_FACE ( 'NONE', ( #1086 ), #3012, .T. ) ;
#2775 = VECTOR ( 'NONE', #722, 39.37007874015748143 ) ;
#2776 = VERTEX_POINT ( 'NONE', #2075 ) ;
#2777 = CARTESIAN_POINT ( 'NONE',  ( -1.493641733050879455E-08, 0.0009842519685039124912, -0.006141716577397637704 ) ) ;
#2778 = AXIS2_PLACEMENT_3D ( 'NONE', #700, #750, #1684 ) ;
#2779 = VERTEX_POINT ( 'NONE', #841 ) ;
#2780 = LINE ( 'NONE', #1013, #870 ) ;
#2781 = DIRECTION ( 'NONE',  ( -1.000000000000000000, 0.000000000000000000, 0.000000000000000000 ) ) ;
#2782 = ORIENTED_EDGE ( 'NONE', *, *, #2465, .T. ) ;
#2783 = CARTESIAN_POINT ( 'NONE',  ( -0.03346458186555905517, 0.01181102362204598626, -0.04921258271913385440 ) ) ;
#2784 = CARTESIAN_POINT ( 'NONE',  ( -0.03543308580256698814, 0.03858267716535433017, 0.04921261413125747886 ) ) ;
#2785 = DIRECTION ( 'NONE',  ( -0.000000000000000000, 1.000000000000000000, -0.000000000000000000 ) ) ;
#2786 = EDGE_LOOP ( 'NONE', ( #322, #999, #2945, #1675 ) ) ;
#2787 = PRESENTATION_STYLE_ASSIGNMENT (( #1022 ) ) ;
#2788 =( NAMED_UNIT ( * ) SI_UNIT ( $, .STERADIAN. ) SOLID_ANGLE_UNIT ( ) );
#2789 = VERTEX_POINT ( 'NONE', #1834 ) ;
#2790 = EDGE_CURVE ( 'NONE', #96, #483, #2798, .T. ) ;
#2791 = PLANE ( 'NONE',  #68 ) ;
#2792 = ORIENTED_EDGE ( 'NONE', *, *, #2290, .F. ) ;
#2793 = CARTESIAN_POINT ( 'NONE',  ( 0.04527557561477923292, 0.02874015748031452655, -0.05613132017140363278 ) ) ;
#2794 = ADVANCED_FACE ( 'NONE', ( #1784 ), #1596, .F. ) ;
#2795 = CARTESIAN_POINT ( 'NONE',  ( -0.02362206218051969217, 0.03858267716535433711, 1.570606299148304935E-08 ) ) ;
#2796 = EDGE_LOOP ( 'NONE', ( #3118, #336, #619, #328, #761, #1153, #858, #82 ) ) ;
#2797 = FACE_OUTER_BOUND ( 'NONE', #22, .T. ) ;
#2798 = LINE ( 'NONE', #314, #2120 ) ;
#2799 = AXIS2_PLACEMENT_3D ( 'NONE', #2934, #254, #739 ) ;
#2800 = CARTESIAN_POINT ( 'NONE',  ( 0.03480313466987403070, 0.01468503937007874065, -0.06102360634118109139 ) ) ;
#2801 = VERTEX_POINT ( 'NONE', #344 ) ;
#2802 =( NAMED_UNIT ( * ) PLANE_ANGLE_UNIT ( ) SI_UNIT ( $, .RADIAN. ) );
#2803 = PRESENTATION_STYLE_ASSIGNMENT (( #831 ) ) ;
#2804 = ORIENTED_EDGE ( 'NONE', *, *, #2346, .F. ) ;
#2805 = DIRECTION ( 'NONE',  ( -1.000000000000000000, 0.000000000000000000, 0.000000000000000000 ) ) ;
#2806 = CARTESIAN_POINT ( 'NONE',  ( 0.04527557561477948966, 0.03450577202388756259, -0.05613132017140379237 ) ) ;
#2807 = ORIENTED_EDGE ( 'NONE', *, *, #2992, .T. ) ;
#2808 = DIRECTION ( 'NONE',  ( 0.000000000000000000, -1.000000000000000000, 0.000000000000000000 ) ) ;
#2809 = EDGE_CURVE ( 'NONE', #3062, #668, #1350, .T. ) ;
#2810 = ORIENTED_EDGE ( 'NONE', *, *, #2773, .F. ) ;
#2811 = FACE_OUTER_BOUND ( 'NONE', #1987, .T. ) ;
#2812 = DIRECTION ( 'NONE',  ( 0.000000000000000000, 1.000000000000000000, 0.000000000000000000 ) ) ;
#2813 = CARTESIAN_POINT ( 'NONE',  ( -0.03346458186555905517, 0.01496062992126095774, 0.04921261413125983808 ) ) ;
#2814 = AXIS2_PLACEMENT_3D ( 'NONE', #1731, #2193, #195 ) ;
#2815 = ORIENTED_EDGE ( 'NONE', *, *, #2544, .F. ) ;
#2816 = DIRECTION ( 'NONE',  ( -9.403954806578326338E-32, -1.000000000000000000, 1.084202172485506283E-16 ) ) ;
#2817 = FACE_OUTER_BOUND ( 'NONE', #1855, .T. ) ;
#2818 = VECTOR ( 'NONE', #2400, 39.37007874015748143 ) ;
#2819 = ORIENTED_EDGE ( 'NONE', *, *, #2230, .T. ) ;
#2820 = LINE ( 'NONE', #2575, #539 ) ;
#2821 = LINE ( 'NONE', #2561, #2520 ) ;
#2822 = AXIS2_PLACEMENT_3D ( 'NONE', #475, #2199, #2702 ) ;
#2823 = PLANE ( 'NONE',  #904 ) ;
#2824 = DIRECTION ( 'NONE',  ( -0.000000000000000000, 1.000000000000000000, -0.000000000000000000 ) ) ;
#2825 = ORIENTED_EDGE ( 'NONE', *, *, #204, .T. ) ;
#2826 =( NAMED_UNIT ( * ) SI_UNIT ( $, .STERADIAN. ) SOLID_ANGLE_UNIT ( ) );
#2827 = EDGE_CURVE ( 'NONE', #2527, #3098, #2372, .T. ) ;
#2828 = ADVANCED_FACE ( 'NONE', ( #179 ), #2877, .F. ) ;
#2829 = PRESENTATION_STYLE_ASSIGNMENT (( #118 ) ) ;
#2830 = LINE ( 'NONE', #1102, #1176 ) ;
#2831 = ORIENTED_EDGE ( 'NONE', *, *, #111, .T. ) ;
#2832 = EDGE_CURVE ( 'NONE', #668, #193, #2102, .T. ) ;
#2833 = LENGTH_MEASURE_WITH_UNIT ( LENGTH_MEASURE( 0.02539999999999999897 ), #888 );
#2834 = CARTESIAN_POINT ( 'NONE',  ( -1.493641733477730790E-08, 0.0003937007874015747977, -0.03161415752227952902 ) ) ;
#2835 = ORIENTED_EDGE ( 'NONE', *, *, #2731, .T. ) ;
#2836 = CARTESIAN_POINT ( 'NONE',  ( -0.01574804643248819622, 0.03838582677165353757, -0.03346455122306694202 ) ) ;
#2837 = FACE_BOUND ( 'NONE', #2939, .T. ) ;
#2838 = CARTESIAN_POINT ( 'NONE',  ( 0.04119867047329967003, 0.03858267716535549591, -0.05374312443204981582 ) ) ;
#2839 = LINE ( 'NONE', #1618, #2097 ) ;
#2840 = MECHANICAL_DESIGN_GEOMETRIC_PRESENTATION_REPRESENTATION (  '', ( #1680 ), #1728 ) ;
#2841 = ORIENTED_EDGE ( 'NONE', *, *, #1848, .T. ) ;
#2842 = CYLINDRICAL_SURFACE ( 'NONE', #2876, 0.01181102362204329743 ) ;
#2843 = ADVANCED_FACE ( 'NONE', ( #1418 ), #2842, .T. ) ;
#2844 = CARTESIAN_POINT ( 'NONE',  ( -0.03346458186555905517, 0.01496062992125985272, 0.04921261413125983808 ) ) ;
#2845 = PLANE ( 'NONE',  #691 ) ;
#2846 = CARTESIAN_POINT ( 'NONE',  ( 0.01181100868562205697, 0.0003937007874015748519, 1.570606299148304935E-08 ) ) ;
#2847 = VECTOR ( 'NONE', #1309, 39.37007874015748143 ) ;
#2848 = ADVANCED_FACE ( 'NONE', ( #2589 ), #373, .T. ) ;
#2849 = ORIENTED_EDGE ( 'NONE', *, *, #1842, .T. ) ;
#2850 = AXIS2_PLACEMENT_3D ( 'NONE', #2538, #302, #2048 ) ;
#2851 = ORIENTED_EDGE ( 'NONE', *, *, #723, .F. ) ;
#2852 = CARTESIAN_POINT ( 'NONE',  ( 0.03346455199270867431, 0.01181102362204598626, 0.04921261413125983808 ) ) ;
#2853 = FACE_OUTER_BOUND ( 'NONE', #1580, .T. ) ;
#2854 = AXIS2_PLACEMENT_3D ( 'NONE', #1404, #903, #2609 ) ;
#2855 = DIRECTION ( 'NONE',  ( -0.000000000000000000, 1.000000000000000000, -0.000000000000000000 ) ) ;
#2856 = CARTESIAN_POINT ( 'NONE',  ( 0.02362203230766929049, 0.0009999102172622048763, -0.03202518114432677254 ) ) ;
#2857 = APPLICATION_PROTOCOL_DEFINITION ( 'draft international standard', 'automotive_design', 1998, #1322 ) ;
#2858 = VERTEX_POINT ( 'NONE', #2146 ) ;
#2859 = FILL_AREA_STYLE_COLOUR ( '', #760 ) ;
#2860 = FILL_AREA_STYLE_COLOUR ( '', #1509 ) ;
#2861 = DIRECTION ( 'NONE',  ( 1.000000000000000000, 0.000000000000000000, 0.000000000000000000 ) ) ;
#2862 = DIRECTION ( 'NONE',  ( 0.000000000000000000, 0.000000000000000000, 1.000000000000000000 ) ) ;
#2863 = LINE ( 'NONE', #2388, #2577 ) ;
#2864 = ORIENTED_EDGE ( 'NONE', *, *, #2673, .T. ) ;
#2865 = EDGE_LOOP ( 'NONE', ( #836, #3099, #531, #1009 ) ) ;
#2866 = AXIS2_PLACEMENT_3D ( 'NONE', #278, #1279, #2781 ) ;
#2867 = PLANE ( 'NONE',  #2067 ) ;
#2868 = VECTOR ( 'NONE', #1891, 39.37007874015748143 ) ;
#2869 = ADVANCED_FACE ( 'NONE', ( #639 ), #871, .T. ) ;
#2870 = EDGE_CURVE ( 'NONE', #47, #2586, #2073, .T. ) ;
#2871 = CARTESIAN_POINT ( 'NONE',  ( -0.03346458186554301245, 0.02874015748031453002, 0.06102363775330931633 ) ) ;
#2872 = PLANE ( 'NONE',  #436 ) ;
#2873 = CARTESIAN_POINT ( 'NONE',  ( 0.04913384333129920678, 0.0009842519685039369942, 0.06537875586354330304 ) ) ;
#2874 = ORIENTED_EDGE ( 'NONE', *, *, #2908, .F. ) ;
#2875 = PLANE ( 'NONE',  #2209 ) ;
#2876 = AXIS2_PLACEMENT_3D ( 'NONE', #165, #2812, #1130 ) ;
#2877 = PLANE ( 'NONE',  #1562 ) ;
#2878 = VECTOR ( 'NONE', #2119, 39.37007874015748143 ) ;
#2879 = DIRECTION ( 'NONE',  ( 1.000000000000000000, 0.000000000000000000, -0.000000000000000000 ) ) ;
#2880 = LINE ( 'NONE', #2627, #1736 ) ;
#2881 = DIRECTION ( 'NONE',  ( 0.000000000000000000, 1.000000000000000000, 0.000000000000000000 ) ) ;
#2882 = ORIENTED_EDGE ( 'NONE', *, *, #548, .T. ) ;
#2883 = ORIENTED_EDGE ( 'NONE', *, *, #2024, .T. ) ;
#2884 = DIRECTION ( 'NONE',  ( -1.000000000000000000, -0.000000000000000000, -0.000000000000000000 ) ) ;
#2885 = LINE ( 'NONE', #940, #1890 ) ;
#2886 = EDGE_CURVE ( 'NONE', #1203, #1407, #1091, .T. ) ;
#2887 = ORIENTED_EDGE ( 'NONE', *, *, #34, .T. ) ;
#2888 = ORIENTED_EDGE ( 'NONE', *, *, #3090, .F. ) ;
#2889 = EDGE_CURVE ( 'NONE', #1331, #1544, #1385, .T. ) ;
#2890 = CARTESIAN_POINT ( 'NONE',  ( -0.05216536926712599109, 0.01102362204724409434, -0.06889762208921258735 ) ) ;
#2891 =( NAMED_UNIT ( * ) SI_UNIT ( $, .STERADIAN. ) SOLID_ANGLE_UNIT ( ) );
#2892 = CARTESIAN_POINT ( 'NONE',  ( 0.05216533939429133376, 0.0003937007874015748519, 0.06889765350133859878 ) ) ;
#2893 = DIRECTION ( 'NONE',  ( 1.000000000000000000, -0.000000000000000000, -0.000000000000000000 ) ) ;
#2894 = ORIENTED_EDGE ( 'NONE', *, *, #2405, .F. ) ;
#2895 = ORIENTED_EDGE ( 'NONE', *, *, #1353, .T. ) ;
#2896 = CARTESIAN_POINT ( 'NONE',  ( -0.03799512357802991430, 0.03858267716535550979, -0.05694670120017288062 ) ) ;
#2897 = VECTOR ( 'NONE', #551, 39.37007874015748143 ) ;
#2898 = CARTESIAN_POINT ( 'NONE',  ( -0.04119870034615408932, 0.03858267716535550979, 0.05374315584417807545 ) ) ;
#2899 = CIRCLE ( 'NONE', #1005, 0.009842519685047224770 ) ;
#2900 = LENGTH_MEASURE_WITH_UNIT ( LENGTH_MEASURE( 0.02539999999999999897 ), #2204 );
#2901 = EDGE_LOOP ( 'NONE', ( #2066, #1573, #2128, #2276 ) ) ;
#2902 = CARTESIAN_POINT ( 'NONE',  ( -0.03346458186554903541, 0.03858267716535433017, 0.05118111806826807636 ) ) ;
#2903 = STYLED_ITEM ( 'NONE', ( #2670 ), #1668 ) ;
#2904 = ORIENTED_EDGE ( 'NONE', *, *, #305, .F. ) ;
#2905 = DIRECTION ( 'NONE',  ( 1.000000000000000000, 0.000000000000000000, -0.000000000000000000 ) ) ;
#2906 = EDGE_CURVE ( 'NONE', #1765, #387, #1880, .T. ) ;
#2907 = DIRECTION ( 'NONE',  ( -0.000000000000000000, -0.000000000000000000, -1.000000000000000000 ) ) ;
#2908 = EDGE_CURVE ( 'NONE', #873, #1959, #427, .T. ) ;
#2909 = LINE ( 'NONE', #2196, #293 ) ;
#2910 =( LENGTH_UNIT ( ) NAMED_UNIT ( * ) SI_UNIT ( $, .METRE. ) );
#2911 = CARTESIAN_POINT ( 'NONE',  ( 0.03685037876436222937, 0.03858267716535433711, 0.05322836216275590032 ) ) ;
#2912 = EDGE_LOOP ( 'NONE', ( #553, #3175, #1976, #1727 ) ) ;
#2913 = EDGE_LOOP ( 'NONE', ( #2825, #2001, #1463, #507 ) ) ;
#2914 = CARTESIAN_POINT ( 'NONE',  ( -1.493641733050879455E-08, 0.0007874015748031495954, -0.06889762208921260123 ) ) ;
#2915 = PLANE ( 'NONE',  #1206 ) ;
#2916 = CARTESIAN_POINT ( 'NONE',  ( -0.04724410942461024221, 0.01181102362204598626, 0.04921261413126125361 ) ) ;
#2917 = ORIENTED_EDGE ( 'NONE', *, *, #1760, .F. ) ;
#2918 = VECTOR ( 'NONE', #250, 39.37007874015748143 ) ;
#2919 = UNCERTAINTY_MEASURE_WITH_UNIT (LENGTH_MEASURE( 1.000000000000000082E-05 ), #2282, 'distance_accuracy_value', 'NONE');
#2920 = CARTESIAN_POINT ( 'NONE',  ( 0.05425195356751968262, 0.0003937007874015748519, 0.07165355901314961196 ) ) ;
#2921 = VECTOR ( 'NONE', #454, 39.37007874015748143 ) ;
#2922 = VERTEX_POINT ( 'NONE', #2484 ) ;
#2923 = CARTESIAN_POINT ( 'NONE',  ( -0.03346458186555904823, 0.01338582677165354486, 0.06299214169031495947 ) ) ;
#2924 = DIRECTION ( 'NONE',  ( 0.000000000000000000, 0.000000000000000000, -1.000000000000000000 ) ) ;
#2925 = PRESENTATION_LAYER_ASSIGNMENT (  '', '', ( #769 ) ) ;
#2926 = DIRECTION ( 'NONE',  ( 0.000000000000000000, 1.000000000000000000, 0.000000000000000000 ) ) ;
#2927 = EDGE_CURVE ( 'NONE', #66, #1137, #2685, .T. ) ;
#2928 = DIRECTION ( 'NONE',  ( 0.000000000000000000, 0.000000000000000000, -1.000000000000000000 ) ) ;
#2929 = VECTOR ( 'NONE', #2641, 39.37007874015748143 ) ;
#2930 = CARTESIAN_POINT ( 'NONE',  ( 0.03346455199270867431, 0.01102362204724317840, -0.04921258271913385440 ) ) ;
#2931 = SURFACE_STYLE_USAGE ( .BOTH. , #463 ) ;
#2932 = EDGE_CURVE ( 'NONE', #1524, #1100, #2453, .T. ) ;
#2933 = VERTEX_POINT ( 'NONE', #1481 ) ;
#2934 = CARTESIAN_POINT ( 'NONE',  ( -1.493642629438502267E-08, 0.001968503937007746053, 0.02795277161157874377 ) ) ;
#2935 =( LENGTH_UNIT ( ) NAMED_UNIT ( * ) SI_UNIT ( $, .METRE. ) );
#2936 = DIRECTION ( 'NONE',  ( 0.000000000000000000, 0.000000000000000000, -1.000000000000000000 ) ) ;
#2937 = VERTEX_POINT ( 'NONE', #1513 ) ;
#2938 = FACE_OUTER_BOUND ( 'NONE', #2479, .T. ) ;
#2939 = EDGE_LOOP ( 'NONE', ( #2522, #2144 ) ) ;
#2940 = DIRECTION ( 'NONE',  ( -0.000000000000000000, -0.000000000000000000, 1.000000000000000000 ) ) ;
#2941 =( NAMED_UNIT ( * ) PLANE_ANGLE_UNIT ( ) SI_UNIT ( $, .RADIAN. ) );
#2942 = FACE_OUTER_BOUND ( 'NONE', #311, .T. ) ;
#2943 = LINE ( 'NONE', #2457, #826 ) ;
#2944 = SURFACE_STYLE_FILL_AREA ( #1970 ) ;
#2945 = ORIENTED_EDGE ( 'NONE', *, *, #1742, .T. ) ;
#2946 = CARTESIAN_POINT ( 'NONE',  ( 0.04527557561475985259, 0.02874015748031460288, -0.04921258271913307031 ) ) ;
#2947 = EDGE_CURVE ( 'NONE', #416, #170, #490, .T. ) ;
#2948 = VERTEX_POINT ( 'NONE', #1245 ) ;
#2949 = CARTESIAN_POINT ( 'NONE',  ( -0.04724410942460630092, 0.0001968503937007283098, -0.06397636224669291105 ) ) ;
#2950 = CIRCLE ( 'NONE', #899, 0.01181102362204724046 ) ;
#2951 = ORIENTED_EDGE ( 'NONE', *, *, #1208, .T. ) ;
#2952 = COLOUR_RGB ( '',0.2352941176470588203, 0.2352941176470588203, 0.2352941176470588203 ) ;
#2953 = CARTESIAN_POINT ( 'NONE',  ( -0.02362206218051969217, 0.0003937007874015748519, 1.570606299575155940E-08 ) ) ;
#2954 = DIRECTION ( 'NONE',  ( 0.000000000000000000, 1.000000000000000000, 0.000000000000000000 ) ) ;
#2955 = ORIENTED_EDGE ( 'NONE', *, *, #941, .T. ) ;
#2956 = COLOUR_RGB ( '',0.2352941176470588203, 0.4705882352941176405, 0.000000000000000000 ) ;
#2957 = CARTESIAN_POINT ( 'NONE',  ( 0.03789368585098030345, 0.0003937007874015747977, -0.03161415752227953596 ) ) ;
#2958 = PLANE ( 'NONE',  #2751 ) ;
#2959 = DIRECTION ( 'NONE',  ( 1.000000000000000000, -0.000000000000000000, 0.000000000000000000 ) ) ;
#2960 = ORIENTED_EDGE ( 'NONE', *, *, #1702, .T. ) ;
#2961 = ORIENTED_EDGE ( 'NONE', *, *, #964, .F. ) ;
#2962 = DIRECTION ( 'NONE',  ( -0.000000000000000000, -0.000000000000000000, 1.000000000000000000 ) ) ;
#2963 =( CONVERSION_BASED_UNIT ( 'INCH', #742 ) LENGTH_UNIT ( ) NAMED_UNIT ( #61 ) );
#2964 = VERTEX_POINT ( 'NONE', #1699 ) ;
#2965 = EDGE_CURVE ( 'NONE', #170, #1382, #983, .T. ) ;
#2966 = EDGE_CURVE ( 'NONE', #1012, #2325, #2714, .T. ) ;
#2967 = AXIS2_PLACEMENT_3D ( 'NONE', #1671, #2879, #1161 ) ;
#2968 = DIRECTION ( 'NONE',  ( 1.000000000000000000, 0.000000000000000000, 0.000000000000000000 ) ) ;
#2969 = EDGE_LOOP ( 'NONE', ( #2634, #1080, #2298, #3015 ) ) ;
#2970 = AXIS2_PLACEMENT_3D ( 'NONE', #152, #2371, #163 ) ;
#2971 = LENGTH_MEASURE_WITH_UNIT ( LENGTH_MEASURE( 0.02539999999999999897 ), #1796 );
#2972 = EDGE_CURVE ( 'NONE', #1587, #3055, #505, .T. ) ;
#2973 = DIRECTION ( 'NONE',  ( -1.000000000000000000, 0.000000000000000000, 0.000000000000000000 ) ) ;
#2974 = VERTEX_POINT ( 'NONE', #1450 ) ;
#2975 = LINE ( 'NONE', #2733, #2666 ) ;
#2976 = SURFACE_STYLE_FILL_AREA ( #25 ) ;
#2977 = DIRECTION ( 'NONE',  ( -1.000000000000000000, -0.000000000000000000, -0.000000000000000000 ) ) ;
#2978 = CARTESIAN_POINT ( 'NONE',  ( -0.02362206218051965748, 8.336938457227365779E-21, -0.04342518114433070037 ) ) ;
#2979 = VERTEX_POINT ( 'NONE', #2656 ) ;
#2980 = VECTOR ( 'NONE', #1437, 39.37007874015748143 ) ;
#2981 = CARTESIAN_POINT ( 'NONE',  ( -0.04724410942460633561, 0.000000000000000000, -0.01106297641991732528 ) ) ;
#2982 = CARTESIAN_POINT ( 'NONE',  ( 0.03346455199270206154, 0.03858267716535550979, 0.05694673261185698165 ) ) ;
#2983 = DIRECTION ( 'NONE',  ( 0.000000000000000000, 0.000000000000000000, 1.000000000000000000 ) ) ;
#2984 = ORIENTED_EDGE ( 'NONE', *, *, #1288, .T. ) ;
#2985 = PLANE ( 'NONE',  #1997 ) ;
#2986 = DIMENSIONAL_EXPONENTS ( 1.000000000000000000, 0.000000000000000000, 0.000000000000000000, 0.000000000000000000, 0.000000000000000000, 0.000000000000000000, 0.000000000000000000 ) ;
#2987 = ADVANCED_FACE ( 'NONE', ( #3184, #734 ), #984, .T. ) ;
#2988 = VERTEX_POINT ( 'NONE', #1197 ) ;
#2989 = CARTESIAN_POINT ( 'NONE',  ( -0.04724410942460630092, 0.0009842519685039187796, -0.006141716577397655918 ) ) ;
#2990 = AXIS2_PLACEMENT_3D ( 'NONE', #319, #1321, #2122 ) ;
#2991 = SURFACE_STYLE_USAGE ( .BOTH. , #1014 ) ;
#2992 = EDGE_CURVE ( 'NONE', #2315, #440, #998, .T. ) ;
#2993 = ORIENTED_EDGE ( 'NONE', *, *, #203, .T. ) ;
#2994 = CARTESIAN_POINT ( 'NONE',  ( -0.03346458186555956865, 0.01102362204724363637, -0.05905510240417320006 ) ) ;
#2995 = CARTESIAN_POINT ( 'NONE',  ( -1.493641733477730790E-08, 0.0003937007874015747977, -0.06889762208921258735 ) ) ;
#2996 = LINE ( 'NONE', #825, #1036 ) ;
#2997 = PLANE ( 'NONE',  #1696 ) ;
#2998 = ORIENTED_EDGE ( 'NONE', *, *, #2084, .T. ) ;
#2999 = FACE_OUTER_BOUND ( 'NONE', #2494, .T. ) ;
#3000 = CARTESIAN_POINT ( 'NONE',  ( 0.04724407955177165053, 0.01338582677165354486, 0.04921261413125984502 ) ) ;
#3001 = ORIENTED_EDGE ( 'NONE', *, *, #2084, .F. ) ;
#3002 = LINE ( 'NONE', #796, #1630 ) ;
#3003 = ORIENTED_EDGE ( 'NONE', *, *, #2330, .F. ) ;
#3004 = VECTOR ( 'NONE', #1603, 39.37007874015748143 ) ;
#3005 = FILL_AREA_STYLE ('',( #70 ) ) ;
#3006 = ORIENTED_EDGE ( 'NONE', *, *, #1128, .T. ) ;
#3007 = FACE_OUTER_BOUND ( 'NONE', #1761, .T. ) ;
#3008 = VECTOR ( 'NONE', #218, 39.37007874015748143 ) ;
#3009 = EDGE_CURVE ( 'NONE', #577, #54, #965, .T. ) ;
#3010 = EDGE_CURVE ( 'NONE', #2979, #3098, #473, .T. ) ;
#3011 = DIRECTION ( 'NONE',  ( 0.000000000000000000, -1.000000000000000000, 0.000000000000000000 ) ) ;
#3012 = CYLINDRICAL_SURFACE ( 'NONE', #980, 0.009842519685039378616 ) ;
#3013 = VECTOR ( 'NONE', #919, 39.37007874015748143 ) ;
#3014 = FACE_OUTER_BOUND ( 'NONE', #2647, .T. ) ;
#3015 = ORIENTED_EDGE ( 'NONE', *, *, #2870, .F. ) ;
#3016 = LINE ( 'NONE', #2032, #2698 ) ;
#3017 = EDGE_LOOP ( 'NONE', ( #849, #1488, #1528, #2984, #1520, #3151, #1707, #2621 ) ) ;
#3018 = DIRECTION ( 'NONE',  ( 0.000000000000000000, 0.000000000000000000, 1.000000000000000000 ) ) ;
#3019 = EDGE_LOOP ( 'NONE', ( #1923, #2377, #2770, #1169 ) ) ;
#3020 =( NAMED_UNIT ( * ) SI_UNIT ( $, .STERADIAN. ) SOLID_ANGLE_UNIT ( ) );
#3021 = CARTESIAN_POINT ( 'NONE',  ( -1.493641733477730790E-08, 0.0003937007874015747977, -0.006141716577397635969 ) ) ;
#3022 = ORIENTED_EDGE ( 'NONE', *, *, #3073, .F. ) ;
#3023 = CARTESIAN_POINT ( 'NONE',  ( 0.04724407955177128277, 4.168469228613682889E-21, -0.03161415752227953596 ) ) ;
#3024 = AXIS2_PLACEMENT_3D ( 'NONE', #618, #2808, #355 ) ;
#3025 = VECTOR ( 'NONE', #2462, 39.37007874015748143 ) ;
#3026 = CARTESIAN_POINT ( 'NONE',  ( 0.03346455199270867431, 0.01496062992126040089, 0.06299214169031495947 ) ) ;
#3027 = CARTESIAN_POINT ( 'NONE',  ( -0.01181103855846457260, 0.005708661417322834566, -0.06889762208921260123 ) ) ;
#3028 = VECTOR ( 'NONE', #2125, 39.37007874015748143 ) ;
#3029 = EDGE_CURVE ( 'NONE', #724, #2383, #2730, .T. ) ;
#3030 = DIRECTION ( 'NONE',  ( 0.000000000000000000, 0.000000000000000000, -1.000000000000000000 ) ) ;
#3031 = UNCERTAINTY_MEASURE_WITH_UNIT (LENGTH_MEASURE( 1.000000000000000082E-05 ), #2143, 'distance_accuracy_value', 'NONE');
#3032 = ORIENTED_EDGE ( 'NONE', *, *, #52, .F. ) ;
#3033 = LENGTH_MEASURE_WITH_UNIT ( LENGTH_MEASURE( 0.02539999999999999897 ), #1105 );
#3034 = CARTESIAN_POINT ( 'NONE',  ( -0.03346458186555905517, 0.01181102362204661596, 0.06299214169031495947 ) ) ;
#3035 = EDGE_CURVE ( 'NONE', #1295, #922, #1065, .T. ) ;
#3036 = ORIENTED_EDGE ( 'NONE', *, *, #444, .F. ) ;
#3037 = PLANE ( 'NONE',  #1940 ) ;
#3038 =( GEOMETRIC_REPRESENTATION_CONTEXT ( 3 ) GLOBAL_UNCERTAINTY_ASSIGNED_CONTEXT ( ( #810 ) ) GLOBAL_UNIT_ASSIGNED_CONTEXT ( ( #1945, #2941, #2891 ) ) REPRESENTATION_CONTEXT ( 'NONE', 'WORKASPACE' ) );
#3039 = VERTEX_POINT ( 'NONE', #310 ) ;
#3040 = PLANE ( 'NONE',  #710 ) ;
#3041 = FILL_AREA_STYLE ('',( #1049 ) ) ;
#3042 = ORIENTED_EDGE ( 'NONE', *, *, #1803, .F. ) ;
#3043 = LINE ( 'NONE', #590, #498 ) ;
#3044 = DIRECTION ( 'NONE',  ( -1.000000000000000000, 0.000000000000000000, 0.000000000000000000 ) ) ;
#3045 = CARTESIAN_POINT ( 'NONE',  ( -0.04527560548759844428, 0.01496062992125984752, 0.04921261413125983808 ) ) ;
#3046 = EDGE_LOOP ( 'NONE', ( #279, #2463 ) ) ;
#3047 = CARTESIAN_POINT ( 'NONE',  ( -0.03346458186555661268, 0.02185039370078740301, 0.06102363775330313378 ) ) ;
#3048 = EDGE_CURVE ( 'NONE', #1479, #944, #2289, .T. ) ;
#3049 = MANIFOLD_SOLID_BREP ( 'Imported1', #1338 ) ;
#3050 = CARTESIAN_POINT ( 'NONE',  ( -0.02362206218051961584, 4.168469228613682889E-21, -0.06397636224669291105 ) ) ;
#3051 = ORIENTED_EDGE ( 'NONE', *, *, #2947, .T. ) ;
#3052 = EDGE_CURVE ( 'NONE', #2933, #1310, #1543, .T. ) ;
#3053 = PLANE ( 'NONE',  #1157 ) ;
#3054 = DIRECTION ( 'NONE',  ( 0.000000000000000000, 1.000000000000000000, 0.000000000000000000 ) ) ;
#3055 = VERTEX_POINT ( 'NONE', #822 ) ;
#3056 = DIRECTION ( 'NONE',  ( 0.000000000000000000, 0.000000000000000000, -1.000000000000000000 ) ) ;
#3057 = VERTEX_POINT ( 'NONE', #801 ) ;
#3058 = DIRECTION ( 'NONE',  ( 0.000000000000000000, 1.000000000000000000, 0.000000000000000000 ) ) ;
#3059 = AXIS2_PLACEMENT_3D ( 'NONE', #2203, #481, #1271 ) ;
#3060 = CARTESIAN_POINT ( 'NONE',  ( -0.02362206218051961584, 0.0007874015748031495954, -0.04342518114433070037 ) ) ;
#3061 = CARTESIAN_POINT ( 'NONE',  ( 0.04724407955177157420, 0.0003937007874015747977, -0.01106297641991732528 ) ) ;
#3062 = VERTEX_POINT ( 'NONE', #1817 ) ;
#3063 = DIRECTION ( 'NONE',  ( 0.000000000000000000, 1.000000000000000000, 0.000000000000000000 ) ) ;
#3064 = VECTOR ( 'NONE', #215, 39.37007874015748143 ) ;
#3065 = FACE_OUTER_BOUND ( 'NONE', #1155, .T. ) ;
#3066 = ORIENTED_EDGE ( 'NONE', *, *, #1981, .F. ) ;
#3067 = PLANE ( 'NONE',  #117 ) ;
#3068 = EDGE_CURVE ( 'NONE', #1985, #2979, #2498, .T. ) ;
#3069 = CYLINDRICAL_SURFACE ( 'NONE', #2112, 0.009842519685039378616 ) ;
#3070 = ADVANCED_FACE ( 'NONE', ( #2324 ), #1763, .T. ) ;
#3071 =( LENGTH_UNIT ( ) NAMED_UNIT ( * ) SI_UNIT ( $, .METRE. ) );
#3072 = EDGE_LOOP ( 'NONE', ( #1641, #2100, #1236, #1642, #834, #2007 ) ) ;
#3073 = EDGE_CURVE ( 'NONE', #668, #2315, #2514, .T. ) ;
#3074 = DIRECTION ( 'NONE',  ( -0.000000000000000000, 1.000000000000000000, -0.000000000000000000 ) ) ;
#3075 = AXIS2_PLACEMENT_3D ( 'NONE', #1318, #1040, #594 ) ;
#3076 =( NAMED_UNIT ( * ) SI_UNIT ( $, .STERADIAN. ) SOLID_ANGLE_UNIT ( ) );
#3077 =( GEOMETRIC_REPRESENTATION_CONTEXT ( 3 ) GLOBAL_UNCERTAINTY_ASSIGNED_CONTEXT ( ( #1304 ) ) GLOBAL_UNIT_ASSIGNED_CONTEXT ( ( #667, #100, #162 ) ) REPRESENTATION_CONTEXT ( 'NONE', 'WORKASPACE' ) );
#3078 = CARTESIAN_POINT ( 'NONE',  ( 0.02362203230766929049, 0.0003937007874015747977, -0.05616140161677165427 ) ) ;
#3079 = VECTOR ( 'NONE', #312, 39.37007874015748143 ) ;
#3080 = ORIENTED_EDGE ( 'NONE', *, *, #2080, .F. ) ;
#3081 = SURFACE_STYLE_FILL_AREA ( #429 ) ;
#3082 = LINE ( 'NONE', #2610, #1656 ) ;
#3083 = VECTOR ( 'NONE', #294, 39.37007874015748143 ) ;
#3084 = ORIENTED_EDGE ( 'NONE', *, *, #2734, .F. ) ;
#3085 = CARTESIAN_POINT ( 'NONE',  ( -0.03346458186473795504, 0.03858267716535550979, -0.05694670119969190425 ) ) ;
#3086 = CARTESIAN_POINT ( 'NONE',  ( -1.493642518670603172E-08, 0.03858267716535433711, 0.03937009444622046467 ) ) ;
#3087 = CARTESIAN_POINT ( 'NONE',  ( -0.02362206218051969217, 0.03858267716535433017, -0.03937006303409153890 ) ) ;
#3088 = VECTOR ( 'NONE', #1002, 39.37007874015748143 ) ;
#3089 = LINE ( 'NONE', #281, #642 ) ;
#3090 = EDGE_CURVE ( 'NONE', #1959, #564, #39, .T. ) ;
#3091 =( NAMED_UNIT ( * ) PLANE_ANGLE_UNIT ( ) SI_UNIT ( $, .RADIAN. ) );
#3092 = ORIENTED_EDGE ( 'NONE', *, *, #347, .T. ) ;
#3093 = CARTESIAN_POINT ( 'NONE',  ( 0.01181100868562205176, 0.0007874015748031495954, -0.04342518114433070037 ) ) ;
#3094 = EDGE_CURVE ( 'NONE', #1116, #2595, #2547, .T. ) ;
#3095 = CARTESIAN_POINT ( 'NONE',  ( -1.493642629046760117E-08, 0.0009842519685038257551, 0.05994096058795560233 ) ) ;
#3096 = FILL_AREA_STYLE ('',( #2105 ) ) ;
#3097 = FACE_OUTER_BOUND ( 'NONE', #2245, .T. ) ;
#3098 = VERTEX_POINT ( 'NONE', #2026 ) ;
#3099 = ORIENTED_EDGE ( 'NONE', *, *, #358, .F. ) ;
#3100 = DIRECTION ( 'NONE',  ( 0.000000000000000000, 0.000000000000000000, -1.000000000000000000 ) ) ;
#3101 = DIRECTION ( 'NONE',  ( -0.000000000000000000, -1.000000000000000000, 0.000000000000000000 ) ) ;
#3102 = LINE ( 'NONE', #1859, #2868 ) ;
#3103 = DIRECTION ( 'NONE',  ( 0.000000000000000000, 0.000000000000000000, -1.000000000000000000 ) ) ;
#3104 = ORIENTED_EDGE ( 'NONE', *, *, #809, .T. ) ;
#3105 = CARTESIAN_POINT ( 'NONE',  ( 0.03346455199270867431, 0.01496062992126035406, -0.06299211027818897579 ) ) ;
#3106 = DIRECTION ( 'NONE',  ( 0.000000000000000000, 0.000000000000000000, 1.000000000000000000 ) ) ;
#3107 = CARTESIAN_POINT ( 'NONE',  ( 0.04724407955177160889, 0.000000000000000000, -0.06397636224669292493 ) ) ;
#3108 = ADVANCED_FACE ( 'NONE', ( #85, #1297 ), #2274, .T. ) ;
#3109 = EDGE_CURVE ( 'NONE', #350, #2583, #1363, .T. ) ;
#3110 = CARTESIAN_POINT ( 'NONE',  ( 0.04724407955177149093, 0.0001968503937007283098, -0.06397636224669291105 ) ) ;
#3111 = CARTESIAN_POINT ( 'NONE',  ( 0.04527557561476377307, 0.01468503937007874065, 0.05118111806826771554 ) ) ;
#3112 = VECTOR ( 'NONE', #774, 39.37007874015748143 ) ;
#3113 = ORIENTED_EDGE ( 'NONE', *, *, #52, .T. ) ;
#3114 = DIRECTION ( 'NONE',  ( 0.000000000000000000, 0.000000000000000000, 1.000000000000000000 ) ) ;
#3115 = LENGTH_MEASURE_WITH_UNIT ( LENGTH_MEASURE( 0.02539999999999999897 ), #205 );
#3116 = AXIS2_PLACEMENT_3D ( 'NONE', #1925, #3163, #1443 ) ;
#3117 = CARTESIAN_POINT ( 'NONE',  ( -0.03458395217200179589, 0.03858267716535433711, 0.05116731469196839077 ) ) ;
#3118 = ORIENTED_EDGE ( 'NONE', *, *, #2827, .T. ) ;
#3119 = DIRECTION ( 'NONE',  ( 0.000000000000000000, 0.000000000000000000, -1.000000000000000000 ) ) ;
#3120 = DIRECTION ( 'NONE',  ( -1.000000000000000000, 0.000000000000000000, 0.000000000000000000 ) ) ;
#3121 = VECTOR ( 'NONE', #2785, 39.37007874015748143 ) ;
#3122 = DIRECTION ( 'NONE',  ( 1.000000000000000000, 0.000000000000000000, 0.000000000000000000 ) ) ;
#3123 = CARTESIAN_POINT ( 'NONE',  ( 0.02362203230766936682, 4.168469228613682889E-21, -0.06397636224669291105 ) ) ;
#3124 = EDGE_CURVE ( 'NONE', #2720, #350, #89, .T. ) ;
#3125 = ORIENTED_EDGE ( 'NONE', *, *, #2790, .F. ) ;
#3126 = AXIS2_PLACEMENT_3D ( 'NONE', #896, #882, #3056 ) ;
#3127 = DIRECTION ( 'NONE',  ( 0.000000000000000000, 1.000000000000000000, 0.000000000000000000 ) ) ;
#3128 = VECTOR ( 'NONE', #1815, 39.37007874015748143 ) ;
#3129 = CARTESIAN_POINT ( 'NONE',  ( -0.03461770477426479031, 0.03858267716535433017, 0.05118111806827574384 ) ) ;
#3130 = EDGE_CURVE ( 'NONE', #2922, #416, #1535, .T. ) ;
#3131 = SURFACE_STYLE_FILL_AREA ( #1152 ) ;
#3132 = ORIENTED_EDGE ( 'NONE', *, *, #2927, .F. ) ;
#3133 = DIRECTION ( 'NONE',  ( 0.000000000000000000, 0.000000000000000000, 1.000000000000000000 ) ) ;
#3134 = ORIENTED_EDGE ( 'NONE', *, *, #548, .F. ) ;
#3135 = DIRECTION ( 'NONE',  ( 0.000000000000000000, 0.000000000000000000, 1.000000000000000000 ) ) ;
#3136 = VECTOR ( 'NONE', #1334, 39.37007874015748143 ) ;
#3137 = DIRECTION ( 'NONE',  ( 0.000000000000000000, 0.000000000000000000, 1.000000000000000000 ) ) ;
#3138 = VECTOR ( 'NONE', #247, 39.37007874015748143 ) ;
#3139 = DIRECTION ( 'NONE',  ( 0.000000000000000000, 0.000000000000000000, 1.000000000000000000 ) ) ;
#3140 = DIRECTION ( 'NONE',  ( -0.000000000000000000, 1.000000000000000000, 0.000000000000000000 ) ) ;
#3141 = CARTESIAN_POINT ( 'NONE',  ( -1.493642518884029005E-08, 0.01181102362204828650, -0.05905510240417322088 ) ) ;
#3142 = VERTEX_POINT ( 'NONE', #602 ) ;
#3143 = ORIENTED_EDGE ( 'NONE', *, *, #1373, .T. ) ;
#3144 = CIRCLE ( 'NONE', #631, 0.001968503937007883529 ) ;
#3145 = CARTESIAN_POINT ( 'NONE',  ( -0.02362206218051969217, 0.0007874015748031497038, -0.03998029925456496325 ) ) ;
#3146 = SURFACE_STYLE_USAGE ( .BOTH. , #632 ) ;
#3147 = ORIENTED_EDGE ( 'NONE', *, *, #484, .T. ) ;
#3148 = EDGE_CURVE ( 'NONE', #659, #1218, #1862, .T. ) ;
#3149 =( NAMED_UNIT ( * ) PLANE_ANGLE_UNIT ( ) SI_UNIT ( $, .RADIAN. ) );
#3150 = DIRECTION ( 'NONE',  ( 1.000000000000000000, 0.000000000000000000, 0.000000000000000000 ) ) ;
#3151 = ORIENTED_EDGE ( 'NONE', *, *, #2706, .T. ) ;
#3152 = DIRECTION ( 'NONE',  ( -0.000000000000000000, 1.000000000000000000, 0.000000000000000000 ) ) ;
#3153 = CARTESIAN_POINT ( 'NONE',  ( 0.02362203230766929049, 3.334775382890946312E-20, -0.02133856697109842715 ) ) ;
#3154 = DIRECTION ( 'NONE',  ( 0.000000000000000000, 1.000000000000000000, 0.000000000000000000 ) ) ;
#3155 = LINE ( 'NONE', #968, #122 ) ;
#3156 = LINE ( 'NONE', #1233, #2427 ) ;
#3157 =( LENGTH_UNIT ( ) NAMED_UNIT ( * ) SI_UNIT ( $, .METRE. ) );
#3158 = EDGE_LOOP ( 'NONE', ( #2047, #261, #450, #2239 ) ) ;
#3159 = DIRECTION ( 'NONE',  ( -1.000000000000000000, 0.000000000000000000, 0.000000000000000000 ) ) ;
#3160 = CARTESIAN_POINT ( 'NONE',  ( 0.02362203230766929049, 0.03838188976377952810, 0.04094489759582677080 ) ) ;
#3161 = VECTOR ( 'NONE', #812, 39.37007874015748143 ) ;
#3162 = CARTESIAN_POINT ( 'NONE',  ( 0.05216533939429133376, 0.01102362204724409434, -0.06889762208921260123 ) ) ;
#3163 = DIRECTION ( 'NONE',  ( -0.000000000000000000, 1.000000000000000000, 0.000000000000000000 ) ) ;
#3164 = VECTOR ( 'NONE', #950, 39.37007874015748143 ) ;
#3165 = EDGE_CURVE ( 'NONE', #2474, #3142, #1846, .T. ) ;
#3166 = ORIENTED_EDGE ( 'NONE', *, *, #426, .F. ) ;
#3167 = CARTESIAN_POINT ( 'NONE',  ( -0.04724410942460630092, 0.0006062094298606300787, -0.06438738586874015457 ) ) ;
#3168 = VECTOR ( 'NONE', #1238, 39.37007874015748143 ) ;
#3169 = DIRECTION ( 'NONE',  ( -0.000000000000000000, 1.000000000000000000, 0.000000000000000000 ) ) ;
#3170 = EDGE_CURVE ( 'NONE', #1358, #513, #1808, .T. ) ;
#3171 = DIRECTION ( 'NONE',  ( 0.000000000000000000, 0.000000000000000000, -1.000000000000000000 ) ) ;
#3172 = CARTESIAN_POINT ( 'NONE',  ( -1.493642629470322582E-08, 0.001968503937007936872, 0.03188977948559339193 ) ) ;
#3173 = ORIENTED_EDGE ( 'NONE', *, *, #649, .F. ) ;
#3174 = STYLED_ITEM ( 'NONE', ( #2458 ), #10 ) ;
#3175 = ORIENTED_EDGE ( 'NONE', *, *, #1574, .T. ) ;
#3176 = CARTESIAN_POINT ( 'NONE',  ( 0.04330707167775590255, 0.01181102362204828650, 1.570606299575155940E-08 ) ) ;
#3177 = CARTESIAN_POINT ( 'NONE',  ( 0.03543305592973391288, 0.03858267716535433017, 0.05036573703998301760 ) ) ;
#3178 = EDGE_LOOP ( 'NONE', ( #3066, #1515, #1878, #1074 ) ) ;
#3179 = AXIS2_PLACEMENT_3D ( 'NONE', #948, #2686, #1749 ) ;
#3180 = LINE ( 'NONE', #2741, #2045 ) ;
#3181 = VECTOR ( 'NONE', #1480, 39.37007874015748143 ) ;
#3182 = ORIENTED_EDGE ( 'NONE', *, *, #2637, .T. ) ;
#3183 = DIRECTION ( 'NONE',  ( 1.000000000000000000, 0.000000000000000000, 0.000000000000000000 ) ) ;
#3184 = FACE_BOUND ( 'NONE', #2307, .T. ) ;
#3185 = VECTOR ( 'NONE', #1688, 39.37007874015748143 ) ;
#3186 = CARTESIAN_POINT ( 'NONE',  ( -0.04330710155059448729, 0.01102362204724317840, -0.04921258271913283439 ) ) ;
#3187 = EDGE_CURVE ( 'NONE', #513, #1358, #1448, .T. ) ;
#3188 = SURFACE_STYLE_USAGE ( .BOTH. , #2197 ) ;
#3189 = VECTOR ( 'NONE', #2954, 39.37007874015748143 ) ;
#3190 = DIRECTION ( 'NONE',  ( 0.000000000000000000, 0.000000000000000000, -1.000000000000000000 ) ) ;
#3191 = ORIENTED_EDGE ( 'NONE', *, *, #1163, .F. ) ;
ENDSEC;
END-ISO-10303-21;
